text,category,label_id
hoo mammokka police vesham aaha anthas,Positive,0
Oru rekshayum illa...kidilam kannu nananjupoyi,Positive,0
Ikka waiting.........,Positive,0
Raju Ettante Oro Shorttum Ijathi ppwli,Positive,0
Ettan fansil netti poya aarenkilum undo? #maduraraja#waiting #,Positive,0
Waiting to see mammukaas undaa 🤣,not-malayalam,2
Last aa chadi adi.... Uff. Frm an ettan fan,Positive,0
1 day achu 5 million views kooda varla,unknown_state,1
heavy mass,Positive,0
I a m a katta mammookka fan,unknown_state,1
Pulimurgan 2 adyam oralde thallu. Pinne same kattil ottakkulla adi.,Mixed_feelings,4
Nte ponno oru raksha Illa Ennaaa Trailer,Positive,0
Mammookka fans like adi. Love u ikka,Positive,0
Dislike adikan keri like adichath njaan mathramaano?,unknown_state,1
Enada Oru English comment kuda kanom,unknown_state,1
Oh mass o mass laletta katta waiting....Bgm,Positive,0
Ith powlichu vaariyitte pooku....,Positive,0
7.3k dislike adichavanmaarod onne parayanollu...... OMKV,Negative,3
Malayali friends lalettan padam epdi irukku,not-malayalam,2
June 16 Keralakara ilakki marikkum ikka,Positive,0
Ithu Verum unda alla Machinegun Nirachum undayulla machinegun,unknown_state,1
Padam kandu kollaam pakshe chila idangalil lag und ennu eniku thoni,Mixed_feelings,4
Ikka de carter hit aavm Maamankam ennathil oru samsyavum vndaaa,Positive,0
vaada a otta vili athu mathi .athu maathram mathi,Positive,0
Mammooka fan - kannadiga from Dubai,not-malayalam,2
Babynet oppam Shane nigam venaayirunnu Enna ithinakaal adipoliyaayirikum Shanente fans adi like,unknown_state,1
#mamangam uff ijjathi trailer oru rakshem illa poli,Positive,0
Nalla polippan school life kanam katta waiting for you Mammukka,Positive,0
Trailer kande oru pidium illatha aralum,unknown_state,1
Feeling sad am studying in punjab ivde release aakuvo,Negative,3
Polikkum mammukkante pattalam movie orth poyath njaan maatramaano..??,unknown_state,1
Tamilnadu thala fans sarpakka movie hit panna valthukal,not-malayalam,2
Padam release cheyunne annu thanne kanumanne urapullavar Like adike machanmaree,unknown_state,1
Telugu padam pole aavaathirunnal mathiyaayirunnu.fight okke ethandu athupole thanne,Mixed_feelings,4
Thirunavayile arenkilum undo Trailer like cheyan marakanda,unknown_state,1
INI aarum UNDA enna peril kaliyaakkilla.oru adaar trailer,Positive,0
movie kandathinu shesham onum kudi trailer kanan vanaver like,unknown_state,1
Mammoka fans and laletan fans Katta waiting,unknown_state,1
Eee eid ikka ang edutthu ennu paranjekk,Positive,0
Ahaa hahaha ha.... Nte ponnikkka mutheeee,Positive,0
Fan show set...arokke fan showkk pokunnu und,unknown_state,1
Pwoolich....adhya 3 manikkoor il...30k kku mukalil views....,Positive,0
Ithin dislike addikunavar lokka tholvikallayirkkum,Positive,0
Visit on link Vov yar so sad made me crying so sad omng very sad must watch Osmmmosmmmmmmmmmmmmmmmmmmmmm,not-malayalam,2
Ini nammalarenkilum chathale sarkar sradhikku ennano... ith porikkum,unknown_state,1
FDFS LOCKED LALETTAN RAJUETTAN uff ejathi,Positive,0
Feel good movie 2019 le best movie aavum ithu urappu,Positive,0
1k dislikes Ella dislike pannikalkum endhe naduviral namskaram,Negative,3
Mohan Lal Katy’s fans onnn like Chevu Chet daaaa Lal attan,unknown_state,1
2million... One day poolumaayillaaaa. Iragittt.. Great lalettaa,Positive,0
Eante ponnooo romanjam vannu poeonnum parayanilla,Positive,0
Eth oru onnonnara padam aavum enn urappullavar like adi,Positive,0
Surajettan kunjunni mash ayi abhinayichal powlikku.m,Positive,0
Pakka trailer. Rajuvettan Brilliance. Lalettante all time best character aavum.. luv u laletta,Positive,0
Raaza..u Do,unknown_state,1
Lucifer kandu. Eny Ethu. Kananam.. Ohhhh.,Positive,0
Lalettan fans full support und makkaleee......,Positive,0
Keralathinu purathu ninnulla anyaphashakar adi like,unknown_state,1
All Kerala mohanlal fans nte power onnu kanichu kodukk.....like ..,unknown_state,1
Adhikam hype venda,Negative,3
Ithu kidukkum,Positive,0
am a lalettan fan... but lalettane arum pokendaa... director prithviannuu,unknown_state,1
4.3k dislikes what a bullshit man's,not-malayalam,2
Padam 1 st day kaanum athu urappu.,Positive,0
masss effect,Positive,0
من متى أعرفك اصلا حتى انساك,not-malayalam,2
Arudeyum kaneer oppan vannadhalla njn... !! Pakshe karayikunnavarude thala njn adichu pwolikkum🤙 full on full power,Positive,0
Again Again Rajuvettan Theertha Ee vismayam kanaan vanne nokkunavarundoo...,Positive,0
Costumes Irshad khan Cherukunnuijj Poli mutheeee,Positive,0
Ithenkilum oru HIT enkilum aayaal mathi.padachone adutha PADAKKAM aavalle,Mixed_feelings,4
aaa last bhakam marana mass #mammookka,Positive,0
Happy Birthday Mammookka,not-malayalam,2
mammokka thug life mashup,unknown_state,1
Big B 2 pole und,Mixed_feelings,4
LALETTAAA MUTHEE POLICHU,Positive,0
Ee pennu evide poyaalum ithaanallo avastha..,unknown_state,1
Edhu kondu prethiraj neruthiyal Kollam,Positive,0
Ithipo kadha muzhuvan undalo ithilu ? ?,unknown_state,1
Mammotiyude look divasam kudunthorum kodi varikayannallo,Positive,0
Last black dress sredhichavar ivide like,unknown_state,1
Natural venam polum side lottu maarinikke anganullavar korach mass okke nallaatha,Negative,3
Padam pottum ennu urapulavarku evide like adikam,unknown_state,1
malayala sinimakkoru puthiya charithram pirakkatte !,Positive,0
Koora padam,Negative,3
Superb trailer I have ever seen,not-malayalam,2
3 millon views 208 k likes,not-malayalam,2
Ennalum ente Idivettu suguna ninne ithilu kandillalo,Negative,3
Which trailer you like more. 1. #Mamangam 2. #Panipat,not-malayalam,2
1.33 - 1.40 mammuka rock's 🤘...,not-malayalam,2
Oru mikacha thriling movie aavum,Positive,0
Undakku shesham mammookayude adutha natural movie,Positive,0
Jayasurya chyuna a ella characters um pwoliya... Shaji pappen,Positive,0
Mammukka ningal bharikkanam Malayalam Cinema iniyulla kalavum,Positive,0
apol ithu payyanmare padam aano rajuettan ikka onnum main ayittu ille ??,unknown_state,1
Ende ammo aa mundu madakki vechulla aa chavitt !! . laletta.,Positive,0
YouTube struck ayoooo Views 172 k Like 162k Unlike 15k Laletaaaa,unknown_state,1
K G F DUBLE,not-malayalam,2
Trailer I'll tannaayy full story uondu,Positive,0
Oru BIGB feel.... ..aiivaaaaa. Pwolichuu,Positive,0
Pinneyum pinneyum kaaaanunnavar like adi... Lalatten ishtam,Positive,0
Rajayude andhya kurbana chollan avan varunuu... #LUCIFER,unknown_state,1
Positive kittiyal pinne parayandallo.... Ettan fan aaya njan thanme kannu thalli poi bookings kandu,Positive,0
Annum ennum ennum ikka mass 🤩🥰,Positive,0
vere level trailer and bgm gopi sunder musical,Positive,0
Padam irangiyittu parayam mass ano class ano ennu?. Odiyan anubhavam kondu paranjatha,Mixed_feelings,4
PASSING OF THE CROWN 'TRAILER' 1 | KGF Malayalam | Ft. Mohanlal | Nivin Pauly,not-malayalam,2
E masathew 28 enna date nalathekakan pattuvoooo ..... pattillah allew.....wait chaiyanmm ..,Positive,0
Jelli kettinte trailer bgm pole ind,Positive,0
50 pathu pravasham kandavar adi like,unknown_state,1
E traileril ntha chekutan undo,Positive,0
any one from nov 2 2k19,not-malayalam,2
Adh suraj aanenn sound kett maathram kandpidichavar adi like..,unknown_state,1
17 k view 119 k like 12 k dislike... ??,not-malayalam,2
mallu students canada arelum? like here,unknown_state,1
kalakki Kalakki. Onnum parayan illa,Positive,0
Oru saada nalla naatin purathe kada..athre ullu...aenike ishtta pettu.,Positive,0
L U C I F E R,unknown_state,1
Lucifer kaanan povunnathinu munpu trailer kaanan vannavar aarokke,unknown_state,1
Vere level of making nd lalettan was awesome,Positive,0
raja solathu tha Saiva ....saivathu mattumtha Dolla..#ikka fans,not-malayalam,2
M A M A N G A M,unknown_state,1
Looks like 2017 malyalam movie Y And english movie Buried,not-malayalam,2
Next Week china povan irikkana njan ithu kandeche njan povathullu,Positive,0
Dislike adichavarodu pucham maathram.. Lal fansine uddeshichu maathramanennu thettidarikallu ketto🤣,unknown_state,1
peter hein nte stunt ella cinema il um ore pattern aanallo,Mixed_feelings,4
Thuvanathumbikalile jayakrishnane orma vannavar like adi,unknown_state,1
Tovino ishtam Tovino fans like adi ആൻഡ് സപ്പോർട്ട് me,unknown_state,1
Ohoo mamooka powlikum ee jati tralier making kiduwee,Positive,0
Kalabahavan shajon laleetane chathikkum athe urappa trailer kandappo manasilayii,unknown_state,1
Chicking ile freezer il poyi nokkiya mathi aale kittum,unknown_state,1
Onnum parayanilla. Vere leval movie ayirikkum,Positive,0
Cinema kand kazhinjitt trailer kanan vannavarkk ivde like adichittu pokam,unknown_state,1
Lufier trailer kandu odiyan kandavar undo,unknown_state,1
Raju ettaaaa ningal Vera level,Positive,0
Ithoru onnonnara ITEM avumenn urappullavar LIKE ADI ലാലേട്ടൻ,Positive,0
Late aayi vannalum latest aayi varuvenne,Positive,0
Woow woww wow,not-malayalam,2
Lokal poyi Madhura raja teaser kanada,Negative,3
Oru marana mass chitramaavatte laleeta lucifer,Positive,0
Kuru potti olikknna 1k poojappura fans🤣🤣🤣,Negative,3
adiyum bahalavumillathe swasthamayi kandirikkan pattunna oru nalla cinema,Positive,0
17 K views 102 K like 10K dislike,not-malayalam,2
Mohanlal prithvi fans like adik lucifer bamber hit akum,Positive,0
Jayasurya mass after long time.podi pooram,Positive,0
Mammukka ningalau muthhaaa oru rakshayilaaa kikiduuu,Positive,0
Ettante lucifer 100 cr club kadakumm enn parayunnavar like adicheee,unknown_state,1
Laalettan fans only hit likes here,unknown_state,1
Kure per dislike adich kuru pottikkunnund,Negative,3
Dislike adechath alla punnara makkalum anta veral നമസ്കാരം,Negative,3
Jagapathi Babu a Telugu fan here.,not-malayalam,2
2n part or kuch related kahani nxt hota acha lagta fans ko,not-malayalam,2
Fight dialoge bgm oru rakshayum illa,Positive,0
3 million ettanum pillerum,unknown_state,1
Ithu rajayude 3 strong Alla ettande Lucifer,Mixed_feelings,4
E padathinte making ushar aanenu thonunu.. Trailer kanditt padam kandathokem thallipoli aayirnu. But trailer pwolichu,Positive,0
Samyuktha vendayirunnu. :( Aishu pwoli ann,Negative,3
Trailer erangiyilla adhinu munpe pedich thoori dislike adikunna mammunnyolikal,Negative,3
Dislike adikunna mandanmar ariyunnilla ithu open akkiyal views nte ennam koodum ennu,Negative,3
JAI LUCIFER JAI LALETTAN JAI PRITHWI,Positive,0
Nalla punch ulla trailer mamooka Jai anusree shamna ellarkum bst of luck,Positive,0
MAMMOKKENTE ( BIG B2=BILAL )veranam ennu agraham ullavar undoo,unknown_state,1
Bro support koduthilenkilum dislike adikkathirunoode .,Negative,3
Aaa kochu edhaaa real fighter kannukalile theepori kidu,unknown_state,1
You use bots for likes and views,not-malayalam,2
swandam recordukal thanne thiruthunaa nadan pulimuruganekal odane daivame,unknown_state,1
Suraj ettan fans fans like ivide,Positive,0
Eid usharakkanam ..Ithiri late ayalum nammal polikkum. Mammukka sa,Positive,0
3 * 2 strong............... Rajuvettaaaaa u nailed it,not-malayalam,2
E padam hit akum enn urapullavar like adikan ulla sthalam🥰🥰🥰,Positive,0
ee unlike adichavark oru asukam undu enthuvanan ariyamo asooya,Negative,3
Ee trailer kandapo KGF ormavanavar adikk...,unknown_state,1
Ith oru onnonnara item aayrikkum,Positive,0
Njan mammoty fan Ann pakshe enikk ishtapettu,Positive,0
Pirates of carbien aarum kanditilananu mone ninte vicharam,Negative,3
Ravananaya avane nerkkuner illathakkan oru maha avatharam thanne vendi varum,unknown_state,1
Aa thodakathile august cinemas eenu title card varumbol olla bgm Pwoli,Positive,0
Ettan mass kanikkan thudangiyath innum innaleyumonnumalle makkale,Positive,0
japan ne kali aakan maathram nammal aayitilla suraj ettaa :/,unknown_state,1
im a katta lalettan fan....but ithu hit aaakanam..heavy,Positive,0
Katta vishayam oru rekshem illa etta fdfs,Positive,0
Dislike cheyunavanoke ethu naarikal aanenavo.... Chathude... Kidukachi trailer vanetum dislike 1.1k Kashtam preshakare...,Negative,3
Oru dubbing padathinte trailer pole. kidu,Positive,0
Myarakam ikka Hollywood direction and visuals,Positive,0
Mommookka mass entry.... By a lalettan bhakthan....,not-malayalam,2
Ini kando... Adiude Ideude Vedi pooram......🧨🧨,Positive,0
Innu trailer'um,unknown_state,1
Aa kannukal mathram mathi a character depth mansilkan laletta.....,Positive,0
Trailer Oru rakshyum illa adi poli jayettan takarkkum,Positive,0
Dislike adichavarokke ith okke kanditt engane dislike adikkaan saadhikunnu uvve,unknown_state,1
Waiting from die hard rajuvetan fan..,not-malayalam,2
Ee Padam Kolamavukayaanengil it will be because of Peter hein,Negative,3
Movide peru kandu dislike adikaan vannatha,Positive,0
Avalude name veykkunille avar lead cheyyunna film alle..,Negative,3
6000 suscribe ulladhil itt 22k suscribe414kview 91k like aaaakiyya ikka mass,unknown_state,1
Kidu bgm for ikka kidu movie super,Positive,0
MAMMOOKKAAA.... NIGHAL MUTHAANU....Nighal kola maassalla... kolaveri maasaanu.....,Positive,0
Ittimani film kandathinu shesham evide vannavar like adikku pinne replyum theru,unknown_state,1
Deleep atta padam orappu maga hit,Positive,0
ee padam 8 nilayil podannamennju prarthikunnju,Negative,3
Ikka i lv uuuuu big screen kandolan waitinggggg,Positive,0
Ee padam hit aakum ennu orappullavar enik oru 100 like taa,unknown_state,1
trailer valare cheruthayipoyi mammoottyude mukham enkilum onnu kanikkamayirunnu,Mixed_feelings,4
Ayye poraaa.... lalettan nu role ille??,Negative,3
Vineethangil adu supero super chodikanundo allea vineetheaaa,Positive,0
Fdfs vare wait cheyyan pattilla Ijjathi ittam Mamookka,Positive,0
Owf Poli......angane oru paad naal kazhinj oru Nalla cinima kanaan povnu,Positive,0
Enta ponno ikka kalakum van trailer,Positive,0
Entammo ikka powli powli ...heavy item,Positive,0
Ee trailer vachaaanooo luciferinodu muttaan varunnath,Negative,3
Odiyan 2D Animated trailer,not-malayalam,2
16 k views 55 k likes,unknown_state,1
11million aayo enn nokaan varunnavarundo ??,unknown_state,1
Ini aarkkum onnum parayaanillallooo Remember the Name: Laleettan,Positive,0
Inn ni8 full repeat adich kanan ponavar ivide like adicholu,Positive,0
Adipoliii movie..Suraj nta acting super ayiittodee....anike othiri ishtapatuuu..super movie,Positive,0
Edakku oru hollywood movie scene keri vanna pole ennikk mathramano thonniyath....?,unknown_state,1
Just 1min etra per page il und,unknown_state,1
Mudi valarthi lalettan pazhya rajashilpi look thannee 0.51 il... super,Positive,0
Moood poyi mood poyi aa sabune kandappol mood poyi,Negative,3
Dislike adicha pullanmarude mugathulla adiyavatte oro likum,Negative,3
Ekka @ madhura Raja and lalettan @ Lucifer... 2 padam iragan pokuvane...oru tight competition prethishikkunnu,unknown_state,1
:19 Ee scene theatril polikkum .... Lalettta :):>3,Positive,0
njaghalu katta waiting aanu...nov 21 aavunnillallo ennoru pbm,Positive,0
Vivek oberoi best villan powli 🤩🤩🤩,Positive,0
E trailer 5 il kooduthal kandavar like,unknown_state,1
Kalathu ezhunnettu ee trailer kanumbol oru unmesham kittunnudu,Positive,0
Trailer oru rakshayum illa 3 vattam kandu Not the point aarudeyum fan alla,Positive,0
Ambooo Roman ezunettu EPIC loading,Positive,0
Powlii powlii...last dialogue comedy anenkilu kidlm tyming,Positive,0
Oru rakshayum illa ikka ingal yendhon manusyanaaa itihasam,Positive,0
Trailernu katta wait cheythirikkunna ethra aalundu ivide,Positive,0
Kashttamund!! Paavam chinnane enthina konne??Rakshapeduthi koodarunno?Minister Rajayil chinnane pratheekshikkunnu... Chinnaraja fans adi like!!,unknown_state,1
Happy birthday day my mammookka,not-malayalam,2
oru rakshayum illlla. orappicho muruga ninte mukalilekkk oru asuravithinte idivettu entry kathninnooo 100 crore club adichaaaaaach,Positive,0
Priya kuttoos nte teaser aayinankilu eppaze million views aavateenum,unknown_state,1
Aa last nadatham kanditt best actor orma vanna arelum undo..?,unknown_state,1
Ente ichayooo.... Athre parayunnulluuu.... Ennu manasil karuthiyavar hit like here.....,unknown_state,1
Police ill minimum hight elle Aju oke police,Negative,3
500k enn paranjitt 410k ullollo real time views 🤣,unknown_state,1
Lalettane prathheeshich ithuvazhi vannavar like,unknown_state,1
Orika kanda veendum veendum kanan thonnum..,Positive,0
Stars nu pakaram Nalla cinema'ye support cheyyunavar adi like..,unknown_state,1
Haavu samadaanamaayi Editor mahesh narayanan,unknown_state,1
Dislike cheydha thendigalk releasin kaanich therum nangal endhan mamangam enn,Negative,3
EyyaLu Nthu Manushana Oru Rakshayum Ella Kidu,Positive,0
Ee nanchakottayill arudeyuum kanneeroppaan vannathalla njan..pakshe karayikunnavante okeyuum thala njan adichu polikuum!,unknown_state,1
ikkante mugham illathe thanne super mugham koode kanichenkil enthavum avastha,Positive,0
Rajuvetta ningal mass annu. Ammoo enna oru feel. Laletta,Positive,0
Uff mwonr kinnam kaachya item,Positive,0
Appo nayakan mammukka alley.....e piller aaaana,unknown_state,1
madhura rajayum usharavatte ...from a lalettan fan .,Positive,0
CHANDU vine orma vannavar ivde common,unknown_state,1
Sambavam kollam but,Mixed_feelings,4
Mamookayude padamaayalum lalettan te padamaanenkilum itoru malayalam padamaanu athorkanam nammaku Ella industrikaleyum vettichu nammade Malayalam industriye unnatangalil ethikanam,Positive,0
Njan oru a10 fan aanu but ithu kollaam...... nammade ikka poliyaanuu..... all the best......,Positive,0
Please Upload moha mundiri video song,unknown_state,1
Ee padam kand chirich pandaram adangi,Positive,0
Trailer kandappo oru karym manasilayi eni mammooka fans luciferine velluvilikkilla,Negative,3
Trailer kandapol bahubali orthavar like adi,unknown_state,1
Hvy iteam,Positive,0
212k views,unknown_state,1
Njan aashupatriyiloottu pookuvaa...ullla roomamellam roomanjichu parinju pooyi..baakki ulllathu pongithanna nikkuva..etttan maatana maaraka maasss*,Positive,0
Fight vere level teateril paper kure keerendi varum ichayoooo,Positive,0
Trailer vere level Anu makkale🤩🤩Mammookka uyir... mamangam_november 21,Positive,0
Ethilum valiya masSs eni ella Padam 100 crore loading,Positive,0
Cinima 2 aam vattam kanan paisa illanitt trailer veendum kanunnadh njn maathramano?,unknown_state,1
E padathil elllavarum und but pottiyal ellam pogum....... Appurath Yama Dan kadha verunnund madhura raajayum Ethayalum all the best,Mixed_feelings,4
mammookkayude scenes pause cheytu kandavar arokke undu,unknown_state,1
mammootty kazhinju vere oru nadan malayalathil illa karanam etavum last mammootty Anu,unknown_state,1
Pokiri Raja nte athra odulaa ee chithram eniku thonunnu....,Negative,3
Gopi sunderinte teaser bgm kaliyakkiyavarkkulla marupadi koodi,Positive,0
Eee oru movie കൊണ്ട്‌ mohanlal fan aakumennu തോനുന്നു katta waiting,Positive,0
69 years old Megastar Nammude Mammookkaa oreee poli mammookkaa,Positive,0
Releasinte aan thanne pokum ennu Urappullavar adi like,unknown_state,1
lalettan marana mass..intha movie bayangara hit adikkum...love from tamilnadu,not-malayalam,2
Oru mass political- family blockbuster hit aakatteyenn aashamsikkunnu,Positive,0
Trailor kand 8 nilayil pottum enn thonunnu mumbathe pole tholvigal vaari kootan thudangunnu,Negative,3
Vineeth sreenivasan presents,Positive,0
Unni Mukundan fans like here,not-malayalam,2
Ikkaye kanan vendi mathram fdfs urapichavar like,Positive,0
Ente ikkkaaaa kola mass YouTube hang aanu makkale,Positive,0
Gopi Sundar and ikka fan from malappuram,not-malayalam,2
Dislike myrolikalk ulla kandam Madhurayil orukkiyittund enn parayan paranju....,Negative,3
yeshu das saarinte oru song ithil pratheekshikkaavo,unknown_state,1
1 st day kazinju theatre bakki undayal mathiyayirunnu...lalettan,Positive,0
#HAPPY BIRTHDAY | SULTHAN OF MALAYALAM CINEMA | #MAMMOOKKA,not-malayalam,2
8hr 2 million viewers one name laletan ...n prithvy,not-malayalam,2
Lucifer pola nalla oru padam avatte,Positive,0
10M adikkum ennullavar aadhyam like onn adiche,unknown_state,1
Negative aayi onmilla eattn polikm,Positive,0
Njan mathram ano padam kand വന്നു veendum trailer edth noki veendum padam kanan poyathangane പോയവര്‍ അടി like,unknown_state,1
2013 drishyam 75 cr 2016 pulimurugan 150 cr 2019 Lucifer any guess??,unknown_state,1
Lastilathe punch kaanan mathram veendum vannavarundel chummathonnu njekkiyechum poike,Positive,0
Nice,not-malayalam,2
Pwlichu........... Ikkka pwlichu മാസ്സ് പടം.. ... Hollywood cut..,Positive,0
Trailer erghunathinn munbb .kanathe dislike adichavanmaar verum verum..... Feeling pucham to u all,Negative,3
Ambooo Ettan kidu acting Raju Ettan poli making,Positive,0
onnum parayan Ila...mammokka polichu.... Thakarthuu.... 🤩🤩🤩🤩,Positive,0
Suraj ettan soubin ikka enn kelkkumbo thanne oru nalla cinema yude smell adikkunnund.waiting for releasing,Positive,0
Ejjati item ettan pwolikkum all the best raju etta,Positive,0
Ohhh my god... endhokke looks aanu... onnum parayaanillaa... katta waiting lalettaa...,Positive,0
Madhuraraja teaser ethaanenkil trailer enthaayirikkum April kazhinjaal theater ok kaanumo aavo,unknown_state,1
After 1M views & 150K likes,not-malayalam,2
Sheriyaya views ano allengil youtube lalettan hang akkiyathano ennu samshyamullarkku like adikkanulla thumbu,unknown_state,1
Enthonnadei ithu pulimurugan tamil remake a🤣🤣🤣,Mixed_feelings,4
10 million ayo ennu nokkan varunnavar like adi,unknown_state,1
Thalachorilla budhiyum illatha 11k aalkkar . Ninte okke thalakku ooolamanooo,Negative,3
Ella cinimakaludeyum trailer kanunathe habits aakkiyavarundo,unknown_state,1
Trilar kanditt padam. Valiya pratheeksha illaa,Mixed_feelings,4
Wtng laletta...,Mixed_feelings,4
Looks like netflix series oru film aayi coloring Mach aavunnilla,Negative,3
ooro secondum mmakkayude entrik vendi waiting aayirunnu,Positive,0
Mammookem Pillerum Ithil Polikkum Ennu Urapullavar Like Adich Pokko,unknown_state,1
tovinok pakaram unni mukundan mathiyarunnu....,Mixed_feelings,4
Panieduthittu padikkan verunnavante kayyude thazhambumkondonnu kittiyal mathi ....Pinne joraa,unknown_state,1
Soundil kurachukoodi bass koodi undayinnel kidilan,Mixed_feelings,4
Lalettaa & Rajuettaa go ahead,not-malayalam,2
Love you mammoookhaa.... Mammookha fans hit like,not-malayalam,2
Lalettan faanan but ee trailer kidukki tto,Positive,0
Adipoli,Positive,0
Ipo 10 vattam kandu yennittum madhiyavunnilla romanjifikshan ikka,Positive,0
Padam polikunna thonnunne Soubin oru pradhibasam thanne Ambili kandit oru onnonnara fana ayi njn,Positive,0
Prathviraaj,Positive,0
Ravananaya avane NERKKUNER ILLATHAKKAN oru maha.....,unknown_state,1
Ithu polulla padam ikkanekkonde abhinayichu kanikkan pattu,Positive,0
suraaj looks like our kunjunni mash......,not-malayalam,2
Padam kidilan ane oru rakshayumilla pakshe ithpole padam englishilum umd Robot And Frank enn pere athum pwoliyane,Positive,0
Veruthayayi kashu poyi pratheeshyode arum pokaruthe,Negative,3
Super mega hit aaayirikkum mark,Positive,0
Aaaa mundum pookal shirtum vere arund ithra look,Positive,0
Trailer kidukki..film ith pole nannaya mathiyarnnu.,Positive,0
Njan maathramano comment nu like kittiyo enn veendum veendum nokkunnath,unknown_state,1
Enta ponno ithu verae level Iove u ikka,Positive,0
Uff ente ponoo wait chyan vayye ikka,unknown_state,1
Ajuvine kandale ariyam on negative role anenn pinne lift kanikkunond aval mikkavarum liftil kanum..,unknown_state,1
Korach adhikum award kude undakendi verum enn toonna suraajettante acting kanumbo,Positive,0
Njan oru mohanlaal fana Pakshe ith vallathore vishayam filim aaairikkkum,unknown_state,1
Wow..Maranamaas Trailer Gopi Sundar bgm oru rakshemilla ttaa...Hit like if u watch FDFS,Positive,0
Pulimurugam team alle athinta oru chaaya evdokkeyo ondIKKA SUPERMAN PUNCH PWLIYEE,Mixed_feelings,4
Super star rajini sir fans hit likes,not-malayalam,2
0:15 aa musicinu vendi wait cheyyuva,not-malayalam,2
Makkale onnum nokkanda ninghal vanna bakkam enna 1:54,unknown_state,1
Nayika liftil kudungunnu... Ellaarum oodi nadannu anveshikunnu....,unknown_state,1
Ith kidukkan aakum... Eagerly waiting... lub you ikkaa from eattan fan...,Positive,0
173k views and 173k likes bakki kore mammunni fans 18k,Negative,3
Mammookaye pole dailog eathu salgilum prasant cheyyan kazhiyillannu ippo eniku manasilaayi,Negative,3
Hit like if you are lalettan's fan,not-malayalam,2
Trailer kand romanjam Vanna ettan fans like adikn,Positive,0
ithu oru 5 million views aakkanam..,unknown_state,1
Mohanlal looks like as he was in jilla....,not-malayalam,2
Thrissur slang paliyenn thonnunnath enikk mathramano?,Negative,3
America atom bomb itittu thirnilaaa pinaa allee bengalikal!!,unknown_state,1
Onnum parayanilla pratheshakalkkapuram nammakku asvathikkan pattiya trailer ethra pravisham kandittum mathiyaunnilla,Positive,0
Kidu trailer. iniyulla Kali ikkayude pilleru nokkikolam triple strongode,Positive,0
Enik. Albudham sidiqane aan 1kodi bajat aayalum. 100 kodi bajatayalum sidiq athil. Kanum. Legend.,Positive,0
Lucifer trailer erangiya day million views vannapo sudappi makkal endho paranjarunnallo.ikkede trailer onnu vannottu ennu alle?ennittu bhayangara views ahnallo🤣🤣🤣,Negative,3
Padam pottum... Charithram akanamenkil marakkar varanam,Negative,3
Prithviraj. Nighal oru marana mass sambavam,Positive,0
Kerala die hard mohanlal fans like here,not-malayalam,2
Da mwone madhurajaedatreum varilla ketto .nte vaka ellarkum chukavandanam,Negative,3
Odiyan iruttinda raja Enda ethra Kali kandittulladhaan ne Odiyan odi odi odiyan,unknown_state,1
Katta waiting madura raja mammokka kidu mass,Positive,0
Tamil Nadu Mohan lal fans hit like,not-malayalam,2
Ikkakk..valla mass padavum cheythude....ithorumaathiri senti...cop,Negative,3
pora,Negative,3
Koora Trailer jattimaanii padam pottum 100percent lalappaaaaa,Negative,3
Ente ponnnuuuuuuu Lalettaaa... baaki oke kili vannit parayam,Positive,0
Cinema iragiyittum view cheyyunnavar like adi,unknown_state,1
then : kanji adukkatte manikya now : Kill that bastard sivane! :/,unknown_state,1
Prithiraje than ee pani nirthiko enthon kopile padamado,Negative,3
Chandhuvineyum pazhashiyekalum mukalil nilkan pokunna oru muthal.. chandrothe ee vellyamamma..,Positive,0
Maduraraja ikka okke trailer poora Pulimuraganil ninne kure cut eduthittiunde Villan dadygirija same Athe irutham,Mixed_feelings,4
Cinema vizag kandu... Polichu ... Super duper hit,Positive,0
Onnpodaaa challenge inne undo 1 hour 50 k likes annn madhara rajj kalikann venda,Negative,3
Poster kanditt feel good anenn karuthi kanathe vitu,Positive,0
Mammootty fans polum like adichu pokum adaru trailer,Positive,0
Lucifer onnil kooduthal thavana kandavar onnu like adikku ...,unknown_state,1
Havy havy super super kidu kidu 🤘🤘,Positive,0
Trailer oru rashilla kili poyi laletta poli anitta,Positive,0
Adhikarappeduthunna gadikaarame. Ithu gadikarangal nilakkunna nimisham. Indian cinemayude mugamudhra,Positive,0
Raja returnssss makkale....ithu marana mass padamaayirikkum,Positive,0
Oru poli polikum 21n ......pooram kanan chry abhinaya ......ang por,Positive,0
endhake paranjalu nammal malayalikalude chungukal lalettanu màmmukkayum thanneyanu laletta kkimamukka kki,Positive,0
Theriyumile,unknown_state,1
Oru BEST ACTOR feel enikk maatramaano adiche,unknown_state,1
Lalettante ittimanikk...njanga ikkayude piller vaka best of luck,Positive,0
Antony perumbavor undaya monemarayirikum dislike adikunath,unknown_state,1
Heavy trailer,Positive,0
Ente laletta onnum parayanilla ningal mass anu.. ningale pole ningale ullu,Positive,0
Police ne kuttam parayuna,Negative,3
kidu katta waiting mamamookkaaaa,Positive,0
Ittimani mass ahnn manasuman,unknown_state,1
Pls pls pls dub in hindi,not-malayalam,2
Raavanaaya avane illamdakkan oru mahaa avatharam thanne vendi varum,unknown_state,1
Enter ettaaaaaaaa ohh onnum parayaan ellaaaaa,Positive,0
trailer powli aayi.cinemayum angane thanne aavum enn pratheekshikkunnu,Positive,0
Nanmayum nanmayum thammilalla yudhamThinmayum thinmayum thammilaa yudham,unknown_state,1
7m subcribesundayittum 3.9m views 5m yethikku plz kandavar onnum kudi kaanuga,unknown_state,1
Aathirapilli pls step back plz Mammookkaa..,not-malayalam,2
Enna bodyaa mamooty iniyum oru 10 ankathinulla balyam undu.,Positive,0
Njan mathram aano sunny chechiyee kaanan vannath Sunny chechi uyir,Positive,0
Super trailer avasanathe idi super But BGM pulimurugan copy,Mixed_feelings,4
Ikkaa... nigalu mass aanu... pinnem pinnem irunna kanan thonnuvaa....,Positive,0
Neerali,Positive,0
Mammookka Nte Look Vere Level,Positive,0
Etha sherikum Puli Murugan polla udaa,Mixed_feelings,4
Dis like idunna mammuny fansukrude pratheka sradhkku.raajaye kaathu padakkathinte mahaniya shekram staginte baakil inddu sookshicha dukkkiknda,Negative,3
Muslingalk idayilum Xristhanikalk idayilum Hindukalk idayilum Ivanu ore oru pereyyllu.....raja,Positive,0
WE ARE WAITING FOR DERIC ABRAHAM,not-malayalam,2
ikka dlg delivery oru rakshayumilla ... love uuuhhhhh ikkaaaaa,Positive,0
Nice...ikka mass . All th bst #lalettan fan,Positive,0
Kerala puthya keralam ayrkum but bilal pazya bilal tahneee... ikka,unknown_state,1
Yudham Nanmayum Thinmayum thammilalla..... Thinmayum Thinmayum thammilanu..,unknown_state,1
Dislike അടിച്ചു കുരു pottikkunnavarkk kurupottalaathi kodukkapedum തള്ള് മൂപ്പൻ,Negative,3
Views 25k aayitolu.. but like 77k youtubine vattayo...,unknown_state,1
I am കട്ട waiting for ഒടിയൻ,Positive,0
Vishukk entha special enn aarelum chodichaal ad madhuraraaja aanenn paranjeer,Positive,0
Mohanlal sir masss..... I am tamilnadu fan,not-malayalam,2
Mammookka fans inu like adikkan ulla comment,unknown_state,1
Titles look like HOBBS'S AND SHAW'S FAST AND FURIOUS,not-malayalam,2
Etu lucifere polichu adukum...... Raja return daa.....,Positive,0
Ikka muthanu ...prayam koodunthorum kooduthal monjan......,Positive,0
Trailer Kandu thudangyalo 7.9M views aarunu. Kandu kazinjapo 8M aayi! 🤯,unknown_state,1
CHEKUTHANMARUDE RAJAVU LUCIFER   #romanchification,unknown_state,1
Oru 100cr koody njnga Ing aduthu #EIDMUBARAK,Positive,0
Age is just a number for ikka,not-malayalam,2
Ethu powlikkum maduraraja yum puliyum myrumonnumalla nammukke vendate immatiri items aane,Negative,3
100 o 200 crore club il keeriyillelum padam super aayal mathi naangalkk Love you Ikka Love you Laletta,Positive,0
Angane murukante karyathil Oru teerumanam ayii,unknown_state,1
Malayalathinte swandham lalettanu all kerala dulquar salman fansinte vijayasamshagal,Positive,0
Endo aa dilouge delivery endo pole..,Mixed_feelings,4
Odiyanil poya pratheeksha luciferin thannekkua ....Etta....minnichekkane .,Positive,0
Trailer 20 ill kooduthal kandavar like here,unknown_state,1
Lalletan fans ellarum like adich power kanikke,unknown_state,1
Ini aaanu kali trailer kalakki above expectations,Positive,0
2019 November I'll ith kanan vannavar undo,unknown_state,1
Tamil Nadu fans Vera level machi trailer,not-malayalam,2
tovi mwthinte mass kannnan vannavar undo....,unknown_state,1
Cinema kanditum idakku idakku keri trailer kanund,unknown_state,1
Superbly done Vyshak sir,not-malayalam,2
Lucifer Madhurarajayekkal ishtamayavar Like . Madhuraraja Luciferineikal ishtamayavar comment Nammukku nokkam aaru jayikumennu,unknown_state,1
Cinema kandit vannu trailer kanunna ethraperund evde,unknown_state,1
Marana maasss feeel trailer. Padathinum ad kittiyal polikum,Positive,0
Trailer erengunenu mumb 5.2k dislike adichavanmark ente naduviral namaskaram,Negative,3
Peru orkunnilla.. Oru english film orma vannu..,unknown_state,1
Pulimurugan pole thane und set ....onnu Matti pidikarnnu....,Mixed_feelings,4
Poojapura mohanan fans moonchi. ഇക്ക പൊളി,Negative,3
OVER HYPE KODUTH EE OOLA PADATINU VENDI TALLIYA ELLA OOMBANMARAYA LALAPPAN FANSINTE KARANAKUTTIK NOKI ONN POTTIKAN TONUNNAVAR LIKE EDUKA,Negative,3
Enna njan oru kaaryam parayatte..ee padam pottum....odiyan avashtha aavum..mark my words,Negative,3
Kandittum kandittum madhiyaavunnillallo deyvame.....Ente laletta ningal star alla oru GALAXY aanu,Positive,0
One & only mammangam ....... loading,not-malayalam,2
Njan poye kanan mammookkaye al wahdha MALL njan kandu,Positive,0
Ee like button oru thavanaye adikkaan pattu allee,Positive,0
2.7k unlike adicha pengalepanni makkalkku ente naduviral namaskaram,Negative,3
Happy birthday. ...... Mammookkaa....,not-malayalam,2
Veendum veendum kanunnavar like adii makkalae,unknown_state,1
Waiting cr film from mammukka,not-malayalam,2
Trailer oru spark aakunnilla.... But still waiting .....,Mixed_feelings,4
Ethinokke dislike adikkunnavar aan malayala cinimayuday shapam 🤦‍,Negative,3
Aha aha nalla kidilan thalavettu,unknown_state,1
vijaricha Pola allallo kidu analla,Positive,0
Mass.... kola masssss Tovino polichadukiiiii Tovino uyirr annuu.....,Positive,0
Annyaayam... *ROMANJAM* ikkaaaaaaaa.........,Positive,0
Sunny chechinte song kelkkan waiting,Positive,0
John Abraham Palakkal ....Marana Mass Mammookka,Positive,0
Adichu makkale... 10M.. Epozhm trailer kanunnavar undo??,Positive,0
within 3hrs- 212k views,Negative,3
Oru aradhakan avanayi oru katha menanju.... Aradhakan stronganekill avan double strong anu..... #prithvi#lalettan,Positive,0
Sira avan shardichu Pakshe maala kittila Ini idikkano. Venda kutta oruttam,unknown_state,1
All best mammokka Team mamangam Mammokka fans like 🤘,Positive,0
Wo Amazing.. Katta waiting.. Ikka and unni.. Super..,Positive,0
Muvattupuzha kaaaar ondo Ee padam shoot cheytat ivadaaanu,unknown_state,1
Capable actress nte nirayilekk baby mol varumennullavar,unknown_state,1
Odiyane thakarkkan kanji vilambi nadannavarkku ulla chicken biriyani...oru biriyani edukkatte chetta..,unknown_state,1
mamuka super unda will super,not-malayalam,2
Atom bomb,Negative,3
This is I needed laletta rajuvetta,not-malayalam,2
Mammokka ponnikka happy birthday love you,Positive,0
Lalettan annum innum ennum mollywood raja,Positive,0
ingeru karanam abhimanikkam oroo malayalikkum,Positive,0
I like dulqer Salman and mummooka acting,not-malayalam,2
#Kalki - #TovinoThomas look Vera Level,not-malayalam,2
Pisharadoyude padathil abinayikan kanicha a manasundaloo athanu mamooka,unknown_state,1
Aval aa kadele freezer il alle. Ithipo kadha motham ondallo trailer il.,unknown_state,1
Lucifer being 3rd most viewed Malayalam trailer aayi ... After aadu 2 and bahubali,not-malayalam,2
Ithu Tamil movie ah illa Malayalam movie ah? Mostly Tamil dialogue in Malayalam slang :P,Mixed_feelings,4
Oru rekshayum illa makkale poliiiii action scenes,Positive,0
Ith arabikkadalinte simhamalla Hippo Pottamaas.Kunjali marakkare Baahubali dressokke itt priyadarshan abhamanikkunnu.Cashing vendi charithrathe Valachodikkunnu.,Negative,3
Ittymaani trailer polichuu aarokke ittymaani fds pokunnund like adi,unknown_state,1
Meraa ghar west bungal i love mammookka,not-malayalam,2
Trailer kanditt padam hit aanenn thonnunnu,Positive,0
l like mammooty sir filim,not-malayalam,2
Nta daivamme ....Ponnu laletta ningal muthannu,Positive,0
NEERALI TRAILER 945K VIEWS . ABRAHAMINTE SANTHATHIKAL 2million VIEWD,not-malayalam,2
Adutha masterpiece aavum mammookkayude പ്രിത്വി,unknown_state,1
Vere level love you laletta... 🤩,Positive,0
Mollywood stylish aavanmenkil namude ikka tanne varanam mega star,Positive,0
simha thailvaaaaaaaa ie pravasham double strongalla triple strong raja solunathdanda seyuve seyunate mathram soluve mammmoookkaa polikkum,Positive,0
THE KING IS BACK BORN TO WIN,not-malayalam,2
Kashtapettu Unlike cheyyunnavar aaruda fans ennathinu samsayamilla iniyatra unlike adichalum avarkariyam Padam records bedikumennu,Negative,3
Last thalaiva tonum ikkante jumbum,unknown_state,1
Saleem Kumarinu old look (Pokkiri Rajayile look) aayirunnu kooduthal chercha,Mixed_feelings,4
Pakkadane pore kaliyude aattathe march 28,unknown_state,1
1:44 mammookkkkaaa Mammookkkaa Unni mugundhan okkee endhuuu,unknown_state,1
Manju..ival ithilum ondooo naasham..apo ee padavum njjn kaanunnilaa,Negative,3
Lalettan fans from Tamilnadu like here,not-malayalam,2
theriyumille..Raja seyyarthu tha solluva..sollarthu mattum tha solluva....,not-malayalam,2
Ith orumathiri thelungu padam pole undallo,Mixed_feelings,4
Oru pakshe yennum oru thavana yenkilum minimum ellaarum kaanunna trailer Ithaayirikkum ..no doubt.....,unknown_state,1
Muthaaapoooyyyyy hoooooooooo yyyyyyyyyyyyyyy odiyan loading,unknown_state,1
MEGASTAR MAMMOOTTY MAMANGAM M PADMAKUMAR MALAYALAM MOVIE,not-malayalam,2
Ndh kadippada 13k dislike adichavark.. Nallath kanda nallathenne parayanm.... Atra chorinnindanki valla mullu murikinm ker myrole,Positive,0
Luv u laletta ....katta fans undo..prithviraj fans hit like,unknown_state,1
dislike adicha 9.5 k dislikeolikalkkulla adi kodukkanulla nool,Negative,3
Kurch colour koodi poyo ennoru samshayam....,Mixed_feelings,4
Cinima hitt akumenn karutunnavar like,unknown_state,1
Video hay nhung sao lai danh nhau vay,not-malayalam,2
Charithra cinema cheyyan annum innum mammukkaye vellan oruthanum illa. Kidiloski trailer.,Positive,0
1.3 k dislike adichath eath kundamaran,unknown_state,1
ithu pwolikkum... sudaani from nigeria movie eavdokyo manasil oodi vannu...!!,Positive,0
Good luck ikka from lalattan fan,Mixed_feelings,4
T H E C O M P L E T E A C T O R,not-malayalam,2
Super ikka hbd our der mammukka,not-malayalam,2
Trailer yethra pravashyam kandenn yenikkane ariyilla,Positive,0
Sheriya eattante eathra kali namallu kandittullatha hehe,unknown_state,1
Enna lookanu ikka...... U r the best,Positive,0
Ikka ki jai powli trailer onum parayan ella super masss,Positive,0
Oru raksha yil Laleetan polichuuu rajuettan nega vare level annuuuu,Positive,0
Happy New Year LalettaCinema kanduketto..Love u,Positive,0
SaMbaVaM KiduKki FiGht Parappich Parappich ThElUng kadakkuo🤔,Mixed_feelings,4
box office nte kaaryathil oru theerumaanamaaay,Positive,0
Arenkilum oru karayam sredhicho narasimham film ile bgm puthiya rupathilakki,unknown_state,1
Tovino machanzz oru rakshayumilla waiting for kalkki,Positive,0
Robot comedy super nit fame Sooraj aanenn aarkkokke ariyam,unknown_state,1
Mamangam oru mamangamaayi thanne kondadum... great,Positive,0
That “വാടാ “ vili ettan,unknown_state,1
Mammooka here in Abudhabi trailer madura raja,not-malayalam,2
aaahaaaa negative comment aayi kure pannikal vannallllloooo,Negative,3
Dileepettante kudumba cinema kaathirikkunnavar please like,unknown_state,1
Ithu polikkum surajin kodukk oru like.,Positive,0
Vedikettu...ee vecation Lucifer kondupoyi makkale....Lalettan & Rajuettan ....,Positive,0
Chila undertaker toon aduku manakunondu sradhichu kakanaam,Mixed_feelings,4
Aha ithu pulimurugan trailer pole undallo ? Aghane thonnivar adi like !,Mixed_feelings,4
Trailer nte pokku kandattu valya pratheeksha illa.. nammade george ettans pole,Negative,3
Onnum parayanilla.. ikka ee role polichadakkum enn sure,Positive,0
dis like adikkunnavanmark ethire like adikkan button,unknown_state,1
Malayala cinemayude range enthanen ariyan erikkunathe ullu MAMANGAM,Positive,0
Poli. L,Positive,0
inn poyi padam kandu ..ufffffff oru rakshayum illa poliii,Positive,0
Cherudaaytt #thegreatfather bgm vanno ennoru doubt ( first),Mixed_feelings,4
Malayala cinemayude ..... Ore oru Rajavu #Lalettan,Positive,0
Story ere kore pidi kitti kazhinju....,Mixed_feelings,4
Mass trailer... Lalettaaaaa oru rakshayumilla. Pwolichu... Lalettan muthaanu... Prithvi sarikum njettichu. Lalettan+prithvi=Lucifer(blockbuster )... Lalettan ishtam,Positive,0
Itrayum nalla Padam ee oola channelil enthinna ittee,Negative,3
503k for madura raja teaser,not-malayalam,2
Avasanam oru superman puchu ude mamukka powlikum kude madura rajayum,Positive,0
E trailornu unlike adicha ella oolakalkum,Negative,3
Pls dub to tamil..,not-malayalam,2
Eee padam ettu nilayil moonchum,Negative,3
Trailer kand chiri vannavar ivide like adi,unknown_state,1
pulimurukan trailer ano kanunath 🤔,Mixed_feelings,4
Trailer kandal ariyam nalla oombiya padam aanunn,Negative,3
lov uuuuuuuuuu etttaaaaaaa romajam vanu chavum,Positive,0
No raksha mammokka poli ikka fans like here,unknown_state,1
Pridhviraj Sukumaran.... You are a genius...!!,not-malayalam,2
Uff uff uff ijjadi ikaaaaaaaaaaaaa ponnikkkaaaaaaaa,Positive,0
Ithrayum predisha koduthittu adutha odiyan akathirunna mathiyayirunnu🤪🤪,Mixed_feelings,4
2 million viewrs ufff mammookka,not-malayalam,2
Kgf poleyulla padam kanda feel.. kidilam,Positive,0
Tamil la dubbing panni relese pannunga,not-malayalam,2
enthu myru dailogado ikkayude ketitile athu pole para mo e.,Negative,3
Jayasurya MASS Look! And super trailer,Positive,0
Kola mass ennu thoniyavar evdea like adiku,Positive,0
Please koi bantyega movie ki release date kya hai?,not-malayalam,2
Venda kuttaa uruttaam. Ufffff,unknown_state,1
Raja 2 teaserinu shesham kaanunnnavar like,unknown_state,1
Padam kazhinju trailer veendum kandavar like adikku . Padam trailer pole alla,unknown_state,1
nivin pauli annel ithe oru onnonnara Padam ayene,Mixed_feelings,4
Nannayi onnu poliyunna lakshnm unde...Thrill maintain cheyan ayillenkil,Negative,3
27k dislike adichaaa teamsne polikkunnaver evide like adicheee......! LAL EttaN Vaaadaaa.........!!,unknown_state,1
5 million aya ennu nokkan vannvarundo,unknown_state,1
Supr trailer oru vettame like adikkan pattullu ennoru sankadam athra kidu trlr,Positive,0
Ikkha Mess aanu #mamookkha #dq,Positive,0
Super aakumennu ariyamayirunnu pakshey etu maha maha soooper....,Positive,0
i cant wait i cant wait !,not-malayalam,2
Namukkokke telugu action padam ishdamanu ithippo telung padam pole undall the best,Mixed_feelings,4
1:34 il backil nilkunath prithviraj anennu toniyath eneke matram ano,unknown_state,1
Onnum parayaanilla.....kaathirikkunnu Lucifer ney kaanaan!! Prithvirajj polichuttooo...iniyum porattey cinemakal....Muralii...ingalu muthaanu...,Positive,0
Full pulimurugan cast🤩🤩🤩ith polikm muruga nee theerneda,Positive,0
Plzz put to all tv program,not-malayalam,2
190k views 195k like poli thanne YouTube ilum tallu tudangiyiale,unknown_state,1
Ethi poy sec nokki nikkunnavar adi muthe like,unknown_state,1
#supportsajeevpillai If you are a cinema lover!,not-malayalam,2
Ikka Fans Like here And Maranamass,Positive,0
Lalettan pola dialogues parayan arakum kazhiyal agakathum ella,unknown_state,1
Njan oru Lalettan Fana Ennalum Enikk Teaser Ishtappettilla,Negative,3
17k views in 1hr 10k cmnts,not-malayalam,2
Iam from punjab.. & Iam big fan of mohanlal,not-malayalam,2
Oru rakshem illaa Lalettan Prithvi,Positive,0
rajaede pilllar strong anell ettante pillerrr strongoo strong.....,Positive,0
Mammukka kalakam super trailer rajaiuda team double strong alla trouble strong annu,Positive,0
Climax scene kandit ithinu oru second part venammenu agrahikunnavark like adikanulla coment.,unknown_state,1
Eee Traileril tovinoya kondaapol ...rahul gandiya ormma vannavar evida like adi,unknown_state,1
Superb trailer I have ever seen.,not-malayalam,2
Thirakku kettan sunny chechiyokkeee venam lee.,unknown_state,1
Banal trash. Panavum nashtam samayavum nashtam.,Negative,3
Sunny chechide dance kaanan wait cheyyunnaver like adi ...ahaa,unknown_state,1
Dislike adichavarode enik parayanullathe ikka uryir,Negative,3
Ente ponno rajuvetta namichu lalettan is back,Positive,0
22k views ennanallo kanikkunne? but 140k olam likes und? athentha angane?🤔,unknown_state,1
E adaaar item adaaar item ennu paranchal entha ennu eppalla manasilayathu,Positive,0
super super super bumber mega hit .....,not-malayalam,2
poraa pratheeksha illa.. Tovi voice rendering sradhichitilla..... camera,Negative,3
Lalettan fans ::::: like adiiiii .....,unknown_state,1
Mammokka superb... glamour... but trailor nirashapeduthi...,Mixed_feelings,4
trailar mas padam marana mas rajayum pillarum kali thudagi pakalam,Positive,0
Ikka,Positive,0
Stephene kaanan nale aarokke varunnundee,unknown_state,1
Diriection mosamanu ennoru thonnal.. oru feel varunnilla,Negative,3
Love from tamilnadu Mohanlal evergreen star,not-malayalam,2
Ente ponnoo ejjathi Ithu malayalathinte oreoru mamangam,Positive,0
LALETTAN FAN . WAITING FOR MAMMOOKKA'S 200 CRORE _MAMAANKAM,not-malayalam,2
Pottum aenne urappayi .... Inne aethra nilayil pottum aennum koodi nokkiya mathi....,Negative,3
Vishakinte page allade vere onnum kityille subcribe cheyyann...38 k ane adil agge illed...minimum 500 k..vews ille subcribr kitenamayirunnu....,Negative,3
Duper hit aavatte Mammookka,Positive,0
Dislike adikkunnavan mar kandoooo Lalettan puthiya adar item................,Positive,0
Romancham vanna trailer... and ...lalettante..Vaadaa...!!.... ith pwolikkum.....,Positive,0
Ethra kandalum veendum kanan thonunna trailer.,Positive,0
Ente ponnu...kiduve...🥰🥰🥰🥰🥰🥰🥰🥰🥰🥰🥰🥰🥰🥰🥰🥰 Ikkkkaaaa Kidu.bgm🥰🥰🥰,Positive,0
E movie full kittaan valla vaziyum ndo...,unknown_state,1
Oompitharam alle mr. Producer.,Negative,3
Face of Indian cinema ikka,unknown_state,1
Idivattu sugunan avedaaa Suraj Undo vyshak sir,unknown_state,1
Happy Birthday Ikkaa....,not-malayalam,2
Best of luck ikka,not-malayalam,2
Once a king always the king mamookaa,not-malayalam,2
Wow katta maas movie.... ....waiting,Positive,0
ikkade unda entha maati veche release?,unknown_state,1
Oru rakashayum ella Ikka polichu,Positive,0
Teluguvilum tamililum dub cheyth irakando athine Patti news onnum ketillalo,unknown_state,1
Lucifer ...Rajuvettan malayalcinemakku nalkan pokunna ponthuval .....Lalettann awaiting ....For your devil lucifer,Positive,0
16k view 85k like.. 8.5k dis like,not-malayalam,2
DERICK ABRAHAM IN SWAG HU!!,not-malayalam,2
Lokathilie ettavum mikacha nadan,Positive,0
2300 dislikes trailer kanathe oohikalloo arokeyayirikumennu,Negative,3
00:42 njangade Grand center Mall muvattupuzha,unknown_state,1
Terror bgm theater ilakki marikkunna item aanenn oru soochana iam waiting,Positive,0
Poli oru rakshayum illa... dileep ettan...,Positive,0
Ethu 18 alla ethu athukum mele Ulla PADI Anu,Positive,0
Next Odiyan akuo en oru doubt 🤔🤔,Mixed_feelings,4
16 K views.71 K like . Wonderful,not-malayalam,2
Annum inum ee manilla natturajavuu lalettan matram ettan ishtam,Positive,0
Super movie lalettan oru rakshella,Positive,0
Cinema kandittu vanna njan matrm aaano,unknown_state,1
PazhKkam koodubol veeryam koodunna veenanu ikka,Positive,0
romanjification love you laletta ithu pwolikkum,Positive,0
Nte laletta Idikatta waiting aaa..... Ummah. Theatre pooraparambha urappaa,Positive,0
Pokkirirajaykk murukanil undaya pole oru chayakachal enthayalum kollam,Mixed_feelings,4
Camera chaithirikkunnathu nalla pakka pakka... Nalla dop.... Orupadishtay,Positive,0
Dislike adichirikanadu lalappan tenddikalairikum kolani valangal fuuu,Negative,3
Ikka fan alla ennalum ith ikkade etavum valiya blockbuster avate Ennan agraham,Positive,0
Trailor ok ...kozapilla enni movie kandal ariyam,Mixed_feelings,4
Mammmokhaaa 69 vayyas ayye annetum look entaa ponooo,Positive,0
cinema virodhikal dislike aayittu ethiyalo.. nthado nannaavaathe.. ikkayeyum ettaneyum verukaan ngane pattunnu keedangale..??,Positive,0
Ithilum nallath pulimurugan trailer onnoode kanunnath aayirunnu,Negative,3
Lalettnje engne kanan agrahichu ath angne namnal kandu,Positive,0
Dislike alla lappantta makkalum anta nadu veral നമസ്കാരം,Negative,3
1.01 prithviraj anenn manasilayavar like adik,unknown_state,1
Support cheyyan Lalettan fans undoo ivide ??,unknown_state,1
Fight scene kandupidikan Peter hein vallandu bhudhimuteenu thonunu pulimurugan poleye illa,unknown_state,1
Enatammo pwoli itemm marana mass trailer,Positive,0
Eth kandappooll prithvi rajinee ormavannavar like adiii,unknown_state,1
FDFS locked ഒറ്റ പേര് Megastar Mamookka,Positive,0
Inganathe oru padathin vendi aayirunnu kaathiripp...avanteyokke.. friendshipum..romanceum...chaliyum..masalayum.. kand maduth,Positive,0
Lalettan massaaa verum Mass Alla kolamass lalettan ki jaiiii,Positive,0
Ethra Alinja oru padam Mr mammotty nirthi poekode do🤬🤬🤬🤬🤬🤬🤬🤬🤬🤬🤬🤬🤬🤬🤬🤬🤬🤬🤬🤬🤬🤬🤬🤬🤬🤬🤬🤬,Negative,3
Mohanlal fans hit like in telugu,not-malayalam,2
triler kanathe dislike cheyyunnavarkk ente prenamam yogikunnavar like,unknown_state,1
Polichu trailer by suriya fan padam polikum,Positive,0
International schoolil padikkunnavar dha ivide unnu amarthikke,unknown_state,1
kashtepettu kura dislike..nganatha ora teams.... dislike adikana fansinte padam nala padamanena paranjitole...nganatha ora matavanmaree...kashtammm,unknown_state,1
Telugu padathinte remake vallom aano ??,unknown_state,1
Oru reksham ella masss atra parayan epol patuuuuuuu laletan polychu,Positive,0
Mammooty fans adi oru adipoli like,unknown_state,1
1:35 aa purakil nikkunnath prithviraj aano,unknown_state,1
28 enna divasathinayi wait cheythu irikkunavar like adicho,unknown_state,1
Trailer kaanikan udheshichavar padam full kaanichu ithilude...best,Mixed_feelings,4
Super trailer avasanam guhan vannnu orginality kalanju,Mixed_feelings,4
Ooh!! Mass ennoke paranjal para masss... Lalettan kiii,Positive,0
dhe ithayrunnu njangalkku vendathu <3 rajuvetta thank you so much <3 lalettan <3,Positive,0
Comments full like thendikal aanello. 🤮,unknown_state,1
Pulimurugane vellenna fight scene undann thonnunnavar like,unknown_state,1
Trailer Iranghum munbe lalappans Dislike Adikkunnath Kando . Ithil ninnum Manassilakkam Rajaye Lalappans Pedikkunnu Ennu🤣🤣,Negative,3
All The Best from unni mukudan fans,not-malayalam,2
Nalla oru survival movie avum enn pratheekshikunnu,Positive,0
Enta ponoooo enna lookaaaaa,Positive,0
Lucifer fdfs urappichavar like adi,unknown_state,1
E Padam Hit avunnu e Trailer kandittu thonnunna #LalettanFans Hit #LIKE #SpikerzTraveller,Positive,0
O D I Y A N,unknown_state,1
Kandittu malayala cinimak nalloru savidayakan koodi kittum ennoru thonal,Positive,0
Njan kandukondee irikunnu... vendum vendum.. vere aarenkilm undo ennae pole....,Positive,0
Vineeth ettante film aayathukondu super aayirikum urappaaa,Positive,0
Ini releasine vendi katta waiting 🤩,Positive,0
Ettante katta fans oke Onnu like adiche,unknown_state,1
Aadhyam lalettante kude Lucifer...Ippo mammukayude koode ith....Rajuvettaaa,Positive,0
:36 second kanikkunnathu sunny wayne aano,unknown_state,1
Padathil animation undenn paranjappo ethreem karutheela Ikka super,Positive,0
Time :03 am....ethu kanditteee urangan pogunullu.....nale Kanan bakki vachillaa ennu thannee kanannm.... waiting to see #lal,Positive,0
Kolakkollliiii trailer kand njettiyavr aarund,Positive,0
EE oonam ETT!M@! KONDUPOOKUM THERRCHA.....,Positive,0
Whish you happy birthday mammookka. .,not-malayalam,2
ikka ningal enthina ingane njangale romanjam kollikane🤗,Positive,0
Ith original allallo . Eee dialoge pand lalettan oru nadakathil paranjathalle,unknown_state,1
Ettan kurch koode perfect akum enn vicharikunu by H,Mixed_feelings,4
Sunny Chechi pwoli... Ikka Al Pwoli ennu thonniyavar adi like and visit,unknown_state,1
Ettan fans like adiii..,unknown_state,1
ee pulli great father inte grand father aaayi varum....kolakolli item,Positive,0
Madhura raja kurach adikam viyarkum ... Thayoli fans inu dislike adikane pattu...,Negative,3
Oh enthoot kidu trailer laletta.. kidu mass!! Love u.. and welldone Prithviraj!,Positive,0
Good morning 4 am still no sleep,not-malayalam,2
prithiraj fans+tovino fans=lucifer raja ....ivan ottaka vanee MONSTER..,unknown_state,1
channel aaanu ishtapettal subscribe cheyyumo plz,unknown_state,1
Mohanlaline pandu kaliyakiyanna parayunna tovino tanne lalumayi,unknown_state,1
THIS IS GOING TO BE AN EPIC MOVIE FOR SURE,not-malayalam,2
Mavoist inte appane vare kollum nammade ikka #LIKE BUTTON ADICHU PWOLIK IKKAK VENDI,unknown_state,1
angane youtube pani thannu...aaro manapoorvam paninjatha...,unknown_state,1
Ee christmasile oru mass entertainer aavum ee film....,Positive,0
paandi raaja .Annan thanbi.pandi padam nirthi Lucifer movie pole maaran sramik,Negative,3
Trailer ndoke erakiyalum lalettante record thakarkan lalettanu matre pattu,Positive,0
Laletta ingal vere leval annu Waiting #L,Positive,0
NOV 21 MAranamass Pwolii FDFS Locked,Positive,0
Lusifer na kadathi vettanan lokath eni oru ankutti illa ini undakanum pokunilla,unknown_state,1
Shooooo....9 manikku kaanan thodangiyadhaa....12:30 aayi....ethra vattam kandu ennadhinum kanakkilaa....nirthaan pattunilalo.....oru katta Mohanlal prithviraj aaradhakande rodhanam!!,Positive,0
ethra like & view aayi ennu nokkan vannvarkk like aanulla stalam..,unknown_state,1
Ee Easter um Vishum njangal angu eduthu..,Positive,0
Super waiting Ikka fans like idh Madhura Raja daaaa,Positive,0
Raj yeta thagarthuve movie super dooper hit adichi polikam even in tamil nadu ithu nambalda movie ah hit akam,Positive,0
Laletttaaaa heavy padam industrial hit definite,Positive,0
Variety laletta,Positive,0
Ith powlikkutttaaaa...... Mavoyist alla avnta appan vannalum nammal odikkum,Positive,0
2million views 223k likes Breaking all records Lalettan&rajuettan,not-malayalam,2
katta waiting ..from a katta ettan fan,Positive,0
Komban misha avasan senti Aaaa ha anthas,Mixed_feelings,4
Sadharana ithu polulla fast food chains il undavunna freezer il akapettu kidakkuvannu Helen ennu enikku mathrem anno thoniyae🤔,unknown_state,1
Kattakk wait cheyyunnavarkk like adikkan ulla stalam.. 🤩,unknown_state,1
Onnum parayanila. ..nte ponno ...katta waiting March 28,Positive,0
Nale odiyan kanan pokunnavar like adi makkale,unknown_state,1
Ee Aduth Kandathil Veach.... Kidilan Trailer.... Ikka....Padam Pwolikum,Positive,0
ALL KERALA THALAPATHY BLOODS WISHES MOHAN LAL,unknown_state,1
t e r r i f i c,not-malayalam,2
Mammukkante introkku വേണ്ടി wait cheidhavar like adiii,unknown_state,1
Trailerinu katta waiting ayi nikkunnavar like adikku,unknown_state,1
Njan madhuraraja kanan poyi But anikku Chinnaum policeinte makalum marichathu Boreayi poyi Otherways it's awesome,Mixed_feelings,4
Trailer veedum veedum kanunavare njn mathramoo??,Positive,0
Padam mosham akanamennu agrahichittavum padam trailer eraghum mumbe,Negative,3
Dislike adichavarkk ente vaka naduviral namskaaram,Negative,3
Ambo... marakam ikka polichu by katta lalettan fan,Positive,0
Dislike adichavar mamooty fans ayatinal onnum parayanilla. Raja 3 strong adaaa. Ijjati mammunniss,Negative,3
Suraj Chetan kunjunni maashinte athe cut und.....valare nalla character chetaa,Positive,0
Ee padathinte Peru pole thannavum mikkavaarum padathinte avastha,Negative,3
Ith oru onnonnara film aanennu ente manass parayunnu,Positive,0
17k viewers,not-malayalam,2
Ente rajuettaa ningl oru jinn aanu,Positive,0
Any tamil fans hit like here,not-malayalam,2
Sorry Trailer veendum veendum kandukondirikunnathkaranam Comments\r vazhikkan pattiyittilla Mammookka polikkum,Positive,0
Trailer TRIPLE STRONG akumenu orapullavar like adik,Positive,0
Lalettan is superb.......Love from Sri Lanka.,not-malayalam,2
Kanda chaavali raja pole alla... kidilan,Negative,3
Tamilnadu jayamravi fans ellavarum. Mammooty sir k support pannunko.. Madauraraja..,not-malayalam,2
Annalum sunny chechiye randu shotl othukkiyallo.. kashtam tanne muthalali,Negative,3
Trailer varunathinu mumbu Dislike adichavarku enta vaga,Negative,3
I'm waiting for the kunjali marikkar,not-malayalam,2
Heroine aaa Hani jadakkku pakaram vere vallo penpillerum mathiyarunnu,Mixed_feelings,4
Oru rekshayum illa trailer laletta ingal oru maha sambhavaato,Positive,0
Supper Mamooka Mamooka Pakaram Mamooka Mathram,Positive,0
Lucifer പോലെ Oru മരണമാസ്സ് Trailer.Mammokka kidukki . Trailer Eshttapettavar evide Like അടി മക്കളെ,Positive,0
172k view 172k likes.....Evil To Evil....,not-malayalam,2
trailer cristiano ronaldo version... Nice edit,not-malayalam,2
Trailer pwolliiii Eni padam koodi set ayaaa,Positive,0
Madhura Raja vs Lucifer ...Athayath Mammokka Vs Lalettan...Aaru Jaikum...Njan Lalettan Side!!,unknown_state,1
padmakumarate chathikaruthu odiyanpole aavalle padkumaaratte ikkaaa chathikalle filmum ithupoleaavanam,Mixed_feelings,4
Lalettan fans from karnataka . Press the like button,not-malayalam,2
9:55 am ge odeya teaser link . set remander,not-malayalam,2
Usmanee.... Mmmuk eenthapaya kachavadam matti bala kachavadam tudangam.. Evdoo kettapole 🤣,Negative,3
Still trending #1 on 4 days,not-malayalam,2
Padathinte peru sheriyalla yenth unda oru veraity vende perinu.,Negative,3
arum Sunny Leone kandit ille traileril ?,unknown_state,1
Mammukka swag... bgm is flauless.,not-malayalam,2
Hvy bgm.... Hvy trailer....... Hvy massssssssss...... Ikkaaaaaaaaaa polikkumm.... Romanjam kond irikan vayya.... Ikka inga polikkum,Positive,0
Vineeth aano Vivek oberoi dubbing.,unknown_state,1
Mammooka polikum asifikka yude oru guast roll ഉണ്ട് athinum katta waiting,Positive,0
Views nokkaaan edakk edakk vannu nokkunavar like,unknown_state,1
Ithil polikkan pokunneth aah pillera50 more newcomers aahaa,Positive,0
Age on reverse gear enety ikka,not-malayalam,2
100cr club keriyathinu sesham trailer kandavar undo,Positive,0
Vysakhinte direction aayath kondaanenn thonnunnu...raajayk oru pulimurugan touch,Mixed_feelings,4
Dislike adicha....... Kal poyi 1080 p itte kaanada naayikkale,Negative,3
Enthonn trailer urakkam varunnu ellaarum nalla kidilam ennu paranju kandu nokkiyadhaa oru rasavumill A maalapadakkam,Negative,3
Mohan lal alla odiyan ennariyavunna eathra pear und?,unknown_state,1
Dialogue presentation valare mosham padam moonjaali markkaar akumo,Negative,3
X mas en oru pooram aha,Positive,0
Kujaali Marakaar eghanaa shaheedhayad enn arrkenkhilum ariyoooooo,unknown_state,1
Cinema kandit vann trailer kanunavar aaroke,unknown_state,1
Super mammoookkkaaa... .... Oru lalettan bhakthan..,Positive,0
Mammooka nammale ellavarem pattikuka aan...ingerk praayam 68 onnum alla,unknown_state,1
Loocheeperinte kalem ethi mekkale ellarun meri nikk,Negative,3
Ee padam kandu goosebumbs vannavar ethra per --Like,unknown_state,1
Ini varan ullath avana SUGUNAN 🤩,unknown_state,1
No way man ikkaaaa next hit,Positive,0
vijay sethupathi rajinikanthinte villanayapole tovino thomas lallettante villanavumo,unknown_state,1
Waiting .. Katta waiting.... Mammooka love you Ikka istham,Positive,0
Adichu polikeda aa like button #Lalbakthan,unknown_state,1
Adaaar item Lalettan and Prithuvi.,Positive,0
6k dislikes.. Guhan fans Karanju Mezhukal aanallo,Negative,3
Mamooka ningal vismayipichu kontirikaanu ee prayathilum,Positive,0
Pwolichu Bgm Vere Level Ikka Waiting,Positive,0
Ijathi item kandittey povu 🤘🤘,Positive,0
Entammooooo oru raksha illatha trailer Bgmil evidekkeyo avengersinte bgm ullath Poole thonnunnath enik maathram aano?🤔🤔🤔,Positive,0
Oru raksha illa oru adaar item Marana Mass Ennu Paranjaal ithanu Super Super Super,Positive,0
300 cr adikkum ennu urappu ullavar like,unknown_state,1
aarum parayilla pirats of caribian parts allann,unknown_state,1
Padam kandu kazhinju evdae vannavar arrokkae und...,unknown_state,1
Background music oke kollam.... Pakshe padam erngumbol eee kanunathoke undel kollam.... # sada oru cinemapremi,Mixed_feelings,4
All the best ikkaaaaa #A10 fan boy,not-malayalam,2
3 Million views #Lalettan #Lucifer,not-malayalam,2
Lalleettan faans aa like button adichu pottichekku ...,unknown_state,1
Lalettan prithvi combo .... =മരണമാസ്,Positive,0
trailor editor kk oru kuthirapavan kodukaan thonnunavar ivide camonnnn!!,Positive,0
ikka scholl mass dailogue ellarum maranna mattoru item und therrunnillallo katta exitment raju ettan full suspence...,Positive,0
supr ikka powli ..... padam supr arikkim urappaa.... ikka lve u ....,Positive,0
Iyoo enik vayee vegam iragiyal mathi,unknown_state,1
Padathe patti undayirunnu ah mundharana maari...Oru mass padam thanne ayirikkum...Best wishes,Positive,0
Mamooka and jai.. super.. blockbuster,not-malayalam,2
Uff _ Murali Gopi,Mixed_feelings,4
Kurach massum aayittanallo jayetta ipravishathe varav,Positive,0
Makkale ethu polikkum oru raksayumilla,Positive,0
Mammotyodulla ishtam kadutha thamizh vorodhathal thakarnnu mannadinjhu poyi....this flm seems like paandi movie,Mixed_feelings,4
Mass enokka paranja onannara mass athanu mammukka....,Positive,0
Ini ippo ella padam achan nte molude Koode akum,unknown_state,1
Kunjaalikk eee sound fit alla ennoru thonal,Mixed_feelings,4
00:20 galaxy star ഉം power star ഉം,unknown_state,1
Ikka polichu athum e prayathil love u ikka,Positive,0
Tovino chetta pwoli love from Kanniyakumari,Positive,0
Adipoly . Rocking enik eshtamaayi . Adipoly . Rock on,Positive,0
ethu endha pulimuranta bgm okka koodi mix pratheesha pokavoo,Mixed_feelings,4
10 il kooduthal kandavar like adikk,unknown_state,1
Kurach subscribers ulla channelil ittooode 100k+ subscribers ulla channel videos mathre trending il varoo,unknown_state,1
VAADA - idu mathi ivide like kondu nerayan.. L,unknown_state,1
Shavakallarayile Kuzhimaadathile Peril Oru Letter marach pedich lalettan ninnappo Onnu Nadungi,unknown_state,1
1.35 il rajuvettane etraper shradhichu.. back sidil,unknown_state,1
angane oru divasam daivam marichu..........hahahahah.....nalla comedy,Mixed_feelings,4
BGM kidukkiiiiiiiii makkale koode mammukka combi 🤩,Positive,0
Mamukka I like you,Positive,0
Dileepettan...luv u ..luv u so much,Positive,0
Kurupuutivarunavrde anakil kodtha keechan trailer ikkaaa Uff ingal eeejathi mass FDFs urappachuu singasa Thalivaa....MaduraRaja #RajaEffect #RIP YouTube Thukkiaydii,Negative,3
Mammooty fansavm dislike adiche Poi madhurajak adikadaa Etu vere levela mone dineshaa,Negative,3
MURALI GOPI NINGALUDE DIALOGUE PWOLIYAANU. ..MWTHE,Positive,0
Ithe namma jayikkan mathram kalikana kaliyaaaaa,Positive,0
Patti vananagal okke dislike adichu thudangi ...,Negative,3
hey w8 cheyyunnavar onn like adikk,unknown_state,1
Madura raja polikum annu parayunavar like cheyu,unknown_state,1
Dislike Adicha Mammookka Fans Njagade #ettante varav KaneKulirke Kandota...........................,Negative,3
Katta waiting,Positive,0
Sreekumara menone naari nee ithonnu kaanu,Negative,3
Idakide vannu nokiyilang oru samadhanam illa,unknown_state,1
My favorite actor surajetaan dhamu annan fans like adik,unknown_state,1
Oru rakshyum illatha trailer Trailer ingane aanenkil movie eganeyayirikkum mass aayirukkm,Positive,0
ഇക്കാ ഫാൻസ് like button adichu polikkedaa,unknown_state,1
Lalettante katta fan aanu njan all the best laletta,Positive,0
Ithenthu killichundan mambazhama.... ithokke namude raju ettanu koduthal pollichadukiyene..,Negative,3
Padam poliyum ennu urappayi. Rajadhi Raja enna thara padam pole.,Negative,3
Ithu polikkum urappa...kidu..... Prithvikoodi undaavanamennu aagrahikkunnu... By a lalettan fan,Positive,0
Innu urangaathe naalayavan veendi wait cheyyunnavar,unknown_state,1
Mol marikkunnu enn traileril ninn manasilakum,unknown_state,1
teaser erakune munbe 1.4 dislike.. enthina enn manasilayaila...,Negative,3
Entammoooo lalettan clean shave look maarakam katta waiting for odiyan ettan daaaa,Positive,0
Perunnalinu biriyaniyum selfiyu palliyil pokkum unda trailarum aaha andhass,Positive,0
Versatile Star Jayasurya Mass kaa baap pwoli item loading.......,Positive,0
Rajuvetta katta waiting for Lucifer,Positive,0
How Ande PONNO RameshPisharadi Pani Padichu Varunnud Samvidhanam Anna Pani Ee kanichathinel Nannayal Mathiyayirunnu Ee Cinima,Mixed_feelings,4
Sooragetta poolichutoo last dialogue epic,Positive,0
Vivek Oberoikku best villainte award koduthillengilanu!,unknown_state,1
mohanlal fans from tamilnadu please make him mega movie release in tamil at same relese date,not-malayalam,2
last vanna chullan chekkante peronnu paranju tharuvo....,unknown_state,1
trailer kandu full comedy aanannu manasilakkivar evde come on,Positive,0
chutiya kam banaya karo ...yhe TOH ka trailer hai,not-malayalam,2
Katta mammokka fans like buttonil power kanikku Trailer polichu,Positive,0
odiyan thulapichu myran V A Sree kumar kopan poda,Negative,3
November 21 avan kathirikunnavar like adich pwolikk🥰,Positive,0
Pullikaranstaraa.best actor ee randu padangalude oru mix ayi thoni,Mixed_feelings,4
Padam irangum munpae 6 M adikum ennu thonnunavar adi like,unknown_state,1
Idi vetti mazha peytha oru feeling..🥳,unknown_state,1
madhura raja trailerinu surya fansinte ashamsakal,Positive,0
13 days to go oooo odiyan....,not-malayalam,2
Age is no matter ikka legend,not-malayalam,2
Ethentha (Telugu movie)vikranadithya Malayam version ano,unknown_state,1
Prithviraj ne kandupidichavar like karo..,unknown_state,1
Jayasuriya Vijaya Babu Combination After Aadu Movie.,Positive,0
Eanth oola trailer korch kanji eadukkattee🤣🤣,Negative,3
Ee cinema ethayalum mammukaude blockbuster movie ayyirikum.100%,Positive,0
Ikka Ishtam Ikka Fans oru like,unknown_state,1
Asif ikka ye screen il kaanan katta waiting..,Positive,0
Illuminati kurichu arinjitt trailer kanan vannavar .. ingot comon,unknown_state,1
Dec 12 onn akan etra nalay waiting anu,Positive,0
ikka vannu makkale . iniyanu kaliyude idiyude vedi pooram,Positive,0
Best actor poloru movie expect cheyunnu,unknown_state,1
Mohanlal or Rajnikanth ? Mohanlal - Like Rajinikanth - Comment,not-malayalam,2
Polichu trailer mass padam marana mass aarikkum urapp,Positive,0
Katta waiting. Nalla padamaanennu thonnunnu.,Positive,0
Laletta nalla cinemaye language loode illathakkalle njangalkku sada language mathi,Negative,3
real fansinu kuru potti tudangi 1.4k dislikes,Negative,3
Kerala police friends undel ivide kodu oru like......,unknown_state,1
Muruganae kolan stephen thanae vendi vannu enn urapp ulavar like adich pwolik.,unknown_state,1
Kalipp look and katta kalipp trailer.. blood boil moment,Positive,0
lucifier onnum onnum alla eth raja da,Mixed_feelings,4
Mattoru DHRISHYAM... aakum.. Aakattey.. Athinte soochana trailer il und,Positive,0
ThazheVettoor Government school Varkala ullavar aarenkilum undenkiluu koduuu LIKE adiii,unknown_state,1
Kidilolkidilam item. Katta Waiting For Odiyan,Positive,0
1:02 ... idakk pulimurugante bgm pole varunnu,Mixed_feelings,4
What a making,not-malayalam,2
Katta waiting By a katta ettan fan,not-malayalam,2
Indhrans fansinte ellaa aashamsakalum supportum!! Pwolikku makkale!!,Positive,0
Cinema kandittu trailer kanan vannavar adi like,unknown_state,1
Kerala's Golden Film... Lalettan is MONSTER,not-malayalam,2
Athra thavana kanditum madip thonunile oru rekshym ile super,Positive,0
Waiting for Hindi,not-malayalam,2
Endhokke aayirunnu malapuram kathi.kozhikode aluva,Negative,3
Next blockbuster from mammukka and prithviraj.,not-malayalam,2
Valluvanaadi ne poole aavan Oru Range venamedaa,Positive,0
Pwli oru rakshyum illa muthaa ikkaaa,Positive,0
Report adikkunna lallunnikalle pokkooo vella panni eduth jeebikkedaaa,Negative,3
prayam koodum thorum cinema adipwoli akukayanallo,Positive,0
Ikkakkaano! ettanaano! kooduthal view&like ulle enn nokkaan varunnavar ivde oru lyk idu.... 🤗,Positive,0
Time 3.45AM kaanan vannavar undooo,unknown_state,1
Ente ikka oru rakshem Ulla,Positive,0
Eee trailer 3M+adikoon ullavr evidae like,unknown_state,1
3 million viewers hit like lalettan fans,unknown_state,1
Bgm okke powli.... But poster kond undakiya oru roomajam teaserinu tharaan kazhinjilla..... Endhokayo suspence und enn manasilayi......... Waiting,Mixed_feelings,4
Last dialogue.... oru rakshem illla... .... Asoooya verum asoooya.... Sontham naadine vittukodukunna kali illa enth vannalm...,Positive,0
Athu ___ Makkladaa ee jathi iteamsoka dislike cheyyunaaa.... Raju vs Lalu...,Negative,3
ithil mammookkayude mukavum shabdhavum mathrame ullu body mattarudeyo annennu thonnunnu entho evideyo ....,Mixed_feelings,4
Madhura Raja ....Pokkiri Raja....Rajadhi Raja...Bellaadi Raja Raja Always Mammookka Da,Positive,0
Nenga tamil pesura azhagu irukke vera level,not-malayalam,2
First show ente koode arokke varum,unknown_state,1
Pani Ariyavunaknd thanneya pidichu nikune .. 🥰 oru family feel good movie koodi vrununde ... Happy Birthday Mammooka,Positive,0
Entha oru enegy nammude daddy girigayum undu ithu polikum,Positive,0
5 million aakum ennu urappullavar like adik,unknown_state,1
Ithrayum pratheekshichillaaa. Ikkayude pilleru tripple allaa 100 madangu strong aahhh,Positive,0
Ith polikun Nighal ath parayunnu Polikumo illayo Polikum akil like cheyu,Positive,0
Mammootty Tamil pesuraru and tamil actor namba jai irukaru avarum Tamil pesuraru idha pathu happy aanavanga like pannunga,not-malayalam,2
Ithu tamil oke kand kazhinna scene anallo bhai..,unknown_state,1
Innu ravile vare 181k likes..ippo varum 121k likes..🤔,unknown_state,1
Vivek obroi kku sound koduthathu vineeth aano ??,unknown_state,1
Ennikku aa 30 kollatte charithram ketta matiye....,unknown_state,1
Surajanenn trailer pakuthyethiyappo mathrame manassilayullooo... surajettan pwoli,Positive,0
Ente entra Kali kandittullavananu nii,unknown_state,1
Lusifer oniladhigam kanubol lagadikumpole enalum kolam,Mixed_feelings,4
Teateril poi kanan katta waiting ayavar like adiche.. ikka ishtam,Positive,0
Repeat adich kanunnever ivde like adik,unknown_state,1
1:34 il Prithviraj ine kandavar like adikku...,unknown_state,1
18am Padi Ikka phritviraj,unknown_state,1
Ntemmo... Romam eneett ninn dance kalikkunn.. Rajaaaa return,Positive,0
entammo romanjaam romam ezhunettu nikkunnu . enna trailara laletan marana mass,Positive,0
Ente ponnuu dileepetta trailer polichu ikkayude aniyanu dileepettanu vijayashamsakal nerunnu dileepettan peruthishtam ikka uyir,Positive,0
Erangana mumb 285 dislike ejjayi mayrol,Negative,3
Raja Returns രോമാഞ്ജിഫിക്കേഷൻ,unknown_state,1
Padam verum oru below average Lucifer like oombiya Padam aakum enn orappullavr c'man!!,Negative,3
Ithu polichuuu .. Tovinoo .. Broii .. I m also a ichayan of mii kalla kochu .. .,Positive,0
Ee 2019 enna varsham Maamookkant thanne aan,Positive,0
Dislike adichavarkk enthe naduviral namskaram,Negative,3
Likes koodeettum Views 462k yil stuck aayi kanunnavar ivde come on,unknown_state,1
Film kaanan trill adichu nilkkunnavar like,unknown_state,1
Ithu kandappol uru pazaya commissionere oorma vannavarundo,unknown_state,1
HD irangiyitum trailer kaanunnavar ivde like adii,unknown_state,1
Trailer kollam but movie flopp aavum,Mixed_feelings,4
Egadhessam... Pulimurugan model thonniyavar അടിക്ക് മോനെ like,unknown_state,1
Ethra kodi kittiyalum illellum nalla film aayal mathiyaayrunnu,Positive,0
ipozhe 48 unlike samshayam illa bengalikal thanne,unknown_state,1
Six pack episode1 || malayalam fitness tips || 2,not-malayalam,2
IDI film orma vannath enikk mathram ano ?,unknown_state,1
2.7 k dislikes irangunnadinu munne thanne vannalloooo,Negative,3
Pirates of the Caribbean .. Peru maati ettal aalkar chilappol like adikkum.. Aale pattikkan eniyum engane nalla nalla teasers pratheekshikkunnu.,Negative,3
1:39 That Superman​ PUNCH,not-malayalam,2
Ee Trailer Njan Thaetril Kandappo Ennaa Feelaan! Tovino Achayan Ishtam!,Positive,0
Veendu veendum kaanunnavar like adi,unknown_state,1
Ippozhum repeat adich kanunnavar ivdey like ikka🥰,Positive,0
Ikka katta fans like here 🤩,unknown_state,1
THIS DEAL IS WITH AN DEVIL,not-malayalam,2
aarokke first showkk pokum ? fdfs arokke like adikk 🤔🤔??,unknown_state,1
movie kk fuljar soda nte taste,unknown_state,1
immathiri item ellam abhrapaliyil kananamenkil innum ee arupathiyettukaran orungiyiranganamennathu enthoru virodhabhasamanu #proudofyou mammookka,Positive,0
Late a vanthaalum latest a varum,not-malayalam,2
Mamoookaaaa massssss.....uff rakshayillaaaa...ikka ennum mass ka bapp,Positive,0
Raja sollaratha thaan seivaan seiyratha mattum thaan solluvaan thalavaaaaa...mammutty..... #tamil hit fans......,not-malayalam,2
Otta peru MAMMOOTY എജ്ജാതി bgm kodoora mass Apo eidum abrahaamin,Positive,0
ikka ennum top lanu one and only raja,Positive,0
#brothersday yil prithwiraj sukumaran #LAD il mallika sukumaran #ittimaniyil late sukumaran This onam polikkum,Positive,0
Raja varunath veruthe pokan alla.. Mammookka fans adi like,unknown_state,1
vere vella panikk poda..nayinte mone....thantha kelava...lalettante myr nakkan polum anne kond pattillada pooraaaa...,Negative,3
Nannayi varatte . Manassil niranja Ashamsakal,Positive,0
Ente ponnu mammokka ningalekkondu oru rakshayumillallo,Positive,0
Dislike cheyyan kore ennam irangiyittund...,Negative,3
Ikkaykk lalettan fans inte vaka oru adipoli wish,Positive,0
Viswosichu koode varunnavare jeevan koduthayalum samrakshikkum...,unknown_state,1
Rajetta ithreyum pratheekshchillaa.... kidu feel... romaanjam. Ithu pwolikkum,Positive,0
Trailer poli. pakshe..... Copy sundar sherikkum copy aanenn sammadichu,Mixed_feelings,4
Onne parayanollu eee prayathil eemathiri role athu mamookakkalathe arkuu pattum,Positive,0
Sidhikinte katta roll njan maathranoo shradhichath.....,unknown_state,1
Mamangam ikka ithre vendu katta waiting,Positive,0
5k dislikes,not-malayalam,2
Ee haters vann dislike adichalum 240k like und makkale..,Negative,3
Engane unlike cheyyan thonnanu....ee kanikkunath Kerala police nte motham avasta aanu .....,Negative,3
We r waiting 4 stephen nedumumpalli.lalettan rajuvettan combo mooshamaavilla yennariyaam. Trailer polich,Positive,0
Real Historic Films + LEGENDARY MAGICAL ACTOR #MAMMOOTTY = #MAMANGAM Super-Duper Multi-Mega HIT,not-malayalam,2
laletta oru raksha illaa all over super annu.. thanks to prithvi,Positive,0
Theme doom patrol le pole undallo,Mixed_feelings,4
Ente ammo kidilol kidilam. Oru raksha illa. Prayathe vellum veeran,Positive,0
Poyi paranjekku baapa vannitundennu.... Dubailnu... King derick is on hunt....,unknown_state,1
Ithu kandittu eganna unlike addikan thothuthooo avoo🤔,Positive,0
veruthe alla neerali kandam vayi odiyath,unknown_state,1
Ninga polik ikka namma undu koode......alla pinne..,Positive,0
all the best laletta and rajuvetta..from ALLUARJUN FANS,not-malayalam,2
Big B 2aano ettu kanditu atakana vari,unknown_state,1
Itu kandappo roomancham vannavar like adi,unknown_state,1
Asoooya thonua ikka... Ikkka nigalu Maass aanu,Positive,0
Innaleyaaane kandath super Padam..... ellarum famlyaaayi poyi kanan super abinayam,Positive,0
Masss katta waiting Ikka rajuettan fans,Positive,0
Ente ethra kali kandittullatha nee odukathe ee kalikoodi kannu romanchification ooo odiyan odi odi odiyan,unknown_state,1
Dislike adicheverk oke ente vaka Nadu virel pranamem,Negative,3
2019 eattande um ikkade um thanne anu makkale....,Positive,0
ikka fansum onnu kandu sahakarikanam ennu abhyarthikkunnu,Positive,0
2019 Mammokka angeduthunnu parayan paranju.,Positive,0
Body 68 vayassulla oru manushyan,unknown_state,1
Jeevathod chernn nilkunna padangal aanu lalettanum mammokkayum cheyyendath... waiting lalattan fans,Positive,0
Ithonnil kooduthal kandavar undengil adi machane oru like,unknown_state,1
Sahoo movie BGM copy pole undallo 🤔🤔🤔,Mixed_feelings,4
HISTORY OF PAIN HISTORY OF HOPE HISTORY OF AN ERA HISTORY OF THE BRAVE,not-malayalam,2
Mamankam release November -21 4 languages 1- Malayalam 2-Tamil 3-Telugu 4-Hindi,not-malayalam,2
Padam kaanan kaziyatha sangadathil trailer kanunna njan,unknown_state,1
Unniyettan Polichuu.Unni Mukundan Fans Like Here,Positive,0
Padam kanan pokunnathinu munp onnukoode trailer kanan vannath aarokke,unknown_state,1
Ee padathien ethra Kali aaiiyalum mammuni enn parayunna nadante oru padathinum ithinte collection record thakarkan pattitila...nthin pakuthi polum ilaaa,Negative,3
I love Mammookka. Love from Telangana.,not-malayalam,2
200k like ayo ennu nakkan vannar like,unknown_state,1
Ithinthe like kurayunnund kurachu mumb 184k undaayirunu ippol 117k ullu enthaa sambavam,unknown_state,1
Adi poli ini relees aayal mathi,Positive,0
Etan just nailed it..Raju etta hats off,not-malayalam,2
ethil pritvi kanum en manas parayunnu,Positive,0
Superb ikka njn oru ettan ഫാൻ,Positive,0
eth theatre allaam onn kulukkum,Positive,0
Sunny chachi ne kaanan trailer kandavar like adi,unknown_state,1
sala lucifar matalb kya hai jante hu oska matlab saitan,not-malayalam,2
Rajuettan making super...ini padam koode super hit aya mathi,Positive,0
KATTA WAITING ////./../// FOR LALETTANSZZZZ MAGIC.....,Positive,0
Ente ponno oru rkshayum illa,Positive,0
1 divasam 3l kudutal tavane kanunavar arokke und,Positive,0
Ipolum trailer kanan vannavar like adikk,unknown_state,1
Peranbu Anpoodu amudhan,unknown_state,1
Any Tamil person after seeing title?,not-malayalam,2
Padam release aytt arengilum trailer kaanunnundo,unknown_state,1
Mammukka ningale kurich onnum parayanillaa ith enthe avasanathe vakkaaa storong 999,Positive,0
Mohanlal fans and ikka fans like here,not-malayalam,2
ലീഡർ K മുരളീധരൻ fans like here,unknown_state,1
Idoru unddaaa padam thanne avum 🤣🤣🤣🤣,Negative,3
Ente ponnikka ingal enna monj aane,Positive,0
November 6 num vann nookunnavar undo🤔,unknown_state,1
Njan our ikka fan anuu paksha odiyan mass a Like adii,unknown_state,1
Prithwi rajine kanan vendi trailer slow motionil kandavar like adi,unknown_state,1
No words dileepettaaa... best actor and janapriya nayakan beautiful trailer,Positive,0
L2 EMPURAN LOADING SOON..KALLI THEERNILLA MAKKALLE .,Positive,0
Best actor film ഒരു കഥ പോലെ,unknown_state,1
4 million aayonn nokkan vannavar like adikk,unknown_state,1
All Kerala mammooty fans anangill ADI ORU like,unknown_state,1
Mohanlal fans nu like addekannulla sthallam,unknown_state,1
Prayaththe vellunna meyazhakkam ulla nadanan megastar.prayam marannulla aareyum athishayippikkunna actions aan enikk eetavum kooduthal ishtappettath,Positive,0
Enna.....or kidilan bgn aanu.. ith polikkum,Positive,0
vndum vndum kanan njanum und ettan,Positive,0
E trailer kndapoi.... Ethra perkku kgf padam ormma vannu,Mixed_feelings,4
Ithu oru poli polikum മാസ്സ് item,Positive,0
Appo engane pullaare... Pwolikuvalle,Positive,0
Charithra purushyan Living legend Mahanadanam Megastar mammootty,Positive,0
mammootty aa name mattum pothum !,not-malayalam,2
Chettatharam kanich... App upayogich dislike adichavarod,Negative,3
You tube hang ayo ?? 34K views change avunnilalo 🤔🤔🤔,unknown_state,1
Hindi movie Newton inte vere version aano 🤔🤔.,Mixed_feelings,4
Nammude kuttikale karotteku pagaram kalari padipkunnathalle nallathu.athalle nammude parambaryam..,unknown_state,1
Kasab filmil Mammooty ye matti Tovino akiya pole ondu Telugu Padam pole,Mixed_feelings,4
I am bangali double kundi mohannlal,Negative,3
Eee cinema kanan pokan thonnunnavar like adi.,unknown_state,1
Movie kanditt evide vannavar like,unknown_state,1
Oro thavana kanumbozhum romanjam ikkaaaaa,Positive,0
Action scene itra manoharamai chaiyyan unniyettane kazhinje ollu bakki ellarum.......chettante carrier best aayirikkum ChandrothPanickar enna kadhapatram...waiting,Positive,0
Inspired from Jo Jeeta Wohi Sikander?,not-malayalam,2
Lad kondupoyi laletta onam !!sorry,Mixed_feelings,4
Kidu item myrole...onnum parayanilllaa....adipwoli...fdfs. Lockeddd .ikkkkkkkaaaa loveee uuu,Positive,0
Edk edk etraa likes ayi enn nokaan verunavar ivide like cheyyu,unknown_state,1
Dislike adikkan thanthaku munp undayavanmar vannallo,Negative,3
Adipowli trailor rajuvetta ettane powerful eyes ela seenillum,Positive,0
Rajayum rajede pillarum stonga tripple strong,Positive,0
Njan idehathinte padam kaannilla,Negative,3
Mammootty .. പ്രായം 68 Mamangam Trailer..🤞 Vere.. vere..Vere level,Positive,0
Nalla kidilan trailer. nalla oru family entertainer aanenu thonnunu,Positive,0
Pazhassiraja sharathkumar polichath pole mamankam unnimukundanum polichadukkatte.... Fit body yaar,Positive,0
Poli ploi nte ponno romanjam,Positive,0
samajh me nahi aya par dekh kar achha laga!,not-malayalam,2
ethinu okkae dislikes adicha Prajanda kunju ghalae nighalkku uluppundo.,Negative,3
Athiradi mass aaan ippol thonuva chilarude realease onnum mattandayirunnu enn oru olathin,Positive,0
35 minutes...watched 5 more times...Stephen nedumpalliyude kalikalkku waiting...,Positive,0
Poli......poli....super ikka poli super double super,Positive,0
Ethenna pottan kaliyo idhano big budget cenimede dialoge,Negative,3
Madhuraraja 500 cr kerumenn urappullavark like cheyyanulla comment,unknown_state,1
Padam mass verum mass alla kola mass,Positive,0
Padam kand hype adich trailer kanan vannavar like adichey nokkattey,unknown_state,1
njan oru katta ettan fan pakshe ikkayude ee unda pollikkum,Positive,0
ikka fan aahn but trailer vijrcha atra vannilla . cinema endhayalum polichadukum enn viswasikunnu,Mixed_feelings,4
Poli trailer Dislike motham mohanlal fans ayirikkum,Negative,3
Kuduthal thavaana kanannu thunnuna padam annu oru rakshayum illa polliwchu,Positive,0
Ithano trailer oru dialogue polum illa ekkaude. Ullath kurach perum oru vettum,Negative,3
November randam theeyathiyum kaanunnavar like adik,unknown_state,1
Which is better trailer Like__Under wold Comment__ helen,unknown_state,1
Ikkante trailerlum polichu. lalettante trailer polichu.we vacation adipoliyayirikum.,Positive,0
ikka mass alle.lalettan fAns kude ondu,Positive,0
angana pritviye kanan 5 july,Positive,0
I'm from karnataka yash boss fan Waiting for movie in karnataka,not-malayalam,2
release polum akata 1.9k dislike adum kanata pokaruth .. aa valya manass,Negative,3
Idhanu njanga paranja nadan ivananu NADAN #mammootty,unknown_state,1
Lalettan Lucifer pwolich.... aduttat Mammookka de Madura Raja.... malayalatile 2 megastars,Positive,0
Kandu pinnum kandu veendum kandu sheham kandu ippol kandu ithu kazhinuu kandu,Positive,0
Oru Adaaar Item Ikka pwolikkum Marana Maaasssssss,Positive,0
Padam. Kandu kazhinit trailer kaanan vannavar ivide like adi,unknown_state,1
Nde ponnu idivitte powlich adachu adichu powlikkeda makkale mammoooka,Positive,0
Oru narasimham usthad okke orumich kanda oru sughm kittyy... kuliroodu kuliru... laaleettaa... raju... no rekshaa... iniyum kaanan thonnunnavr like,Positive,0
Mohanlal Tamilnadu fan's like here,not-malayalam,2
6k likes kudi kittyal jimikki kammal song 100m aakan pattum.. Laletan fans vijaricha ethan pattana onnanu...,unknown_state,1
Nale keralthil box officinte maranam ayirikum....ikkanteyum pillarudayum vaka....,unknown_state,1
Eganegilum 12 aam thiyathi aaya mathiyaayirunnu katta waiting,Positive,0
1:13 makeup illatha baby chechi...,unknown_state,1
100k like in one hour,not-malayalam,2
Muzhuvan ipo kanikunila. Baki theatril kanaam,unknown_state,1
Tovino as Rahul Gandhi Manju Warrier as Priyanka Gandhi Look like that Murali Gopi brilliance,not-malayalam,2
Comment vaayichathu kondu video sradhikaan pattiyilla..athond Veendum kandu ..ippo VeendumIni ethra vettam kaanumenn dhaivathinu ariyaam Edits:- ikka uyir,unknown_state,1
LALETTAN IS THE KING OF MALAYALAM MOVIES......,not-malayalam,2
Veendum veendum Vann kaanunnath njan maathramaano,Positive,0
2:05 Dileep de aniyan paranjathu... chettan purathiragittu njangal pani thudangum,unknown_state,1
17k views 104k like how's it,not-malayalam,2
Enthaylum... Oru adaar feel undu... Tamil look,Positive,0
68 tikayunna youthanu veendum oru perunnal sammanam prisharadi vaka..,Positive,0
Pwoli trailer sunny chechiii istam ikka jeevanaanu,Positive,0
padam hit.....pani ariyavunnavar film pidichal trailer kandalum goosebumps varum,Positive,0
Mammuka polikum mammukaye ishttamullavar like adii,unknown_state,1
L.. Prithviraj lalettanilude oru adaar item thanne kond vanno...,Positive,0
karikkele lolattenem lalettenem eshtamullavar like adi,unknown_state,1
Adipoli trailer movie kanan wi8ing. oru psycho indannu prathishikaam,Positive,0
Ikka fan aanne Ennalum parayuva kolakolli item,Positive,0
Puli ooodu kandam vazhi ooodan paray ipozhe,Negative,3
Urumi scene repeat mode on,not-malayalam,2
Ithe kandirikkum enn ullvar like itte pokko 🤨,Positive,0
Njan laletten fananu ... pakshe trailer kandu romam enittu nikkinnu,Positive,0
Innum 5 thavana kandath njan mathramano,unknown_state,1
Mazz ikka mazz bgm Katta waiting I am waiting.......,not-malayalam,2
Nala fan show kk ponavar adi like,unknown_state,1
ikka and rajuettan... uff goose bumps,Positive,0
Sound athu screenil kanam lalettan polikkum,Positive,0
Ine lucifar loosaavum illenkil raaja loosakkum ntammo kidu mammookka,Positive,0
Uff Mammookka'$ entry BGM Stunning trailer,Positive,0
Sunny chechiye kannam vanna ver like adike,unknown_state,1
Adaar Love Malayalam Full Movie,not-malayalam,2
Evideyo miss aaya pole pazhaya lalettane thirichu kittiya pole..thaadi vecha pinne..payyan pwoli alle....luv u. .Lalettaa...,Positive,0
Oru superhit unda manakunnavar oru like adiche,unknown_state,1
Ini 8 mani vare...clock nooki irikkanm,unknown_state,1
Nt ikka ingalu verm ikka allatto ponnikkaya #romanjified,Positive,0
Immathiri mass Last aa chadi idi super Ethu polikkum Ikka um pillareum triple Strong aaa,Positive,0
10 M aakum ennu orappollavar adi like,unknown_state,1
Anttemoo anthayith akkee kudee oru koritharip,Positive,0
Prithividae padam nalla kaaryam but manju indallo .. pottumennu urappu!,Mixed_feelings,4
Aa chekkan polikan ulla ella chance um kanunnund,Positive,0
Superb Laletta .....Love you lotsssss......Othiri ishtam Lalettane,Positive,0
Ithinokke dislike adichavanmare okk adichu kollanamm ettan uyirr,Negative,3
Ikka poliyhanu ithreyum prayathil inghanew okke nikkunillew ikka vere level annu poli ahh ikka,Positive,0
100K LIKES WITHIN 2 HOURS GAME CHANGER MOVIE OF MOLLYWOOD,not-malayalam,2
Ayippan poli an muthe ni an muthe hero ayappan fans like,Positive,0
Maamangam trailer kanditt vannavar like adi,unknown_state,1
Odi vidyakal kannan kathu nilkukyanu laletta,Positive,0
Potta padam 2million views polum illatha ee oola padam potti paaleesavum. Antony perumbaavoor kuthuvaala Edukentiverum. {not an ikka fan},Negative,3
Ente anna oru rakshaym ella.... Adipwoli,Positive,0
Bgm .. repeat mode .. njan maathram aano?,Positive,0
Ithilum mikacha trailer swapnangalil mathram,Positive,0
17k view 100k like 10k dislike.....ithengane......🤣,unknown_state,1
Mass odiyan Mass kollamass kattaa waiting kidilam,Positive,0
Katta katta katta katta waiting....cant wait man,Positive,0
Daivam oroon kond varum... Ennit pottipoliyum... Verute collection kittan vendiii advertisement🤣🤣🤣🤣🤣🤣🤣🤣🤣🤣🤣🤣🤣🤣,Negative,3
Mar 28 katta waiting 'L',not-malayalam,2
Mammookka fans like adikk pattumenkil ente channel subscribe cheyyuka,unknown_state,1
innale night 189k like undayirunnu. today 129k entha ithu,unknown_state,1
Raja sollath polle umbum sollathu mattam umbum #ONE AND ONLY KING#L,not-malayalam,2
Anthamaaya thaara aaradana aaswadana nilavara thakarchayude soochanayanu. Cinemaye swathanthravum kalaaparavumayi veekshikunna oru yuva janathayeyanu malayala cinemak aavashyam,Negative,3
Entho ishtam aanu ellarkum ee Ittimaniye,Positive,0
ikkaa polichu.. big b mood poli bgm,Positive,0
Machane pwolii item inka pwolikkum. Thakarkkum,Positive,0
Kiduvo kidu.... .. onnum parayan illaa ...,Positive,0
Padma innaanu kande,Negative,3
Ethippoo കൂതറയിലെ mohanlalinte make over aayinda...,Mixed_feelings,4
Laletta adich policho laletta Nigaloru muthaan ie padam Vijayikom nokiko apo,Positive,0
Kgf kaanada,unknown_state,1
6.4k dislike ... Ijjathii rodhanam annaloo ....,Negative,3
Powlichu,Positive,0
LuCIfeR polichu poli,Positive,0
here leonardo dicarpio in thalai viduthalai song,not-malayalam,2
Hoping for a good movie after anuragakarikin vellam,not-malayalam,2
Soubinum Suraj ettanum polichuuuu padam poliiiii oru family ayittum kannan pattiya nalla padaaammm,Positive,0
E... Nanjankottayil aarudeyumkanneroppan vannavanalla njan... Ennal karayikunnavanteyokkry Tala njan adichupolikum... Kidu kidu kidu mass punch dialouge....,Positive,0
Viewers 16k like 85k ithengane 🤔,unknown_state,1
Raja 100 cr urappullavar adi like,unknown_state,1
Mammokka Ennum oru lahariyaanu.Annum Ennum athbudappeduttiyittey ullu. Padam oru vambhan hittakum..minimum 250cr kadakkum..lookam vaaythum mammotty enna,Positive,0
Acting ഒരു രക്ഷയും illa.... baki illathoke pinne,Positive,0
Ivide Palakkad Jayettan Fans club nnu ashamsakal!! Adichal romam ennikum athaanu Thrissur pooram,Positive,0
പടം പൊളിക്കും HBD mammokka By Die hard ettan fan,Positive,0
Releaseinu 1 week munne ithu onnum koodi kanan vannavar undo?,unknown_state,1
Usha udup paadiya lucifer anthem ethanu? Padathil kandilallo.. Arkenkilum ariyo..?,unknown_state,1
Mobile phonil kadapoolee ekkane ??appole theateril anakilo,Mixed_feelings,4
Edayk edayk views nokan varunath njan mathram aano🤔,unknown_state,1
Onnum parayan illa laletta u trigger again ...,Positive,0
Dae Ajithaaa copy adikathada Mohan Lal,Negative,3
Kfc chicken vekkaan kayariyappol,unknown_state,1
oru moideenum katinintavila odiyan vendi,unknown_state,1
Gilla plus loham plus ramaleelaa...naariya kopi adiii,Negative,3
Dear Mammookka,Positive,0
Onnil kuduthal kanda trailer ambooo powli....,Positive,0
HAPPY BIRTHDAY MAMMOOKA BY ETAN FAN,not-malayalam,2
Ramesh pisharadi aanu director ennu kettapo valippu padam aakumennu karuthi..trailer kandapo mosamakilla ennoru prithisha vannu..,Mixed_feelings,4
Official trailer release aakunnathinu mumbe dislike adikkan kure mammunni fans oolakal..,Negative,3
Watching again and again and again and again for mammookkaa,not-malayalam,2
By the by Prithviraj &suraj ??,not-malayalam,2
As a mammokka fan trailer kidukki padam nalla oru vijayamayi theeratte,Positive,0
Youtube hang avan ready ayiko L,Positive,0
ippo mansilai e padam 8 nilayil pottum,Negative,3
FDFS book cheyyum ennu urappullavar ivde likikkoo,unknown_state,1
Oohh my Godddd,not-malayalam,2
Onnu urappa full entertainment movie yaa.. Yente ponnu ikka fans onnu kaddak pidichaal oru blockbuster engu poorum ....,Positive,0
Lalettan - Prithivi combo vera level... Pwolichu Lalettan & Prithivi fans like adiku makkale,Positive,0
Like kuddunnu onnd pakshe views kuddethe enthaa,unknown_state,1
Mammooka die Hard fans LIKE adichu polikk ith logam kaathu ninna RAJA yude varav ith polikkum,Positive,0
29K Dislike adichavar Padam kandu kaanum lo... Oro Dhurendhangal...,Negative,3
Alinje polinja trailer.. odiyan aakumo ?? 🤓🤓,Negative,3
Padam kandit trailer kanan vannavarundooo,unknown_state,1
Mmk ikkem ettananum ore level aannnu ath vere level,unknown_state,1
Dialogue pora msmmookka paranjaal onnoode ushaaraayene,Negative,3
trailer kidukki look at the likes,Positive,0
38k views 20k like polichu,Positive,0
Tovino.Namak uruttane... Ayyyo adipoki mass muvi ayrkum katta waiting,Positive,0
Direction maarakam prituiraaj nee tanne cheytathaano atho ariyunnavare kondu cheyyichathaano aaraayaalum massayittundu Well job man,Positive,0
Nammda akshay daavin oru like adi,unknown_state,1
Mammookka Haneef Adeni shaji padoor Gopi sunder Mahesh narayanan,unknown_state,1
SECOND BOX OFFICE GROSSER IN MALAYALAM MEGASTAR MAMMOOKA,not-malayalam,2
Athoru valya kathaya Mone paranju thudangiyaal oru 10-30kollathe charithram parayendivarum,unknown_state,1
Ichayan kasari. Kiduki. Porich. Njgal tcr karude swagraya ahagaram,Positive,0
9.6k dislikes from Antony perumbavor ( undaya.......),unknown_state,1
Traileril Oru kidilan surprise undakum ennu visvasikkunnavar like adii..,unknown_state,1
Like nokaan varunnadh njan mathramaano..,unknown_state,1
King is oll ways king 🤙 ഏട്ടൻ ഇഷ്ട്ടം,Positive,0
Amitha pratheesha vekunila anyway katta waiting #L,Mixed_feelings,4
full bgm ... #jjstudioz #kalki,not-malayalam,2
O M G heavy mamookkaa,not-malayalam,2
Nenjinakath Lalettan Nenjuvirich kond parayum numma oru lalettan fan anenn _______________katta waiting,Positive,0
sathyam paranjaal trailer oru maja illaa,Mixed_feelings,4
Padam average filim mathrameyullu fansukar pokkiparayunna rasamonnum padathinnillaa,Mixed_feelings,4
Vannu vannu avan vannuIkka love yuu,Positive,0
Evdeyokkeyooo Oru pulimurugan...dadi Girija.. Fight.. Music...... Evdeyokkeyooo 🤔🤔🤔,Mixed_feelings,4
Happy birthday mammukka gana gandharvan polichadukkum next block bluster,Positive,0
Nte ponnnoooo enthaaa makkkale immmale ikkkkade aaa oru idh🥰🥰🥰,Positive,0
Lalettan fans and prithviraj fans hit like,not-malayalam,2
entry istam like for lusifer lalettan,Positive,0
Katta ikka fans indangi like adichu pottiku,unknown_state,1
Oru rakshayumilla.repeated mode on... Njan kandathil vech ettavum best trailer,Positive,0
68 vayassunden oke paranj ingane pattikkale en parayanam sire....,unknown_state,1
Bilal john kurishingalinte aniyan aano ini,unknown_state,1
arokee ningaldee comentsnu etraa like kittenu nokkan vannu,unknown_state,1
Nov 21 pakkalaam intha kaaliyude aattathe,not-malayalam,2
Katta pretheekshaaa....... Luv u alla ...,Positive,0
Poram lokham ariyatte HBO Channelil parashiraja kanaichath pole .peranpu pole ikkayilude malayala cinimaye ariyatte .,unknown_state,1
Eeee cinema thanna venuchettan muthaaan muthumaniyaanu,Positive,0
Ente ponno......maranamass item. Kidilan making. Fight apaaram. Sound modulation oru rakshayumilla. Oru adaru item thanne,Positive,0
Hindi movie (old Darmki dese remek,not-malayalam,2
Ini vendathu oru 100kodiyanu... athu ithiloode kittatte,Positive,0
0.50 athu nammude Marimayam Unni alle?,unknown_state,1
Padam vere level aaavum.... Mammulaaaal fanz,Positive,0
Teaser pole oombiyilla.... Trailer kidukki.... Lalettan Fan,Mixed_feelings,4
Kozhopolla,Mixed_feelings,4
6.3 dislike veru verupp athanne karanam,Negative,3
Ndaapooo ndayee.....inendaa vishuaa....ara ewde padakam pottichee.... uff romanjam_ahangaaram#ikka,unknown_state,1
Mamangathine Ajaygopal fansinde vijayasamsakal.,Positive,0
Ende ponnoe ejathy trailer kandall ariyam ikka ethu rengill ulla allannennu,Positive,0
Njan mathramanoo. Ith veedum veedum kanunnath,unknown_state,1
Orroo...framintayum quality Rajuattan magic,Positive,0
Mammootty pwolikkum,Positive,0
Mammookka..... Uff ijjathi .. Ente ponnikkkaa polichuuu.... Katta waiting,Positive,0
Lalettante Adutha 100 Kodi ithayirikkumodiyan enthaaa sheriyalle,unknown_state,1
Malayalam padam odikkenda takkesil achayn keri telugu padam odichuuuu,unknown_state,1
Haters pani thodangind makkale.....sahikunnilla avrkithe kanditte..,Negative,3
Ee pani thannaya kure kalamayii cheyunne.pani ariyavunthathu kondaa pidichu nilkunnaaa...mass and class dialogue..luv u ekkaaa,unknown_state,1
100k likes in 1 hr.,not-malayalam,2
madhura raja trailer kandu.athinte hangover maran lucifer trailer repeat adichu kandu.ippozha samadhanamaye!,unknown_state,1
105 k likes.. 17 k views 🤔🤔,not-malayalam,2
Raja raja raja...madhura veera raja,unknown_state,1
Aettanta padathin ikka fansnte ashamsakal 🤗🤗🤗,Positive,0
Yedaa Mamooty poora,Negative,3
I'm from Telangana. Love you Mohanlal sir .,not-malayalam,2
avasanethe chadiyulla adi adh polich ikkaaaaaa,Positive,0
RAJA RAJA RAJA MADHURA Veera RAJA,unknown_state,1
Madhuraraja teasor kandu nalla katta bore ayittu undu. Mammukka ethavana yum Vishnu Unnikrishnan tae boxoffice records vettikkum ennu thonunilla.,Negative,3
Ente Ponno Goosebumps ... kidu bgm,Positive,0
fans ticket kittiyavar ivide like adii,unknown_state,1
Trending No . 1. Varanam jayettan daaaaaaaaaaa,Positive,0
Pratheeksha nallonam und,Mixed_feelings,4
Unlike adicha mammunni fansinu irikkatte oru kuthirapavan,Negative,3
Jeyetta padam full undo trailer il?? Sambavam colour aayittundalloo...,Positive,0
Thriller movie,not-malayalam,2
Mamakam Hit Aavum ennulever adi makkale like,unknown_state,1
Family entertainer? Family kk kanan pattatha movie full inner meaning,Negative,3
Sambavam deep freezeril pettu poyi athann,unknown_state,1
Vere Level One Ikka - Rajuvettan,Positive,0
Entae jeevathil ithrayum pravishyam trailer kanda verae oru cinemayum illa,Positive,0
Kidu frames kidu bgm ellarum kidu look kidu making pinne kidilolkidilan Lalettanum verentha vende heavy,Positive,0
Ethra viewers ayi ennu nokkan varunar arokeya..,unknown_state,1
ith rajuvattante sambil lusipur adaar aitam varunnu MEAGA STAR MAMMUKKAYAN MAKKALE,unknown_state,1
Njaanum our Tovino enna actora ishtapedunna alu thannaya trailer mass ayitundu but achaayanta soundinu mass effect kurachu kuravaanu,Mixed_feelings,4
Thalaivaaa 🤩 🤩🤩 🤩🤩 🤩🤩 🤩🤩 🤩🤩 🤩,not-malayalam,2
Madhurarajakku madhuram theereyundakilla bhayankara kaypayirikkum njan panthayam vekkam,Negative,3
Ikkaaaaa. Ingale ennaa level aah. Ee prayathilum body... Muthane,Positive,0
Raju ettan powli,Positive,0
New benchmark in malayalam cinema. ..,not-malayalam,2
Trailer cut ഒറ്റപേര് editor Donmax വേറെ ലെവൽ,Positive,0
Oh iyalude Ela padavum iyalu jailil kidana anubavavumayi copy Anu Nala pila anu enu kqnikan akum.,Negative,3
innanu movie kandathu.....kidu nnu paranjal pora......kidilokkidilam,Positive,0
Trailer ethanennu mumbu thanne kore peru dislike adichatind Ivanmaaroke aanu e naadinu shapam champu naarikalu,Negative,3
Idvere vere chilar parannadaaannn muruga nee theernnada ennn ..ini nangal mammookka fans sherikkum parayunnnu .....MURUGAAA ....NEE THEERNNADA .IKKA LOVE,Positive,0
Ith surajinte padamaane enne thoniyarvar like adikku,unknown_state,1
sathyam parayalow kaNubol ente police traing kalam ormavarunu,Positive,0
Dislike adichavarod nammal lalettan fans n verum pucham matrame ullu Lalettan ishtam Lalettan uyir,Positive,0
50.dhe pravshyem kandu kolakkolli trailer,Positive,0
Katta ikka fans unddegil like adi..,unknown_state,1
Haha..1.35 il raajuvettane kandavar ivide like adichee,unknown_state,1
Iyaalkkokke cinema nirthi DQ nte makkale nokki veettil irunnoode..?,Negative,3
Enta ponna oru rashayum ila kidu padam,Positive,0
Suraj ettan powli..koode soubin ekka...pine paryano ....katta Waiting anee,Positive,0
Intha trailer ah pathutu nama thala ajith yabagam vanthavangala like podunga..,not-malayalam,2
Trailer kandappazhe urappichu padam mass vijayichu,Positive,0
im from mars but i love laletan,Positive,0
Ikkayude johny walker ormma varunnuu vere level,Positive,0
Ithupole oru trailer iniyundakumennu thonunnilla. Superb,Positive,0
IKKA PWOLI BGM oru rakshayum illa,Positive,0
Jayasurya chettan mass lookaaa pakka mass don,Positive,0
Mammookka de adutha 100 kodi padam aayirikkum #UNDA ennu urapp ullavar like adikkada pillere...,Positive,0
6.1k mamunni fans ithe kandu ennu aa dislike button kandapol manasilayi,Negative,3
I'm from Tamilnadu...i like mamooty sir.. trailer,not-malayalam,2
dayav cheyth pretham 3 irakkaruth plzzz athrank unda padamaayirnn pretham 2,Negative,3
Su sugunan su gu sugu su gu suu bug una,unknown_state,1
Avasanam sathya moorthy ips avathorunna mati🤣🤣,unknown_state,1
Very good movie-making skills in your language.. keep up the good work,not-malayalam,2
Villain Tovino & vivek oberoi ...( just a guess ),unknown_state,1
Ikka fan aaya Nikku nalla urappundu,Positive,0
Ikka powlichu onnum parayanilla trailer ethanel padam enthakum,Positive,0
To be very frank,Negative,3
Tovino look. & BGM vere level,Positive,0
bgm korachoode nannaakkayirunnu..fan made bgm poley.....,Mixed_feelings,4
Pinneum pinneum ithu kaanuna ethra peer und,unknown_state,1
Laletttaaan fans adichu potikda like button,unknown_state,1
Mass mass pakka masss,Positive,0
Njaan aadym vichaariche punyalan 3 aanenaa,unknown_state,1
Mamangam...nte ammooo marana massss...trailer.... verum item allaaa.... ith oru onnonnara item anuu....ikkaaaaaaa,Positive,0
16k views.. But 56k like.... എപ്പിടി 🤔,unknown_state,1
Ikka bakthanmaar like adi Ikka istham,unknown_state,1
Teaser ille kittiya mass triller ille kittilla,Mixed_feelings,4
Madhurarajaykku LUCIFER inte half like polum kittillannu urappullavarkku like adikkan after # madhuraraja trailer,unknown_state,1
Happy birthday mammookkaaaaaaaaa Ilove you Ganagandharvan waiting,not-malayalam,2
Dislike adikan mtram Kure per nokiyiriunna polund,Negative,3
1 1/2kaalan police randu kaalukalumayyi veedum,unknown_state,1
Oru pandi padathinte trailer innu irangiyitundu...kandavar onnu parayane..avide ellaam thribilaa🤣🤣🤣,Negative,3
Njan oru ikka fan alla paksha as a malayali i am katta weiting for raja 2,Positive,0
Dislike adichavar ettavum valiya oolakal...... bldy idiots...,Negative,3
Karayippikuvo muthe... Happy bday ikka.... Waitg,Positive,0
Eth vetavalliyanmara dislike adiche..,Negative,3
Evan evan lam #maduraya sontham kondaduvathunu vevastha ilama pochuda...,not-malayalam,2
superb trailer dileepettan & sidhique ikka best of luck,not-malayalam,2
Kanunnathinu munpe dislukke like adichaa ellaa malavangalkkum ente naduviral namaskaram,Negative,3
Ithu enthanu kilichundan mambazhamb 2 parto..hihi comedy padamanennu thonunnu,Negative,3
Ravile eneet trailer kanan vannavar ndo....,unknown_state,1
Lalletan fansinte ella supportum und ikka..... Ethu porikum.... Oru samsayavum venda...,Positive,0
ith oru oola padam aayirikum enn manass parayunu,Negative,3
Kalkikku malayalathinte dhathuputhran alluarjun fansite vijayaashamsakal,unknown_state,1
Ravanan aya avane nerkuner illaathakkan oru maha avatharam thanne vendi varum....poli,Positive,0
Fans kaar.... Pls padathinu hype koottaruthu... Ithu oru sadharana cinema yanu... Dayavu cheythu nashippikkaruthu....,unknown_state,1
Trailer kidu aie annulavarkke Likam (onnu likada),unknown_state,1
If you are bad im your dad,not-malayalam,2
Happy birthday Ikka love u Pratheeshkal athiru kadanu Ganagandarvan keralakara keezhadakum,Positive,0
Oru pooram Trilar Vijariichu Vannappooo oRu Mass Trilar aayiii thoonniyavarr Like Aahdii.....,Positive,0
maarana mass Raja is back,not-malayalam,2
Big waiting for Mamangam,not-malayalam,2
Trailer kollarkium nu oru pratheeksha ondarinnu...pakshe ithu athukkum mele,Positive,0
Prithviraj Undennu Arinju Trailer Kandavar Like Adiku 1:01 Zayed Masood,unknown_state,1
Eathu nayinte makkal avao dislike adiche,Negative,3
Polichu ikka suppar u r great,Positive,0
Ith ini indian cinema yude mamangam,Positive,0
Madhura Raajaye pottikkum ennavar like adi,unknown_state,1
Dislike um kurayunnu..23k ninnu 13k aayi...appo ee chettatharam kanichathu aaru ennu parayendelloo,Negative,3
Mammookka unni mukundan achuthan,unknown_state,1
Ipo tanne 5 vattam kandu vallatoru trailer,Positive,0
Super bb. Lalettaaaa,Positive,0
Lucifer lucifer lucifer a10 a10 a10,unknown_state,1
First l00crore Malayalam film pulimurrukan First 200crore odiyan is loading,not-malayalam,2
Padam kandu.. ennittum veendum tralier kaanan thonunnu.....,unknown_state,1
@ 1:03,not-malayalam,2
Njanetha parayendath......... Onnum parayaanilaaaaaaa..... Laaaaalettttttttttaaaaaaaaaa.......ummmmmm aaaaaa,Positive,0
Pworich kurach kalangalaayi ijjathi padem Tamil mathram aannu kandirunnath .eni malayalathilum kannaan ulla bhagyem Ind .Poli Poli poli,Positive,0
Next pullikaran stara or uncle loading 🤭,Mixed_feelings,4
Trailer kalaki Pwolichu madhura raja cenimakku vendi katta waiting,Positive,0
Super trailer cinema kandale bakkie parayan kaziykka llu,Positive,0
100 k avunnath mumbe kandavar like,unknown_state,1
Ithu pole bgm ulla mass trailer ithu vare iragiyittila .,Positive,0
Music chila sthalangalil alambayi ....dialogue perfection kittunnilla,Negative,3
Ekka @ Madhura Raja,unknown_state,1
Dislike full odiyan kanji fans,Negative,3
Odiyante sheenam njnga lalettante piller ee luciferil ang theerkum....,Positive,0
Class trailer,Negative,3
Lalettan illatha eanth sinima le makkale kodk like,Positive,0
Rajuvetta ningal maranmass love you oru great success avate....,Positive,0
Lucifer movie kanditt ethil comment edaan vannavar like adi..... Mass lucifer lalettan mass,Positive,0
Kidukkachi laletta ningal mass alla kolamassanu,Positive,0
Age 68 mammmukka da,unknown_state,1
Kaaneda പിള്ളേരെ.. 100K Views & 34K Likes in 5 Minutes 60K likes in 15 Minutes,unknown_state,1
Soubin achanod vazhakakakunu...achanu sahayathinu robotine soubin set akunu...robotinte koode jeevikuna achan parishkari akunu...achanum makanum onnikunu...subham,unknown_state,1
Ethu puthu charitharam.,Positive,0
Onnu vegam dec 14 ayya mathiyayirinnu,Positive,0
Kidukachi trailer... Bgm oru rekshayum ella.....,Positive,0
Sathyam paranjaal trailer kandit vella majjeyonnullalla,Positive,0
nee okke ara trousar itt ajandhayil aadhipapam kanumbo njn vitta scean aa idh...yeah mammukaah,unknown_state,1
Hacking likes um Views um koottan nokiyitt moonjipoya mammootti fans evdede.. Oru Maryadhayoke Vendedey,Negative,3
Ithu Kolakolli item Lalettan fans kathirunna padam Ith thakarkkum Lalettan fansnu aakosham mmakk pwopichadkkam,Positive,0
Ithu Vera levelakum urappa..... Ela ikka fansinum all best....,Positive,0
Ufffffff ichayaaa pwolich ur die hard fan 4 ever,Positive,0
Adipoly🤩🤩lalettan fan thanne aaganamennilla sharaashari oru cinema premi aayaaal mathi ith kandit romaanjification undaagan🤩🤩🤩🤩🤩kidue !!,Positive,0
Nalla padam ayirikatte odian pole akathirunnaal madi all the best,Positive,0
Kalam ethra poyallum charithra purushanmare prathinithikarikkan angh kazhiyunnundallo mammooka,Positive,0
Fans show unndavummo?,unknown_state,1
Laalinu pakaram vere oru nadan akamayirunnu lal ithepole orupadu cheyithittundu,Negative,3
Oooohhhh oru rakshayum illaaaa... Pwolii poppwoliiii Ingalaan thaaram,Positive,0
Kilichundan maambazhathile slang . Oru matullalaa,Mixed_feelings,4
Ende ponno 68 vayasaya oraluda body thanneyano ith.... 🤩.. NAMICHU PONNIKKAAAA,Positive,0
Immanuvel pokan pokunna item kikidu hbd mammokka,Positive,0
Katta Dileep Ettan Fans um Ee Movie vijayikyum ennu ullavar Adi like,unknown_state,1
Nanayitunduuu...... trailer kurachu koodi nanakam ayirunu,Positive,0
padam 2 thavana already kandavar aarelum undoo,unknown_state,1
Helen enna perinte vethyastatha kond vannavarundo??,unknown_state,1
Surajettante voice oru podik koodi aged avannu,Negative,3
Rashtriyam,Negative,3
Ividippo Malayalikal kuravanallo #Lalettan #Prithviraj #Lucifer,unknown_state,1
120k lyk pakshe 22k views ullu Ntho saangethika thakarar und🤔,unknown_state,1
3:15 am ksa time nu kanunnund bro,unknown_state,1
Minimum 3 Thavana kanathathayi arum kanilla....,Positive,0
Come on india lets make it 8 million....,not-malayalam,2
Idh 2 million cross aghanam enn agrahikunnavar adi like,unknown_state,1
Mass nnu paranjaa ikkayaanu.. MASTER of MASSES.. Adaar trailer.. Mammookkaaa,Positive,0
chankurappulla ikka fans vaa 21 nu charithram kurikkum,unknown_state,1
njn kandathl Etavum mikacha trailer yennu thanne prym #ikka <3 .. #Ennum ikka,Positive,0
Kanji fans dis like adichu thakarkkunnudu,Negative,3
Ethile fight scene kaanaan akrahikkunnavar like,unknown_state,1
Hpy bdya ma lovely ikka,Positive,0
Ikka fans kuthhy marinjalum luciferinete oru recordum thakarkilla,Mixed_feelings,4
Nte ponnikkaaa inghal enthinilla porappadilaaa nte ammooo poli,Positive,0
All the best ikka- By a die hard ettan fan,not-malayalam,2
padam kanditt ivida vannavar aarokke ??,unknown_state,1
Ente ammo kidilam trailer L___ && MR,Positive,0
Katta waiting.... maranamass trailer......,Positive,0
VOICE MODULATION. THE BEST IN THE WORLD,not-malayalam,2
All the best for movie mamankam...katta lalettan fan...,Positive,0
1:45 enta ponooo ..ota peru Mammootty...,Positive,0
Ejjath oru rakshayum llaaaa katta waiting,Positive,0
Ennik mathram aano 200 cr clubil ee movie keerum enn thoniyath ?,unknown_state,1
kanjikoduthu avasanam.. kill that bastard..our lady superstar,unknown_state,1
vyshak sir trailer search cheythitt kittunilla innala kittiyirinu,unknown_state,1
Ith verum mass alla marana mass,Positive,0
Lucciferine pizhutheriyan ravananaaya aa avatharam varunnu,unknown_state,1
Ente mone al powli ikka ishtam,Positive,0
Appol lalettante padathinte Record ellam thakarthu eriyan pokunnu alle ayikotte malayala Cinema uratte,Positive,0
Rajuettan and ikka fans like adi,unknown_state,1
watch all #mohanlal #mammooka fans 🤜🤛,not-malayalam,2
Trailer kandathode padathinu oru theerumaanayi chali padam,Negative,3
tamil-telungu-malayalam orrumichu release cheydhal valiya orru sambvam aggum,Positive,0
Ente ponnnnoooooo.... Vere level,Positive,0
Njan laalettan fana pakshe i love this movie,Positive,0
Pls support me pls My channel subscribe pls Pls,not-malayalam,2
Tovino machane fight scene poratto... eniyum valaraan undu,Negative,3
Oru prethikshayillarnu madhuraja but parayathirikan vayya visuals vere lvl,Positive,0
Trailerin otta kurappama ullu njankluda ikkayuda face kandela,Mixed_feelings,4
Varunnathu manthriyo bhadano alla rajavanu rajavu,unknown_state,1
Chechiuede mukham kandu like cheythavar aroke ikka,Positive,0
Powli trailer Ikka oru rakshayum illa kidu,Positive,0
I'm didn't blink even for 1sec...,not-malayalam,2
Jo jeetha wohi sikhandar oke pole undu,Mixed_feelings,4
Kidilan trailer .. ikka ushaarrr ithu super hit aakumennu urappichavar ivide chumma likeetu pokko..,Positive,0
Katta waiting for mahuraja entry Like adikku makkalaee,unknown_state,1
Lalettan Masss Lalettan ki jaiii,Positive,0
YouTube nde kaat poyirikkugayaan.. 1 manikkoor aayi ithuvare YouTube nde hang maariyittilla..🤣🤣,unknown_state,1
Lucifer ini kandam vayi odedi varum,Negative,3
laletta polliku full support annu,Positive,0
Mohanlal stunning look with kgf bgm,not-malayalam,2
Ella Lalettan chunkum oru like adikoo ivide.....pinne ee chanelum onnu subscribe cheyoo,unknown_state,1
.35 oru pulimurukan touch vannu .enthayaalum sambavam kidkeetund,Positive,0
Mamooka we love u so much..,Positive,0
E jathi trailer pahaya nee sulaimanalla hanumana... hanuman,unknown_state,1
1.30 manoj K jayan Mammookka walk,not-malayalam,2
Karalil thakil adichu,unknown_state,1
NEEGA VAA THALAIVARE #MEGASTAR,not-malayalam,2
Kalki super hit akum enn Bonny parayan paranju,Positive,0
She look like my angel.. ചിന്നൂട്ടി..,unknown_state,1
Happy birthday to you mammookka,not-malayalam,2
4m views + 300k likes + #1 trending - Lallettan,not-malayalam,2
Last sukumaran chettante photo kandavarkk like adikkanulla sthalam,unknown_state,1
Oru kgf trailer polee.. Lalettan pakkaa massss,Positive,0
Romanjification....!! Lalettan Masssssssss...!! Manju chechi Vere Level !!,Positive,0
4.6 M views on 23.03.2019 ::2.07AM,not-malayalam,2
0:27 trailer ലെ mass dialog,Positive,0
Ithoru malayala cinema k oru vazhithirivu aakatte fanisam marannu support cheyyu,Positive,0
Ufffff. Pwoli lalattaa... Katta waiting,Positive,0
Enne pole 50praavisham kandavurundagill adi like,unknown_state,1
Tripple strong nnn paranjapam daridryam akumn vjarich....idh takarthuto....waiting...ee prayatilum thalarata aavesham....ingal vallatoru manusyan thanne,Positive,0
Prithviraj undennu aringuu trailer kanan vannavar atraper,unknown_state,1
Mohan laal ke saamne to to dusre sab actors fail ho gaye yaar...kyaa acting ki he yaar..nice movie,not-malayalam,2
polimass item.. heavy mass... Lalettan,Positive,0
Nte ponno oru rakshayum illatta makinggg......polichu....MAMMOOKKAA,Positive,0
Nammude prithvi amgane veruthe onnum direct cheyillalloo... Lalettante kure nallukalyi irangunnathil aattavum nalla movie....,Positive,0
Raju eattanu nthu Patti... Baki ellavrum ndalo. Ennit egneya rajade story avuva,unknown_state,1
Im from us army i like mammukka action,not-malayalam,2
Prithviraj aanu new character ennu arinjathinu shesham trailer kaanaan vannavar undo? Enkkil like here,unknown_state,1
Thalli thalli kure ayallo oru padamenkilum vijayippichu kanikku kidannu thalli marikkathe,Negative,3
ethra thavana kandaalum veeryam koodunna kolakolli item,Positive,0
Any way kidu sanam... Waiting randamuzham,Positive,0
Lal atten fans from tamil nadu,not-malayalam,2
Face of indian cinima kolamass kolakolli waiting november 21 mamangam day,Positive,0
Dileepettan muthanu ningal lalettan fansanenkil nallathu paranjo kazhapamilla athinu dileepettan undakandataaa,Negative,3
Pwolichu ... lalettaaa,Positive,0
Teaser kand thalliparanjavarkku Trailer oru marupadiyanu including me,Positive,0
Varan irikkunnath mass padam matram alla Comedy entertainer kudiya,Positive,0
E sooraj comedy anel padam odum .. serious carecter anel. Padam poliyum,Mixed_feelings,4
endh kashtaman idh trailer alla teaser ann,unknown_state,1
Kidilam padam...direction ennoke paranja ithaanu mone,Positive,0
sunny akante song ennu Youtubeil varunno annu rajaku alukerunathu nikum,unknown_state,1
Raja Annum Ennum Raja Thanne,Positive,0
Vere level Ikka uff,Positive,0
verey level maranamaass neeralikk polumilla 1 m views,Positive,0
Enta jayetta ithu minnichekkane kazhinjya varshathe nammada pala planum polinjyu ithu athupole avaruthu.' avulla',Positive,0
Trailer idunnathin munb thanne dislike adicha mahaan maark ente oru naduviral namaskaaram,Negative,3
Super acter nammude lalettan Super hero nammude lalettan,Positive,0
Eattante pscho Fan .... Loooov u soooo much....... Laletttaaaaa,Positive,0
Paranjere malayalathil oru stunt master vannitundenn,unknown_state,1
30 pravashyathin melil kanda alkar ivide like,unknown_state,1
Kochin haneefka valsalyam cinema eduthad pole onnil odukkanan prithvirajinte erpadengil Aradagar panhikkidum.,unknown_state,1
Ee role mammookkak aahnnu cherunathu anu arinja...lalettan fans right now kurupottikal....🤣🤣🤣🤣,Negative,3
Hmm ..trailer kandappo oru kaaryam theerumaanamaayi,unknown_state,1
Dis like adichavar aaro avar... onnum parayunnilla,Mixed_feelings,4
King is always King... Mamooka.. Legend,not-malayalam,2
Ente ponne oru rekshem illa kidukkachiiiiiiiiii... Lalettan Hvy....,Positive,0
Sidhik sir. Great performance. Kalakki.,Mixed_feelings,4
mammookka oru rakshayum Illa kiddu,Positive,0
Waste trailer,Negative,3
Lucifer fdfs pokunnu lalettante White n white lookil,Positive,0
മധുരരാജാ ടീസർ : 3hours/27minutes=111k view lucifer:28minutes=152k view,unknown_state,1
Singam model oru kidilan action movie aakatte.....,Positive,0
in english we call sugar daddy,not-malayalam,2
Chila bhagagal pulimurugan le pole thonniii......ikkayude ee movie yum successful aakatte ennu aashamsikkunnuuu.....,Mixed_feelings,4
Ithrayum nal nammal avarude Padam kandu inni avar nammu Padam kanatte #mammucka lovers,unknown_state,1
Pazzhassirajaye kadathi vettum e maamangam.,Mixed_feelings,4
flop kaluda rajakumaran ee padam hit agum pisharadikku,Mixed_feelings,4
Tamil film Pizza de oru style,Positive,0
Cheriya pulli alla avan.. Padicha kallan aa.. Ufff A10..,unknown_state,1
Trailer atra pora . Movie nannayirikumenu pratheekshikunu,Mixed_feelings,4
Fairman oorma vannath enikk matramano,unknown_state,1
Pinnem Pinnem Kanuvaaa Thalaivaaaaaaaaaaaaaaaaaaaaaaaaaaaaaaaaaaa,Positive,0
kandittum kandittum mathi aakunnilla,Positive,0
dislike adikkunna ella myrenmaarrum poyi oomb,Negative,3
172 k views youtube adichu poyo ??,unknown_state,1
Also hats off Depak Dev bgm,not-malayalam,2
Today is my birthday.. Enik oru 10 like tharavo..,unknown_state,1
Pwoli pwoli ee prayathilum enta amoooikkaaaa,Positive,0
ennalum ente mammookkaaaa.. ningayokke enna poliyaan.....ningaleyallathe mattareyum ividonnum sangalppikkan polum pattilla..,Positive,0
Malayala cinemayude khathi kadalinumappuram ethicha punyam ..megastar mammookka,Positive,0
Trailer kanan thudangumbol 25k like,Positive,0
Prithviraj as zayeed masood... Ith pwolikkum,Positive,0
Tovino yude vaayil entha puka aduppano,unknown_state,1
Kore naalk shesham ikkante padam kananam enn thonnath ee trailer kandapola...ith polikum...,Positive,0
Morning eneechepol thanne veendum kandavar arund7.22,Positive,0
Chunk alla chunk edippaaanu laalleettaaan,Positive,0
Trailer Adipoli .. Ore oru mistake..!! Ethilum kudithal SUBSCRIBERS ulla Chennel il Release cheyyanamayirunnu,unknown_state,1
0:54,unknown_state,1
super lalettan...all d best ..fan from Karnataka,not-malayalam,2
Ethe enthu vaa dae ethe? athinu kai addikaan kore fans oolagalum.,Negative,3
Thandhayilaathavarum palathandhaku piranavanmaarum aayaa lalettan fanss fislike adikaann kore preyaasapedunundd 🤭🤭abarariyunilaa malayala cinemayude shaapam aann lalettan fans en,Negative,3
4k dislike.... ! Waiting 4 kunjali...,not-malayalam,2
Ithu verum oru samble vedikkettu.iniyaanu podipaaranapooram.appo churikki paranjaal vishu RAAJAyum RAAJAyude pillerum angukondupokum alla KONDUPOYI,Positive,0
Trailer 15am pravashyam repeat adich kandita njn eii cmt box il vabnath Ikka pwolichuuu,Positive,0
Trailer okke kollam. But last ezhuthi kanucha goodwill entertainment aanu prblm,Mixed_feelings,4
AAA maha avathaaram piravi yedukkan poagunnu Ini uyertheyunelppinte. dhinangalanu,Positive,0
1st,unknown_state,1
Watch #OreVidhi malayalam shortfilm,unknown_state,1
5 millionilekk kuthikkunna makankam trailerinu ellavidha bhavukangalum nerunnu,Positive,0
Mamooka Polichu Oru Rakshyumilla Mass,Positive,0
Pwoli padam Vijay Sreenivasin vijayashamsagal nerunnu,Positive,0
Eniyoru veeragaadha rechikendiyirikunnu ethinu pakrem vekan kazhiyumo mattonninu nadakan ullathu charithram nadakkendathum charitham snehikunavarku aathambimanem,unknown_state,1
Any Kerala vijay fans like hite,not-malayalam,2
Innu thanne ithu etramathe vattama e trailer repeat adichu kanunnennu eniku thanne ariyilla...kidiloskki,Positive,0
Is the real king malayalam industry,not-malayalam,2
152k veiws 107k likes in 38 minutes. This is,not-malayalam,2
Ningale katatthi vettan ningal matrame ollu laletta,Positive,0
Kattttta waiting adikkkkkam macha Oru like,Positive,0
Veruthe oru like enikkum thanne Hbd ikka,unknown_state,1
Que pedo,not-malayalam,2
Oru divasasam oru 10 pravashyamenkilum kanum,Positive,0
Inn Lucifer inte 27th poster kand nere ingott trailer kaaanan vannu 1:34🤗🤗🤗,Positive,0
Oh my god ! What a trailer ..,not-malayalam,2
Ooh my god it's amazingggg,not-malayalam,2
Tamilnadu Mammootty fans Inga like podunga,not-malayalam,2
Ettan fansinte vaka irikatte oru kuthirapavan ikka muthanu,Positive,0
Oru ghum illaa,Negative,3
കൊല കൊല്ലി Item....Laletta.. Big salute to Raju ettan.. Lucifer,Positive,0
ഫാൻസെല്ലാം കയറി വാാ.... abhrahaminte Status video.....ellavarum kayari kaanu subscribe cheyyu like adikku,unknown_state,1
Ithil Rajuettane kandavar ethra perund?? Aaa mwothaline athra pettennu kaanan pattilla. Athinu chorayil alinja sneham venam. Enje pwoale. R Eattan da <3,unknown_state,1
Views & likes yetra aayenn nokkan kerunnavar undo ?,unknown_state,1
Laluni fanskar thudangi dislike adikkan avarkku ente vaka,Negative,3
Level item.. Padavum ithupole aya mathiyaynu,Positive,0
Applause from an ettan fan... Mammukka katta swag,Positive,0
Enta ikka polichu Kidu item Ethu polikkum,Positive,0
Ore oru rajavu lalettan 🥰 10 million views aakum,Positive,0
Nalle Bengali sidill ninee valichaa tiranuluu ninda Japan 🤣,unknown_state,1
Ithanu.. Makkale nammal kanan aagrahicha ettan,Positive,0
3. 5 k dislike nalla kuru pottal anallo chorichil maraan wyt cheyee december 14 vere ellavarudeyum chorichill maati theraaam,Negative,3
Kidukki.. MAMMOOKKA... KATTA WAITING... VYSHAKH SIR... HAT'S OFF U,Positive,0
Superb trailer sir. Love from karnataka,not-malayalam,2
Ithipol matte sambavam kazinja shesham dileeep nu police,unknown_state,1
Trailer 5 il kooduthal kandavar like,unknown_state,1
Ithil love reaction button indaarrnneeel njekkittt pottikkaaarrnnn,Positive,0
Uva uva andaedi trailer...will strile 100cr,not-malayalam,2
Ikka varilla enn orthath njn mathramo..?,unknown_state,1
Inganethe massinde koode aa mukhavum kanichal kidukkum,Positive,0
Trailer muzhumikum munbu comment vaayikkan oodi vannatha.. ente ponnoo....lalettan rajuvettan istham..,Positive,0
Manju varrier mathrame ulluvo actresss ayi kollilla,Negative,3
Trailer 1:45 Ikkayude aa run Saamoothirikk nere aanu,unknown_state,1
Enthuaadeee uploaded cheyunnathinu mump 6k dislike 🤦🤦🤦🤦🤦 ivanmarkku okke entha presnam,Negative,3
Odiyan kand ishtappettit trailer nokkan vanna aarenghilum ivade inda ?,unknown_state,1
Heavy items loading . Ufff Mamookkaaasss,not-malayalam,2
17k dislikes.. seems like some people wanna degrade this movie,not-malayalam,2
Trending #1 karriku.. Any karrike fans,not-malayalam,2
Mammunniyude unda pottum ennulavar like adi🤣,Negative,3
Puli oda aatam arambam.... Mohan lal Mind blowing fans from Tamilnadu,not-malayalam,2
I love lalettan I miss you,not-malayalam,2
Toveee...... ichayo... trailer kandu aaake excitement adichu irikkuva...film ethrayum vegham theater lu ethiyengil,Positive,0
kaanunnathinte oppam comment vaayikkan Vanna njaaan,unknown_state,1
Ufff.. Ejjathi item mone Vakkukal varunila ..etta.,Positive,0
Video kandutheran samayam aayilla athinu munne malaranmar dislike adikan thudangi,Negative,3
Mammukayude 150 kodi padem aayi maratte madura raja,Positive,0
Kattaa waiting Suraj ettan Soubikkaa Robot ettan Japan chechi,Positive,0
LALLETAN FANS LIKE BUTTON ADICHU POTIKKE,unknown_state,1
Ejjathi MASS Romanjam mammookka,Positive,0
Pazhaya lalettan + pazhaya rajuettan + pazhaya achaayan nivin angane aaage motham 3.....ethin pogum ennulla confusion aaanallo,unknown_state,1
Padam iragan eni thivasagal mathram katta waiting,Positive,0
Prayam oru number maathram thalivaa,Positive,0
Oru newcomern kittavaunna etavaum nalla role.... all d bst team,Positive,0
Ithu vere level trailer aanu Mone....,Positive,0
SUPER HIT UPCOMING MOVIE.BEST OF LUCK SURAJETTA AND SAUBINCHETTA.,not-malayalam,2
priwtiraj enna otta karannam kond like adikuna kure pear,unknown_state,1
Trailer repeat kandukondirikkan thonnum.. LALETTAN.. ISHTAM,Positive,0
Youtube adichu poi makkale.. Raja vannu......,Positive,0
Mammooka - rajuettam combo kaanan aaroke kaathirikunund??,unknown_state,1
Oru raksha illa ikka marana mass,Positive,0
Dialougue okke LKG piller parayunna poleyund,Negative,3
Deii Rahul juttu Nee indha comment pathinaa like podraa,not-malayalam,2
Padam kandathinushesham onnumkude trailer Kanan vannavarundooo,unknown_state,1
sadaram trailer powli aayaaal film il onnum.undavilla avrg film aayi othungaarund ath pole aavathirikkatte,Mixed_feelings,4
Trailler pora padam 8 nela pottum ane tonunee,Negative,3
Padam kandit trailer Kanan vanath njn mathrm ano ?,unknown_state,1
DIDNT ONG - BAK GET MADE ALREADY > :-/,not-malayalam,2
Pazhassi raja pole oru mega hit aavatte,Positive,0
Madhuraraja_3hours 86K like Lucifer_49 minutes 120K like Feel the difference,Positive,0
tamilnattilum No1 trending aaya first malayalam trailer..!#lalswag,Positive,0
Panchavarnaa thatha poley oola padavaruthittaaaa pishuuu,Mixed_feelings,4
Oru addar item koodi iyye padathill varan nde athe mikkavarum last avum arayya...... Twist.......,Positive,0
Ikka fans come on 🥰🥰🥰 ikka uyir,Positive,0
Surajettan & soubinkka powli combo,Positive,0
Un like Adaichavarkk Nadu viral namaskkaram,Negative,3
Dilepettan pedikarudh koode mammukka fans und okk,unknown_state,1
Ettane kaanan vendi vannavar undo Podunge inge oru like,unknown_state,1
Lift il kudungi rakshapedunnath ano kadha yenn thoniyavar like adiche,unknown_state,1
Trailer kaduppam odiyan pole akathirunnal mathiyayirunnu,Mixed_feelings,4
Kashtam 27k pottanmaaru ee keralathil indello daivame... Dislike kandille.,Negative,3
Raja odi vaykkan povunnathu Akshay thomasineya,unknown_state,1
Ethu polikkum pinnalla,Positive,0
Polichu........Odiyan manikante varave kandoo makkaleaaa.....,Positive,0
ഇജ്ജാതി bgm. Vere level. Pwlichuu. Thakarthy. Mammookkka.,Positive,0
pelo trailer parece ser muito bom! Amigos vem conhecer meu canal! Estou começando agora,not-malayalam,2
Woww woww.... Katta katta waiting Lalettaaaaa,Positive,0
annaa njagal katta waiting aanu abudhabi dalma mallil... annanem pillarem kanan...,Positive,0
Trending Trending Trending......... Mamangam goes on viral,not-malayalam,2
Ntey achyaa aaa vali onnu nirthu🤣,unknown_state,1
Pwolicheeee mammookkaa ingalu oru maha sagaram thanneyaaa,Positive,0
Daily views etrayayi enn nokan varrunavar adi like,unknown_state,1
Ennalum ithrem kashttappettu dislike adikkunnadhu enthinanavo,Negative,3
Sreekumar avila prithiraj ennulla viswasam und .... So all best u guys,Positive,0
1:10 ee scene onnum cinemayil illa.... Pattich,Negative,3
Bilal jhoninu. Davide ninanil ഉണ്ടായ സന്തധി deric abraham,unknown_state,1
Mass dialogue ketittu chiri vanathu enikku mathram aano,Mixed_feelings,4
Trailer ithanenkil padathinte kaaryam parayanundo padam koluthiyal bahubaliyude colectionkke pazhamkadha,Positive,0
Verupikkal manju ullathu ozhichal baki ellam super,Mixed_feelings,4
Odiyante triler leak cheyyum ennu parayunnavarod.....ayyappante photo veettil undenkilum swamiye kanan ellavarum malaykku thanne pokum,Negative,3
First Malayalam teaser to get k likes...Lalettande mass,Positive,0
Manju warrier enthu koppe undakan irikuva,Negative,3
Mamookka eth polikkum,Positive,0
Dislike adukunna pooo maklkekk anta veral gift,Negative,3
Pokiri raja filim last sidheeq nte kaaal odikknnille apo avn ipravishym kaaalillathe nondi alle varande,unknown_state,1
Idhentha Views koodath lle. Madhuraraja okke idhillum speedil eppezho kadann poyi.....,unknown_state,1
Megastar swag 17 k views 115 k likes,not-malayalam,2
Polichu... namude ലാലേട്ടൻ.. ... rajuchettan,Positive,0
Balaalsankam.... Aaa pani njn cheyyilla... Neeyum cheyyilla,unknown_state,1
Aa urumi karakki adikkunnathu woe ROMANGIFICATION,Positive,0
Trailor angott kluch pidikunilla ellavarum support cheyyu,unknown_state,1
Randu perum vishu angot kondu poyi...... Malayalam cinema industryde uyarthu ezhunelpum,Positive,0
So much slow mo,not-malayalam,2
Bst wishes nd hpy bdy ikkaa,not-malayalam,2
Love from karnataka,not-malayalam,2
ettavum polichath bgm aanu .no raksha,Positive,0
Mammuni thendikal ethra dislikes adichalum Raja 8 nilayil pottum,Negative,3
Khalid rahman... we r katta waiting here .....,Positive,0
Thugs of hindhustan njan kandatha ...,unknown_state,1
trailer polichu ikka Marana mass,Positive,0
1:51 ....VAADA ...aa oru otta shot mathi,Positive,0
1:01 ippo manasilayile,unknown_state,1
Oru thavana kanumbozhum hype kooduvanallo Bhaghavane,Positive,0
Unni mukundan poli ikka vere,unknown_state,1
All the best mammukka... Ningal pwolik..,unknown_state,1
Ithu fan made aano pakshe lalettanunee veesham cheerillannu parayunnavar ithu lalettanee cheeru,unknown_state,1
Njan Mohanlal fan aanenkilum....... Ikka Namichu,Positive,0
Koothara mass padam.. oru simbha touch,Negative,3
DOP - GAUTHAM SANKAR ......... #schoolsenior,not-malayalam,2
Enna friendship daykku oru cake vaangichu kodukku...,unknown_state,1
Prithviraj ille ee padathil?... Padam pollikum enn thonunavar like adiku..,unknown_state,1
Ikkante mathram pilear undangilkayy adikada...,unknown_state,1
Mass entry ekka,Positive,0
kammara sambhavam madhuraraja trailer undakkiyaa aalanalle trailer undakiyathu cinema idi akathirunnal mathi vargam poloru padam ayalum mathi,Mixed_feelings,4
Haters കണ്ടം vayi panjoo raja പിള്ളേരും stronga double strongalle triple strong,Negative,3
Ente ponnoo.. Gopi Sundar .. Ingal poliyanu bro.. Mammookane pinne enthu parayaan oru raksheellaaa,Positive,0
Padam polichu mass + class movie,Positive,0
Once a king always a king #Raja,not-malayalam,2
Ikka mwuthe happy birthday lub u,Positive,0
Le tamilrockers... Bring me LUCIFER,not-malayalam,2
Ithupoloru kidukachi trailer njan vere kandittilla,Positive,0
Ikkak vinu mohan fansinte ella supportum undagumm,Positive,0
athoru valiya kadhayaa monee . paranju thudagiyaa......................super dialogue,Positive,0
Aahh kaalathille Muslim baasha enganaanoo athu polle thanneyanu lallettan ithill present cheyithirrikunnee Padam polkummmm,Positive,0
Ith kerala kkaraye ilakki marikkan irangunna padam...Ini theatre poorapparamb aavunnath kanich tharam..nee kandathonnumalla kettoda..,Negative,3
December 12 ikka Katta Waiting ikka,Positive,0
Bgm poaRaaa.... Goapi aanel maanthittaanelum Bgm GoosebumpS aakkum,Negative,3
Appol summer vacation lucifer kondu pokum,Positive,0
Ithupole aayirunnu pulimurugan inte trailer..... Pinnedu nadannathuu malayala cinemaye maatimaricha charithramm ...... Waiting for Odiyan laletta,Positive,0
Ikka fans undenghil ente page onn subscribe plz,unknown_state,1
fans kattoorkadavu comedy love scenes,not-malayalam,2
Tovino machannn nivin achachanntee pillarude katta support fans like,unknown_state,1
Pudiya pstr kanditu tralril rajuvettane nokkan vannavr like adi,unknown_state,1
Mammokkaaa katta waiting for this movie,Positive,0
Mass enn paranja pora marana mass,Positive,0
Mohanlal=manju Manju=mohanlal #manju kanji kodukendi verumo?? Lalletta aduttha filmilengilum nadiye mattane plzzz.. Illengil kanji orappa!,Negative,3
suprrbbbbb shankar sir. you are an aset to malayalam cinema,not-malayalam,2
Katta waiting Lalettan Rajuettan polichu heavy Entha oru feel,Positive,0
Hindi Tamil Telugu trailerinu wait cheyyunnavar arokke?,unknown_state,1
Eth suraj ettan vaikunundengil.....etta nighalanu epo ente superstar....parayunathinekalun nammal chaidhukanikunathila vijayam ennu ketitund...proud of u....oru aniyathikutti...,Positive,0
Ippol thanne ethra pravashyam Kandu ennu enikkariyilla,Positive,0
Unni ettan fans hit like,not-malayalam,2
YouTube hang aaayi 71k Like 16k Views,unknown_state,1
BGm.. Uffffff... Romanjam.... Katta Romanjam Epic Mamangam.. മമ്മൂക്ക Haters.... ചാവാൻ ഒരുങ്ങിക്കോ,Positive,0
Karikkinde video vare oru divasam 5million view ivide mamangathinu endu kond aa pradhanyam kodukkunnilla,unknown_state,1
212k wtf? 202 k likes and 20k dislike?,unknown_state,1
Asooyamootha laalunnikal kuthiyirunnu dislike adikkunnu .poy chaavinadaa,Negative,3
katta waiting mamangam njanum undakum November 21,Positive,0
Lucifer Mass kuranja strogillatha trailor.madhuraraja teaser tripple strong mass.mohanlal mass look 100/100.mammoottymass look 100/100.lucifer trailorinekkal kidilan madhuraraja teaser.,unknown_state,1
Any jayasurya Anna fan like here from Tamilnadu,not-malayalam,2
From tamilnadu mamukka fan vera level,Positive,0
Trailer athra pora ennalum cinema polikaneeeerrr,Mixed_feelings,4
Views ethrayaayenn 5,unknown_state,1
Kidivey ennu parayunnilla athilum valuthIkka prathekshakalkkappuram,Positive,0
Enthoke paranjalum anu mol Dhileepettanu nallonam cherunnund,Positive,0
Ikka mass Kolamass no raksha,Positive,0
ith Challi annu ennu urapulavark like adikam,unknown_state,1
Tech and hack updates aaaii channal kannan marakallaaa..,unknown_state,1
TT full time Cigaretteilanallo padathil.Cigarettinodenthenkilum virodhamundo,unknown_state,1
Looking like little Chekka Chevantha Vanam,not-malayalam,2
Waiting for kaappaan .Suriya and mohanlal combo,not-malayalam,2
raja muthalla jeevana 67 vayassilum nthoru energy proud to be mammoka fan,Positive,0
Luciferinte athrayum eatthilla ninte vatturaja pinna sunny chechie ullathu kondu kaanaaaam,Negative,3
kanunnathin anusarich veendum veendum kanan thonnunu,Positive,0
E padathodu koodi tovino Thomas super star,Positive,0
MAMMOOKKA chakkalla chakkidippumalla chakkillae chorayaa nalla KATTA chorraaa...,unknown_state,1
Nalla kidilan trailer . Ithu kidukkum.wo,Positive,0
Pandaram adangan kanditu angu mathiyavanilaalo...Onnonara trailer annaaa,Positive,0
Ithilude enkilum tirichu varuka lalettan fans waiting....,Positive,0
Sreelumaram kandu padilli aampillaru cinemayedukkunnathu engane ennu,Positive,0
Mamangam fans show kandirikkum ad ini eath time ayalum ikkayum eattanum namukk oru Poleyalle,Positive,0
aadhyamayittanu oru nmalayala sinimayude trailer ithrayum dhivasam trendingil nilkkunnath !,Positive,0
Kandirikum..december season jayettan lelathil angu pidichunu paranjekk kta..jayasurya fans oru like adiche....,Positive,0
daivame chadichooo copy sundaran analloooo ini enthellaam kaananam,Negative,3
Trailer Kandal ariyam super hit aakum,Positive,0
Dislike adicha makkale okke onn kaanendi varum,Negative,3
V A sree kumar is indian film joker in malayalam industry fool poda sree kumari myre poyi chavada vatta,Negative,3
Trailer releasin munpe vann dislike adich pokunna kure vaanangal... 🤐 antha bayam irkattum...,Negative,3
lalettante mass kanam vannavar mathram adiikku like#latettan poli,Positive,0
Its wanaah great¥€¥ polichu laalettan chankanu chankidippanu lalettaan,Positive,0
രോമാഞ്ചം ഇതാണ് real megastar ilove mammukka,Positive,0
Mammooka ingalu powli anu ... Waiting,Positive,0
Inganoru adaar trailer kanditt dislike adikkan aarkka thonnukaa...even the haters cannot...ikka superb🤩,Positive,0
Havy Trailer enikkoru 10 like Tharp,Positive,0
Idivett trailer . Mammukka ennum njangalde swantham,Positive,0
12 varsham ithinuvendi jeevicha oraalude chorayanu ee cinema. Ellavarum nannayi varum...,unknown_state,1
lalettan annum innum kolla mass ejjathi feel,Positive,0
Tamil people always like mamooty sir,not-malayalam,2
Woooow..... from Sri Lanka,not-malayalam,2
Prithvirajnte movie alle...Appol aa oru standard prathikeshikam.... Trailer kalakki,Positive,0
Marakkar polichadukkum Mone kando laletta Love you,Positive,0
IAM LALETTAN fan but Mammokka us marana mass,Positive,0
Padam muzhuvan trailer il thanne indalla,Mixed_feelings,4
Nala movie aayirunu..ottum flexible alaatha lalettann edhin onum patilaa..meesha pirii role thanaal ok,Negative,3
Love u lalettaa.. ithupoloru film... malalayalathil aarkk edukkaan pattum?,unknown_state,1
Lahari channel subscibers orupad koodii MAMANKAM karnam,unknown_state,1
Ente doubt enthaan vechal aaran ee Lucifer ?,unknown_state,1
Ee quliti anu Malayalam filims vadathu,unknown_state,1
Ntammo ikka pwolichu Padam kidu Aayirikkum,Positive,0
അബ്രാം ഖുറേഷി... FaNS.. Hit The LIKE Button.. Adichu pottikeda makkale,unknown_state,1
200 kodi clubil orapullavar like pls,unknown_state,1
2.k dislikes. Nthonadey nallathine nallath enn parayanam. Kayakulam kochuniye kall Kollam,Negative,3
Pwli pwli entammoooo reksha illa marana mass Ettan pakka masss,Positive,0
Trailer ethra thavana kandunn oorma ollavarundo....kandittum kandittum mathiyaavunnillaa....ikkaa,Positive,0
Katta waiting mone aganeyenkilum 8or clock aayikundenkil,Positive,0
vishuvinu padakkam kittathe iriikayirunnu... ikkayudepadakkam vannappo santhoshaaayi,Negative,3
Katta Waiting..... Suraj Ettanteyum Saubin Sahirinteyum... Vere Level Comady Film Aaavaam,Positive,0
Kanditt oru 10 Kollam mumbu irangiyenkil Hit aakenda item pole thonni... Anyways all the best Team TP,Mixed_feelings,4
Entirely different dileep etta A10 okke kanunundallo alle,unknown_state,1
Vada.. ithu kettu romancham vannavarku likenulla coment,unknown_state,1
Tamil Die Hard Mohan Lal fan,not-malayalam,2
1:34 BG il blur aayt nikuna aal prithvi aayt thonyath nik mathranoo?,unknown_state,1
Polich . Best film in 2019,Positive,0
0:48 nammude Pubg SLR nu vendi oru like ADI🤗🤗,unknown_state,1
ithu tanda mammoty. late aayi vandhalum latest aayi vanthiduve da,Positive,0
Lucifer ethara view anenu nokan idaku idaku varunavaruku likean ulla sathalam,unknown_state,1
Dislike adikunavanmaruda oru thandakku vili varavu vechakke,Negative,3
Luccifer trailerinu 10 millionilethicha. Editarmaarile pon sooryan,Positive,0
Mammokka nigalude hardworkinu nalla vijayam thane kittum,Positive,0
Better get Sam and Dean after him,not-malayalam,2
Ntey mashey...... Sammadikoollalley ikka fan akann......,Positive,0
Fuckin hell !! Kalakki mone !,Mixed_feelings,4
Ee trailer ippo kanan varunnavar adi like..,unknown_state,1
Odiyan fans like here.100 CR collectn kitumnu orapullavar like,unknown_state,1
Endhinaa makkale kooduthal aa varavoru varavaraaan mmle swandham ikka,Positive,0
Ee onam ini arum nokkandaa ettan parayan paranju,Positive,0
Trailer rum teaser rum Vidal cinema eganeya endho. Chilayidathokke VELLIMOOGA FEEL kittyavarokke adikkeda like,Mixed_feelings,4
bilalainu david nainanu undaya nalla kolakolli item,Positive,0
Shame on those 16 k dislikes .....,not-malayalam,2
Kanan pattilla muthe nmmale Malaysia il apol vrunne,unknown_state,1
#USE #HEADPHONE #FOR #BETTER QUALITY OF #BGM #GOPIYETTAN,not-malayalam,2
eda rithwik nine njan theriparjilaloo ennitt ninte samkkaram kanichuvale f fff .valarthu dhosham nint ppp,Negative,3
Trailer superb but odiyanum inganaarnnu,Mixed_feelings,4
Unni mukundhantea oru dialogue kelkan aaaagrahichavarundo,unknown_state,1
pinne JAPAN ne kurich parayanda ...nalu BENGALIKAL ninn randu sidelnn mannu valichu kadalilekk ittal theeravunnathe ullu,Mixed_feelings,4
Stephen thanne kolam enn parayunnavar adi like,unknown_state,1
13 minutes 94k viewers ith polikkum,Positive,0
Ithoru powli powlikkum ikka marana mass.,Positive,0
8 mani onnu vegan aavu,unknown_state,1
Movie kandathine shesham vannavarundengii adiyada oru Madura like,unknown_state,1
Ittichante vaka oru sample vedikettu koodi,unknown_state,1
Just 68 years young man mammukka,not-malayalam,2
Ithu vere oru cinema aakiya mathiyayirinnu. This is nothing at all like pokkiriraja,Mixed_feelings,4
Ithu vere level aane makkale.,Positive,0
175k likes,not-malayalam,2
Villain looks like mass hero 🥰🥰🥰,not-malayalam,2
KANJI CHODHICHU INI ARUM VARARUTH ASSAL BIRIYANI THANNE ANGU THANNU VITTITTUNDENNU PARANJEKKU,Positive,0
Ithoru onn onnara item thanne Love u mammoookaaa,Positive,0
Ithinidakk 2 pearum dislike paniyum kashttam,Negative,3
Trailer last seen onnu oorthu vecho,unknown_state,1
1:23 ee shot repeat adich theatre il enganirikkum enn alojich romanjam konda etra perond,Positive,0
I'm from Karnataka I'm Big fan... Mohanlal,not-malayalam,2
Ethokke aranavo unlike adikkuneeee.. .Aaaa Freak pennu song like adichavar analley,Negative,3
Prthwiraj ulla karyam twist ayi poyi,unknown_state,1
Dileepum anusitrarem oreclassil irunnu padichatha ennude para. Adipoli cinema,unknown_state,1
Kalakkan kidu marana mass mammukka pwolikyum,Positive,0
Aadyayitta oru comment vidune video kandaal aarum onnu comment ittupovum,Positive,0
lalettan kalakki.....polich...... ithine vellan oru madhurarjayude treaserinum pattilla,Positive,0
Surajinu ee vesham okkea kodukaathe..athraku prayam onnumilla ee manusysnu..,Mixed_feelings,4
8 hour kazhinjittum 1M polum aayilla,unknown_state,1
Kallay thuramukathey ghureshimarod chodichariyanamyrunu chadrothey churika chooru mammmoooka ningal mwuthaan,unknown_state,1
0:36 to 0:39-En peru chinna Raja annanoda thambi maari$ Hit like for jai,not-malayalam,2
10k Like Challenge........ Only for Lalettan Fans................,unknown_state,1
Naalu bengalikal rand side il ninn mannu valich kadalilitta theerunnathe ullu ninte japan,unknown_state,1
Chekkan ennaa look aahh.. Tovi ishtam,Positive,0
Cinema kand vannathin shesham trailer onnoodi kanumbo adipoli feel,Positive,0
Enna parayana onnum parayanilla,unknown_state,1
Dislike adikkunna aalukal nthayalum nalla thanthakk pirannavaralla...angane ulla shikandikalkk ente naduviral pranamam,Negative,3
Lalettande Innathe level kande asooyade kuru pottiyavammarde 5.1K dislike,Negative,3
Dislike cheyunavare odiyan urumbu kadikunathu ayrikum .,Negative,3
2010 annum 2019 eenu raja super aanu,Positive,0
Romam oke eneetu ninnu salute chyum,Positive,0
Madhuraraja mass 2 days 2 million views,not-malayalam,2
Rocking star yash fans Karnataka trailer is superb movie is BLOCKBUSTER,not-malayalam,2
Wow ikka Oru rakshayum illa,Positive,0
you tube hang ayo views kanikkunnillallo,unknown_state,1
trailer pwolichu.mammukka kalaki but bgm kurachukudi adipwoli akarnnu,Positive,0
Mammottykku mathram oru Nalla padavum illa,Negative,3
BGM ejjathi...romancham...athine pati adhikam paranju kandilla,Positive,0
kalakki ikka ith adar item arikkum,Positive,0
Ethinu unlike adicha haters movie release akumbooo kandam vazi odan rediyayikkkooooooo....ettan fan....,Negative,3
Appo lucifer theernnu.lalettaa varunnathu RAAJAyaanu MEGA star MAMMOOTTYude MADHURARAAJA,Positive,0
3 millon view in 21 hours..voww,not-malayalam,2
Eee muvie supperb aavumnnu urappullavar like hear,Positive,0
ingerum verum myran aan padukilavan mammooty myran,Negative,3
Laletta inghal pande vera level aah...pande nenjil kond nadakunaathaa ente swantham lalettaneLub uh laletta,Positive,0
Ittimaniyil... LOVE und.... ACTION illa....DRAMA und... Movie bore adipikilla..Poi.. Kandu.. Istapetu...,Positive,0
ز ن ٍّ. ً,not-malayalam,2
Ekka yude strong character .enn abhiprayam ullavar like adiii,unknown_state,1
Eee cheenja slr thokk vech aana ivar pokune,unknown_state,1
Ithu oru onnonnara item aayi poi..,Positive,0
ithenthonna ithra valiya traileronnuallallo....oru saada chalikal neracha ippo adhikavum kand varunna type trailer,Negative,3
Sharikkulla malayaleezine kananamengill link click cheyyu,unknown_state,1
Itil alle pearle maaney ulluathu.... Trailer il illallo,unknown_state,1
Unlike itta ororutharkum Ulla adiyakatte ivde idunna like nu,Negative,3
Ente Peru Chodikkaathe eduthathil paribhavamilla ketto.. Cinema super aanenn trailer kandappol thanne manassilaayii,Positive,0
Ningal mohanlal fan annel like adiku...,unknown_state,1
Hey Lucifer Bai inn etra pere konnu? Like kgf,unknown_state,1
4k sangi polayadi dislike fucking sangi,unknown_state,1
Aaahnjonnu mukiyal theeravunna presnam ullu ellathinum,unknown_state,1
Hang mariyoo... Real time views set ayoo...,unknown_state,1
Malayalam movies... Epothum puthumayana etharthaamana kathaikal.. I love malayalam movies... Annaben,not-malayalam,2
Ithrayadhikam dislikes...... really ashaming... vallathoru manass,Negative,3
Ithenthaa pinnem pinnem kaanan thonnune.. Ejaathi addicted,Positive,0
Near to 1M Keri pwolikken ikka boyz,unknown_state,1
Puram thudangan eni minutugal mathram bhakki,Positive,0
I WISH IF IT WAS WRITTEN BY MT AND DIRECTED BY I V SASI OR HARIHARAN.......,not-malayalam,2
Lalettan powlich.. love you laletta,Positive,0
Aiwaaa... aaa last scene.... ente ponney ejjaathi trailer,Positive,0
Well done YouTube,not-malayalam,2
Dislike adicha Ella achanillathavarkkum nadu viral pranamam,Negative,3
00.52..rajuetta cute,not-malayalam,2
Laleta you are a sensation and pritvi cheta you are a genius,Positive,0
Last 8 sec ufff injaathi ikka ingal poliyatta,Positive,0
Makkale idh verum sample kali kanenamengil Nov 21 nu va,unknown_state,1
Njn lalettan fan okke thanneya...but ikkeede aduthuunnu adutha oru pulimurugan pratheekshikkunnu,Positive,0
Ithu 100cr ennu parayunnavar like adiku,Positive,0
Njanum ente pillarum stronga double strong Alla tripple strong,Positive,0
Keralathil kingum devilum godum ellam ettananu ..this is mohanlalwood,Positive,0
Trailer crisp akaamayirunnu..too much aayi poyi..,Negative,3
27k dis like athinu mathram enthu kuravanu ningal ea teasaril kandathu,Negative,3
Bgm nalla parijayam undallo...evidunnalem saggathi polichu,Mixed_feelings,4
Mass trailer kidu bgm ikka thakarthu.,Positive,0
enne pole lalettan mammookka hybrid fan arellum undoo..ullavar like amarthy pwolikku,unknown_state,1
Itinum dislike adikkan aalundallo...nallatine angeegarikkan padikk... duranthangal...,Negative,3
Pritviraj..mammukka... Once again pokkiriraja experience...,not-malayalam,2
Uff ikkaaaaaa ..... Subscribe to my channel all ikka fans,unknown_state,1
HISTORY OF POWER HISTORY OF VENGEANCE HISTORY OF PAIN HISTORY OF HOPE HISTORY OF AN ERA HISTORY OF THE BRAVE,not-malayalam,2
Best Malayalam movie trailer I've seen!,not-malayalam,2
Thalaivaaaaa views nokan ratri 2manik alaramvechenitu rajada pillaru ട്രിപ്പിൾ stronganu theliyikum wait,Positive,0
Ippozhum repeated kaanunna ikka fans ndo,unknown_state,1
YouTube veendum hangayi 16,unknown_state,1
Ith item kollallo.. variety anu.. sambhavam kidukkum,Positive,0
IKKA and ITTHA fans like here,not-malayalam,2
Eattavum miss cheyyunnathu prithviraj,Mixed_feelings,4
Mammoty Fan Like Dulqar salmaan Fan Comment,not-malayalam,2
Ente ponnu ikka nigal vere level aanu,Positive,0
Ittichaya aa pothirachi dilogue....... noominu angu bheshayi istaayii...anyway achayan marennu paranjal athu oru bhaagyama....,Positive,0
Poli.... Ikkakk 20 yrs age kurangath pole... Enna looka,Positive,0
Ikkayude kali mollywood kaanaan pokunnathe ullu. Maamangam,Positive,0
Mamuka oru tharam vikaramann namuk Namude mamuka superaa mamuka fans like,unknown_state,1
Chakkasivandha vanam line... thonnal mathram aavatte... athrakkk oru budhiyillatharam kaattilla rajuvettan.... katta waiting.... lalettan rajuvettan ishtam...,Mixed_feelings,4
Sherikkum il prithvirajinte koravu enthayalum undavum,Mixed_feelings,4
Salimkumar comedy verupikkum enna kariyathil urappayyi,Negative,3
ikkade ethu videoyum trendingill undaavum athu 1m mugalill views,Positive,0
Name kettapo oru Antichrist movie aanu ennu thonniyirunnu but mistaken,unknown_state,1
Sathyam paranja valya punch onum kittila..,Mixed_feelings,4
Mammookka polikkum enn urappullavar adi like. Njn like adikkunnuuu,Positive,0
kidu padam jst watched ponnikka ingala maranamass aanu,Positive,0
Any Suriya Anna fans... Waiting for kaappaan suriya+mohanlal=...Best wishes from TN Suriya fans,not-malayalam,2
Trailer vijaricha athra oru gum aayila le...Saramila padam nannayal mathi..,Mixed_feelings,4
Mammokka fans like here...... Fansinte power nokatte,unknown_state,1
Ee maha avataratte nerkku ner illadakkan marakkar padu pedolo ishwaraa.. 1:17 bgm,Positive,0
Mohanlal Fans & Prithviraj Fans Like Here,not-malayalam,2
Trailer kollam.... But Oru Telugu padam pole irikanu... Enthayalum oru action packed mass padam aayirikum,Mixed_feelings,4
Plese upload sunny Leone scene.,not-malayalam,2
2M views and 200k likes loading,not-malayalam,2
Romaanja kanjuka kunjukamaay... The BOss Of MollYwooD....,Positive,0
heavy ennu paranja pora.. athukkum mele...,Positive,0
EMPURAANum ithum koodi orumichu release cheyyanam.... Pwoliyarikkum.,Positive,0
Enne channel subscribe cheyyu na ellavareum njnum cheyyum,unknown_state,1
lub u lub u..... Laletta ..... L... U... C.... I... F... A.....R.,Positive,0
Amboo polichuu ikkaa pwolikum film,Positive,0
Oru bhanndhavum illatha thani malayalam trailerukale polichichadukkiya trailer.,Positive,0
TGFnum masterpiecenum shesham adutha vvan hit aakan pokkunna film,Positive,0
Ikkakyu lalettan fans nte Aashamsaghal,Positive,0
December 12 inn katta waitingullar like poad,unknown_state,1
Madhura raja oru sadarana padam aaan #twist twist🥰,unknown_state,1
Entammo enthuvada ith enn trailer kandapol manasil karuthiyavar like adi,unknown_state,1
Njan oru katta laletten fana but ith pwolichu alla ith pwolikum,Positive,0
ithiri ponna commediane ozhivakki selective akoo laletta..,Mixed_feelings,4
Muruka ne theernnada Mammokka fans jpg,unknown_state,1
Lift il aanu helan nu manasilayavar like adikk,unknown_state,1
Sound l endo oru mistake ulla pole thonni... Enikk matram ano??!!,Mixed_feelings,4
Oru rakshayum illa..joli kazhin ksheenichirangiya enik ippo oru energy okke thonunu.. #Mamangam,Positive,0
Best actor film evdeyo keri varunnu,Mixed_feelings,4
85 minutes more nta Ikka ya kanan,Positive,0
Ith kgf poolee kadhaparachilanooo by indhrajith,unknown_state,1
Trailer nu vendi ithreyum kathirunnavar arokke,unknown_state,1
Arjun Reddy trailer bgm ayitu samyam undoo🤔🤔🤔🤔🤔,unknown_state,1
I'm from Czechoslovakia. I'm a fan of Mohanlal. Muruka,not-malayalam,2
Mammookka fans and prithvi fans like here,not-malayalam,2
Kandittum kandittum mathivarunnilla ..entho oru magic trailer I'll und..appo filim ethanennu uhikan pattunilla,Positive,0
Onnil kuduthal kandavar like cheyyu ivide,unknown_state,1
Ijadhi Powli Trailer Mammookka Katta Kiduve BGM Vere Level,Positive,0
mamokka ningal undekil pinnea onnum parayanjila,unknown_state,1
Mass okeyanu... Over akathirunna mathyarnu... Malayalathil oru mass police Padam kandit ethra kalayi... Minnichekane...,Mixed_feelings,4
Endammooo . Kidukachi Item . Mohanlal Fans Like adich polichek,Positive,0
Any like beggars here from kerala,not-malayalam,2
Natmmooo. Oru raksemm teaser ulla problems oke ozhivaki,Positive,0
Big b model... Ikka fans hit like,Positive,0
lallettta mass kola mass still waiting,Positive,0
Kgf chapter 2 nu vaikalam pola,unknown_state,1
Masann enn paranjal marana mass ith polikum,Positive,0
Laletta neenga chumma MGR madiri thaga thaga nu minringa,not-malayalam,2
Spr item rajuettan nalla making Lalettante karyam parayandallo,Positive,0
Ikka enna glamara Ee glamar nilakuvanum Venunullavaer Ivide like potticho,unknown_state,1
Mammukka,Positive,0
Next 200 Crore club Malayalam muvi,not-malayalam,2
ITHU ORU ONN ONNARA ITEM AANEEE,Positive,0
Suraj Ettan nn kuruch koodi screen time kodukayirinu... Prithiviraj de direction reference kaliki Overall pwoli padam,Positive,0
As 15k dislike itavarod aranenokke mansilayi oru choddyam Nanam undo,Negative,3
Support our FB Mobile photography page,not-malayalam,2
Me bangal.. i like lal sir.. saw many time pulimurungan,not-malayalam,2
Ippozhum #1 trending Ikka enna summava,Positive,0
Kandappo oru kuliru keri mone🤗. Ningalkkum vannengil like here,Positive,0
Ee padam pwolikkum pwoli teaser teaser...,Positive,0
8.5k dislikers are bahubali people . From Hyderabad Telangana,not-malayalam,2
Annum innum ennum rajade pilleru triple strongaaa.....uyirdaaaa,Positive,0
9 min...54 k like.....madhura rajaa daaa,unknown_state,1
Marana mass kettitellu. Eppam kandu. Prithi & lalettan combo polikuumm,Positive,0
Njanentha ipam kande... Ivide enna oru BGM,Positive,0
Eth pokirirajayo pulimurakano atho lucifero ellam mix cheythittundello koode rajani dialogue um,Mixed_feelings,4
Ithinu dis like adichavarude manasika nila thettiyirikkuva.. Trailer kidilan Oru rekshayum illa,Negative,3
Unda kaanan paisa illatha Njan engane ini Ithu kaanum oru pavam mammootty fan,unknown_state,1
Love From SriLanka Anyone SriLankans hit like,not-malayalam,2
Seems like a good thriller,not-malayalam,2
Endokke ayerunnu.... Lag padam... Monee shree,Negative,3
Pritviraj ellareyum kondu English parayippichu. Bhayangaram thanne.,unknown_state,1
Onnum parayanilla... Like button adich pottikkk🤩,unknown_state,1
Screen presence il mass kanikaan mammukka kazhinjitte mattaarum,Positive,0
192 k viws 196 k like,not-malayalam,2
Dileepnte jeevidha kadha ano e cinima,unknown_state,1
Luciferine malarthi adikkaan RAJA vannu makkale,Positive,0
Erangunnathinu munbu Thane 4.2k like aayi trailern,Positive,0
Dislike adicha mahanmare cinema erangumbo kananam,Negative,3
Enikkoru the 10 like tharo chunkZzzzzzzzzzzzzzzzzzzzz,unknown_state,1
Adar Trailer ......summer mass entertainer thanne aayirikum enn pratheekshikunnu......,Positive,0
കുരു കുറെ എണ്ണത്തിനു പൊട്ടുനീണ്ടു ...trailer upload avunathinu munbe thane 3k+ dislike ayiii....Ntha cheyale rodhanam,Negative,3
Ithil mammookakk role undo. Motham aa pilleraya kaniche mammokka mass,Mixed_feelings,4
Eeswaraa mammoty um prithviyum classmates aitano,unknown_state,1
Trailer kandu for sunny leone and mammokka,Positive,0
Twist enthaanenn trailer kandappol thanne manassilaayi,Negative,3
Heyyy Super pa.... Meratuthu,not-malayalam,2
Dis like adikkan kure myranmar vannolum,Negative,3
Agane veedum oru mass's padam mm...,unknown_state,1
All the best Lalettan and rajuettan from all Kerala allu arjun fans.,not-malayalam,2
Madhuraraaja trailer kandu evide vannavar like🥰🥰🥰🥰,unknown_state,1
Nalla movie aanu ellarum kananam surajettam pwolichu. Nalla oru massage thanna movie.,Positive,0
All the best lalletta oru katta Messi & ikka fan,Positive,0
sukurthukkale enikk oru karyave parayanollu dis like adichum aavishyam illatha troll paranjum veruppikkalle nammade swathalle lalettan nammal malayalikalude abhimanamalle,Positive,0
rajuvettan lalletan hit kazingi ini rajuvettan mammoka hit rajuvettan ishtam🥰,Positive,0
Ithu kaanumbo aanau triple strong okke edthu kinattil idaan thonnane.....Lucifer,Negative,3
Hi friends Pls. Watch. LUCIFER AIRLINE POSTER,not-malayalam,2
location kanditundo...Kandu nokku super location....,unknown_state,1
Title il Suraj ettante peru vekkaathath moshaayipoyi..,Negative,3
Megastar mammookka Fanz like adichu polikk,unknown_state,1
Entammoo... Serikum romancham. Lalettaaa,Positive,0
nama hero december 12 wait & see mamamaga maha magam kankulirke kandoli the face of Indian cinima,Positive,0
Madhura raja....kandadhil vechu adipoli thagarppan movie...mammukka,Positive,0
ayye mechalla Lucifer daa Lalettan fan like adi,Mixed_feelings,4
zayed masood aka prithvi .01 <3,not-malayalam,2
EVIDE YO ENTHO ORU TWIST... MANAKKUNNALLO🤔,unknown_state,1
Njan Lalettan fan aaanu. Athukondu thanne parayua. Comment adichu Nammal odiyan aaakinmattanda. Padam kudu aaavum. Coz this is mohanlal,Positive,0
Maranamass padam....Padam kandittum njan thaa trailer kaanunnu,Positive,0
Dileepetan and nadirshaikka .sideeqikka itu pwolikum .dieelpetan snehikunnavar like adichu poyikolu,Positive,0
Alla....manasilalyoooo....... Viswasichu koodevarunnavare jeeevanaan .....eetu....jeevan .....koduthayaaalum ...... Samrakshichirkkum....... Madhura Raja .......,unknown_state,1
H E A V Y Y Y Y,not-malayalam,2
Ikka kathirikunuuuuu orupadu predhishyodaii madhura Raj valiy vijayum kaikolatai annu ashamsikunu,Positive,0
26K malaghamar dislike adichirikkunnu....Sahikkanjittanu vere onnumalla.....kashtam....dhaivathinte sontham nadu,Negative,3
Christiansinte idayil oru pere ullu Lucifer,unknown_state,1
Njan aarudeyum fan alla Annalum eth madurarajayekkal hit aakum orapp,Positive,0
Ikkas padakkam number 04 of 2018 loading,Negative,3
Malayalam text bookil kandu maranna mamagnam Puthiya avatharam edukkunnu,unknown_state,1
pinne ee japaane kond oonum parayanda ........ sirich sirich chathu,Positive,0
48 years of legacy 🥰 Happy birthday mammookaaa🥰🥰,not-malayalam,2
ith oru ononara muthalaa ...lalettan.....katta waitingg,Positive,0
Vannu kannu mone poliyalla marana mass da ikkaa love you,Positive,0
ekka faans likes here njanum ente kalikkarum stronga 3ble strong,unknown_state,1
Adhyam Cheka chivandha vaanam polae thonni....pinne maari Vivek oberoi....spl aayi thonni,Positive,0
Ittimaniyile laleattente look ishtamaayavar like adi....,unknown_state,1
Vere level .. cinema aakum. Ithu,Positive,0
Superb Katta suppor By Ettan fans,Positive,0
192k views and 192k likes,not-malayalam,2
Enna oru feel olla trailer,Positive,0
Kiddu trailer ....last momukka oduna scene pwolichu.nala ore visual treat avatay mamagam....,Positive,0
Bgm uff narasimham feel,Positive,0
Oru rakshela padathin vendi katta waiting,Positive,0
ഇത് ഒരു realistic movie ayirikkum annu urappullavar like,unknown_state,1
Aaz dki hindi dub #vivek oberoie osm movie h,not-malayalam,2
Keralathinteyom madhurayodeyom Raja nammode swantham ikka,Positive,0
Mohan Lal ayirunnenkil super ayene ..ithu chapli ayi poyi...,Negative,3
Mamankam FDFS arokke indakkum like adichhee,unknown_state,1
Cinemakku vallathum baaki vachitundu trailer cheta...,Mixed_feelings,4
Madhrchod bollywood kuch toh tum vi banayo..,not-malayalam,2
Padachooone....BGM..kett vaaa polich poyath njn mathram aaahno.?,Positive,0
Tollywood - Bahubali Kollywood - 2.O Sandalwood - KGF Mollywood - Mamangam,not-malayalam,2
Muruka nee theernada' ini odiyan jaalam,Positive,0
Kolamass villian ayirikum ennu thonniyathu eniku mathram ano??,unknown_state,1
Mamookka polichu Mammookka By Diehard Laleetan Fan,not-malayalam,2
Malayalam cinema pathiye Telungu padam pole avukayano?,unknown_state,1
BG Music nammude CIA yude BGM pole undalo 🤔,Mixed_feelings,4
Mohanlal fans nte oru gadikedu Ithokke theater el poyi kaanaade,Negative,3
Social media vazhi paranju perippichu raju. .,Negative,3
Ben johnson mani police was soopr. Idikkokke enna weightaa. Tovino pora,Mixed_feelings,4
Ente ponno ithreyum kathu irunne trailer vere illa ikka uyir,Positive,0
Jayasurya pandathetilum poliyali enn tonniyatu enikk maatramanno,Positive,0
Dislike adichavan maarude nenjathu irikkatte ente like THENDIKAL,Negative,3
Koreye naalayi adi padam kandit..,unknown_state,1
4 million ayonn nokan vamnnavar like... cmnt,unknown_state,1
Lvl trailer Raju etta polich Odiyan ondakkiya chethapperu marum enn urappayi Good work,Positive,0
Eth 2 um kalpichulla padam aanenn urapp aayi,unknown_state,1
First show kanum enn urappullavar like adi,Positive,0
28 lucifer release ente bday pwoli,Positive,0
Kali bwendaa mwonee ikkka mess daa,not-malayalam,2
Film kandu..mikacha chithram..mohanlal manju warier magic..,Positive,0
Vindum vindum repeatadichu kanunna lalettan fans undel ivide likeadi,unknown_state,1
Iam tamilnadu kerala peoples also good,not-malayalam,2
rajuvettan marana mass .....laletan kola mass,Positive,0
NEXT MASS HIT OF LALETTAN...MARANA MASS HIT,Positive,0
Ethu kochunni model aanooo...ankil lalettan polikum....,unknown_state,1
Ikka uyir aane ennullvar like adikk machaanmaree 🥰🥰,Positive,0
Bahubaliyumayi kattakk nikkan pattiya padam. Mammmookka U are still young,Positive,0
J'adore ce film et cet acteur,not-malayalam,2
Kayy adi makkale parayam verum akkagalakki mattiya manushan,Positive,0
i am Kannada i dont understand language but super,not-malayalam,2
irangunne munne dislike adikkunna thanthakku munne undaaya makkalku midile Finger,Negative,3
oola mammootty ku pattilla ithu cheyyan,Negative,3
Trailer kanda trolanmarukku ettinte pani kodutha etttan te mass entry kku kodukanam oru like,unknown_state,1
1.56 to 2.00 made my day,not-malayalam,2
trailer verunnathinu munpu dislike cheythavarkkum ikka hatersintem nenju thulakkunna unda ayirikkum eee film ennu urapp ollavar adi like,unknown_state,1
Muttamariyans Mammunni Myra raja team omkv,Negative,3
Katta lallettan fana..ennalum trailer Kollam variety ayitund.nice bgm....,Positive,0
Oooo Odiyan,Negative,3
Oru vattam kandittum veendum kanan vannavar like adikke...,Positive,0
Ente ponneda uvv ee,Positive,0
Japan ne patty angane paranjath ottum sheri ayilla...ee dialogue ezhuthyavan odikkunna vandi Japan il undakkiyathanenn orkkanam,Mixed_feelings,4
ഏട്ടാ...... മാസ്സ്.... ... വയ്യ.... പൊളി ആണ്...... no. Words...... luv ഒരു ആയിരം ummmmaaaaaaaaaaaaaaaaaaaaaaaaaaaaaaaaaaaaaaa,Positive,0
Alla pokri rajyil sidekinety Kai vettuley,unknown_state,1
Ithann njangal kaathirunna vintage ettan love you etta,Positive,0
Rajaye... Kandittu derickine kanan vanathu njan mathram anooo.... 🤗,unknown_state,1
Raja chaadiyal muttolam pinnem chaadiyal chattiyolam....,unknown_state,1
Chela forest seen okke evido kandapole 🤔🤔🤔🤔🤔 aaaaaaaaa.......pulimurukan..........,Mixed_feelings,4
Mass movie. Madurai rajja odikko,Positive,0
Adaar item orungi....kaathirunnolu ini ball njngalde kayil aan....!!,Positive,0
Lalettan fans like adike support me,unknown_state,1
oru rakshayum illa surajettande abhinayam surajettande abhinayam ishtapettavar thazhe like adikvo?,Positive,0
De pinneyum youtubil trending no 1,Positive,0
Kumbalangi nights ile penkutti allee ith,unknown_state,1
Randennam adichitt kaanumbo waav........ Sooooooooperb trailer.... Lucifer le L neengumbo.... Ennaaa oru paranjariyikkaan pattaathathra aimaaaaaaaa....,Positive,0
Thalapathy vijay & lalettan fanz hit like,not-malayalam,2
Nalla oombiya trailer.. Mammootty kilavane kayaril ketti pokkunnathu kanan ente patti pokum...,Negative,3
0:42 big b aane enne thonne pooye,unknown_state,1
face Of Indian cinema Mega Mammokka,not-malayalam,2
Who are you mr Athoru velya kadhaya mone Paranj tudangya oru 10 - 30 kollathe charitram prynm Ikkaa,unknown_state,1
Ee kidu remake onnu kandu nokku,unknown_state,1
mohanlal all over tamil nadu fans club again... love u thalaiva vera level...marana maas.,not-malayalam,2
Oh . Oru rakshem illa . Emmadiri item .,Positive,0
aa ting ting piano evidayoo keettapolle...🤔🤔,unknown_state,1
5th മെഗാ hitte eannu urappullavar അടി makkalle likebutton,unknown_state,1
kandidte oru shogam padam akuna thonathe parayan patula mamooty prithviraj okke inde,Mixed_feelings,4
Tovi 🥰 Best Wishes From #Kunjikka Fans,not-malayalam,2
Thalkalam dq um rajum nivinum okay padanjarottu thirinjirinno,Negative,3
1 year of AS. Aarokke trailer kanan vannu 1 year aayath kond,unknown_state,1
Movie kaboor ayerikkum ikka alle actor,Positive,0
Addi poolliiii..odiyanna kaall ushirooodukudiii LUCIFER..MARANAA MASSSSS,Positive,0
Koora padam urappa kandal aryam.. Hello,Negative,3
Oru rakshayum ila mass kola massss #Ettan,Positive,0
Trailer pollichu Last seen repeat adichukandavar like adikk,Positive,0
Arum angna kuttam parayatha oru trailer Nice #MAMMOOTTY !,Positive,0
My gosh hollywood bgm and entry mammoka muwaaaa,not-malayalam,2
Ikka vere level ttaaaaaa.. All the best... Ithu thakarkum,Positive,0
Vadakkan veeragaadhayileyum pazhassirajayileum kanakku allathe puthiya oru thalathil mammookkaye thannathinu nandhi,Positive,0
Madurajaye kandam vazhi odicha prathi Lucifer Lucifer Lucifer,unknown_state,1
Mr. Pritviraj ithaano simple cinema?? Ente romam ippozhum eneettu nilkkuva,Positive,0
#thalapathy #vijay #tamilsong #tamilmemes #tamildubsmash #tamilnadu #tamilbgm,not-malayalam,2
E filim ethe vare kanathavar undo,unknown_state,1
Ikka njanngalund kude ingalu pullikku muthee,Positive,0
Heavy item Trailer edit chytha aaraylm sammathikanam Veendm veendm kaanmpo thrill kooduka allaathe kurayunila Chumma polichadukki,Positive,0
Voice kollillaaaa..... Charithra cinemal ingalk pattilaaaa... .....,Negative,3
Tovinooo tovinoo....... tovinooo tovinoooo masss..kkaa... valliyappaaa.....,Positive,0
Lalettan fan from Hyderabad love Lal sir,not-malayalam,2
ithenthaanu like dislike koodi 173k.. views ippolm 172k..youtube adichu poyoo,unknown_state,1
Like vare udayippil undaakkunna fans ayee,unknown_state,1
Siddique sir,unknown_state,1
Eee traileril main oru point und kalanghiyavar like,unknown_state,1
FIRST LOOK POSTER VACH NJAN OOHICHADHINEEKKAAL..... “18 PADI” MUNNIL......,unknown_state,1
Unga acting super sir ..fan love from tamilnadu ..we want another film like peranbu ...mamukka,not-malayalam,2
Ellaaa ikka fansum support cheyuthaaal trailer no:1 akkaaam,unknown_state,1
Copy full pulimurugan kanuna pole unde,Negative,3
Nammude swantham govt model skool...Athoru skool alla oru vigarama,Positive,0
ningal srendhicha aa mulluveliyye ...... aa mulluveli ayalude aduthek varunath......,unknown_state,1
Trailerinu munb 7k dislike adichavanmarku ulupundoda,Negative,3
What a Trailerori raksha illa 1;40 punch uff mammukkaaa aaaaaaaaaa,Positive,0
Best of luck Laletta From Rajuvettan fans,not-malayalam,2
Aanoruthan thokkum pidich irangiya neerali alla Avante appan vare padikkum...alla pinne..ikka fans hit like,Negative,3
Pwlichh adukki. ...mass trailer. ....vere levell padamayirikkum. .....katta support from an ikka fan,Positive,0
Laaletan fans undenkil like adikku.ikka fans comment cheyyu..aaarkanu kooduthal fans ennu nokkaamm,unknown_state,1
Triple pilleru dislike adichu marichittum onnum elkkanillallo,Positive,0
Pls upload Kanupapa (mohan lal) hindi dubbed,not-malayalam,2
appo E onam apo ettanum pillerum angu edukua,Positive,0
poster response in social media,not-malayalam,2
Mammookkka ningal mwuth aaann,Positive,0
peter machan. onnu nokkanilla kidilen actions unadakum,Positive,0
Thokk,Mixed_feelings,4
Itupolulla avasarathi ee video ivde idunnate thettano ennariyilla,unknown_state,1
4million 300k likumyani 10 million aakumbol kaanaam,unknown_state,1
No doubt it's gonna disaster,not-malayalam,2
BLOOD • BROTHERHOOD • BETRAYAL,not-malayalam,2
Daily viewers like here,not-malayalam,2
From tamilnadu love u mohanlal sir,not-malayalam,2
Abudabi delma malil vannavar like adiku,unknown_state,1
Maamoookkaaa.. what a fight.. no words.....,not-malayalam,2
Nthayalum ethil ninnu oru karyam manasilayi.....prithvirajinu pani ariyam.....varan ponath oru onnonnara mothalaaaa,Positive,0
Video edathe dislike adikkan nanam illeaaaa ninkokkeee,Negative,3
LALETTAAA POLICHU 100 CR KOYYUM,Positive,0
Aa pazhaya lalettane thirichu kittiyennu thonniyavar like,unknown_state,1
Ithano Raju ettan paranja Oru Kochu chithram,unknown_state,1
Ambada kalla... Views ethra aayi ennu nokkan vannathanalle?,unknown_state,1
Powlichu. Njan ipo 25 pravisham kandu. Laletta adipoli. Katta waiting,Positive,0
Trailer 50 thavanayil kooduthal kandavar ivide like,unknown_state,1
Oru 500k likes um 10 m views ekke akku!! Common everybody !!show our power!!,unknown_state,1
Aju Varghese in negative role,unknown_state,1
Angane Malayalathinu puthiya our director koode kitti,unknown_state,1
Megastar fans like here അടിച്ചു pottikkadeyy,unknown_state,1
Trailer view 10 M aakan wait cheyuunvr like chyu..,unknown_state,1
Nalla subscribers ulla oru channelil ittudayirunu.... Nthayalam katta waiting mamooka,Mixed_feelings,4
Ini ore vijayiyum keralathil vanne negalikkan padilla,Negative,3
Trailer 50il kooduthal thavana kandath njan maathramaano Anna ben vineeth yettan izhtam,Positive,0
Pulimurugan fight feel cheythath enik mathram aaano,unknown_state,1
Dislike pooranmar neeti oru oombu vecho,Negative,3
Erian ariyunnavante kayile daivam vadi kodukku hatts of rajuvettan istam,Positive,0
Mammootty Unni Mukundan Prachi Tehlan Siddique Achuthan Anusitara Iniya Kaniha Tarun Arora Suresh krishna Manikuttan Sudev nair Manikandan,unknown_state,1
യൂട്യൂബ് hang doii ettan mess ആണ് mone,unknown_state,1
Ee padam kanditt avante Peru enda Enn manasilayittilla,unknown_state,1
Mammooka super nalla trailer prithviraj voice,Positive,0
Ith dislike cheytha 12k aalkar aaranenu parayandallo,Negative,3
Katta waiting for Stephen echayan 🤩🤩🤩. Odiyan mathiri akathe erunal mathiyayirunu,Positive,0
Wow mamagam is like Bahubali and Kayamkulam kochuni,not-malayalam,2
Unda ennu peru ketapole kaliyakiyanmarodu onne parayanullu...ee padam pwolikum,Positive,0
From Urumi to marakar ...i want to hit a “ parangii” now..,not-malayalam,2
BIG M'S ARE SETTING FIRE ON YOUTUBE,not-malayalam,2
Veendum veendum kanunna ore oru trailer Mamangam,Positive,0
Once a king is always a king.... Mammukka,not-malayalam,2
enii orikalum nii oru film um direct cheyalle poda V ASree kumari,Negative,3
Hatssoff Mammukka Ee Age lum Pride Of India,Positive,0
Mass +class = #lalettan Nalla katta kidu look...,Positive,0
Model schl makkal indel like adik model da,unknown_state,1
Bro ... ithaaan mass ... Raaja 🤣🤣🤪,Mixed_feelings,4
padam vere leval kandu ada oru figth,Positive,0
Polikum Avasanathe aa varavu ho Romancham ikka,Positive,0
Avasanthe Thalaivaa vili pinne aah Fight Hywaaahh Polichadukki,Positive,0
I am a lalettan fan,not-malayalam,2
Oru variety agotu feel cheyanila full mass item avum.. onnum kanand jayettan eragila,Mixed_feelings,4
LALETTAN UYIR ALL LALETAN BHAKTHANS HIT LIKE HERE,unknown_state,1
odiyante tholvikku sesham lalettante uyarthezunelpp love you laletta,Positive,0
Pwolicchh.kidiln editt kidu musc kidu cmra kidiln acttt andd kiduu drctr.,Positive,0
Avasanam kanicha kurache seconds scenes kande FDFS urappichavar aarokkee,Positive,0
pls 1nu movie kanu chirikkathaver chirikkum pattuna pani nokkuva ea70 vazhzsil pls prayathe bhamanikkunu,Negative,3
machaane ith polikkum......ittichante vaka oru sample vedikett maathram...ini theater pooraparambaakkkaan...ittichan oru varavukoodi varunnundenn paranjekkk......(ittimani),Positive,0
SKECH BGMNOD ENTHO SAMYAM ULLAPOLE.. ENNALUM KIDUVE...,Mixed_feelings,4
sunny chechi fans undel like adi,unknown_state,1
Laaleta...manjuchechi...super hit anutto ee fillm ...I like..odiyan...,Positive,0
ithre ullo mattavanmarude power 🤣🤣🤣 dislike dislike,unknown_state,1
Ikkka ika..... WaitiN mamanGam,Positive,0
Sho.... Naatil vechu padam kaanan pattilla ennu orkumbol....,Negative,3
Jn ettan fan aanu parayan ullath parayanamallo ikka polichu,Positive,0
Ikka fans mathralla like adikkanae nammal ettan fansum like adikkum pwoli trailer,Positive,0
Ithihasa nadanmaril ninnu ithu polathe movies aanu pratheekshikunnathu,Positive,0
E film chutiya kategi..faltu movie hoga pakka..,not-malayalam,2
Katta waiting..... Maamokkaaaa.... Lalettan fanaanellumm..... Mammokkayeyum ishtaaaannnuuu..... Luv u mammookkaa,Positive,0
Last aa adi... Ammo onnim parayaanilla,Positive,0
King ikkak 68 nta youth laak swa swagtam,Positive,0
Lalettanu mass kanikkan oru chaya glass thanne dharalam,Positive,0
Coment vayichitu film kanan trill adichu nilkunnavar undel like adiku matanmare,unknown_state,1
Madhura raja nalla cinema ano?? Plz reply,unknown_state,1
Uff ijaathi trailer.. adipoli #Mohanlalwood #Eeh onam nammakada makkale #ittichayan #Ettan,Positive,0
Padam hit laleetan fans like adi,Positive,0
TRAILER THEERALLE THEERALLE ENNU NOKKI KANDATH NJAN MATHRAM ANOO??,Positive,0
Uae yil ennu varum. ? Can't wait,unknown_state,1
0:54 when you see it Uff ikka,not-malayalam,2
NALLA KIDUKACHI TRAILER Haters dislike adikan odi vannallo,Negative,3
Ikka uyir Akka Athukkum mele waiting for akka with ikkasunny,Positive,0
Cinema pottiyathinnu shaesham kanunavar like adichae,unknown_state,1
Kurachu IDI iyum.. Kurachu Kasaba iyum...ula oru Comfo feel pole indu..,Mixed_feelings,4
Raju etta ningal pwoliya. + Lal etta ningal marana mass. Eth pwolikum. Vere level aanu,Positive,0
മോഹൻലാൽ ഫാനൊന്നുമല്ല. But Trailer soooper. രാജുവേട്ടന്റെ first padam hit aavatte katta waiting,Positive,0
Ninglu kuttam paranjooo... But music pwoli aanuu gopi annan mass,Positive,0
Padam kandathinr shesham trailer kaanaan vannavar ethraperund,unknown_state,1
Uffffff.. mammookkkaaaa.... love youuuu... massssss... katta waitingggg,Positive,0
Youtube stuck aayi Views koodunnilla aarelum shraddicho,unknown_state,1
UnniMukundan and Mamookka fans Like here,not-malayalam,2
Good will uplaod aakitum. Why view koravu?,unknown_state,1
Ikkayude mamakam malayalathinte abhimanam Ettan faninte support,Positive,0
Veendum Veendum kanunnavar Adi Like Ivide,unknown_state,1
mammangum trailer kandathinu shesham vannavarundel onn like adich poguu,unknown_state,1
Trailer oru rakshem illa polich aduki,Positive,0
KATTA WAITING FOR ODIYAN,not-malayalam,2
OOO Odiyan ??,unknown_state,1
Teaser kandappo cherthayittt sankadayi. But trailer kidu. Oru raksheeelya,Positive,0
I love you Mammookka Happy birthday to you,not-malayalam,2
25il kooduthal kandavarkk like adikkaanulla comment,unknown_state,1
2 Countriesinte second partinu kaathu nikkunnavarundo,unknown_state,1
Ippo madhuraraja teaser kanunne illalo youtubil,unknown_state,1
10il kooduthal thavanna trailer kandavar like adi,Positive,0
MAMMOOKA FANSINTE ELLA VIDHA ASHAMSAKALUM NERUNNU...,Positive,0
Ammachee.....kidu. ( mr.sree kumar menon ithokke nokki padikk.,Positive,0
2:09 godha film tune polle und ennu thonnunavar like,unknown_state,1
Unlike adichengilum mammookaye tholpikkumenn paranj kond pramukha fans,Negative,3
kaalame ini pirakkumoo ithpoloru vismayam Mamukka___,Positive,0
King manavalan fans like here #manavalan,unknown_state,1
Anganey avasaanam malayalathilum oru vedikkettu trailer irangi,Positive,0
entaponno njettichu pratheekshichathilum appuram rajakku pattia athirali thanne. trailerinte 2nd half kodoora maaaaaaassssss.,Positive,0
Ithu kollaam.... expectation onnukoodi koodi...,Positive,0
Lalettan . Lalettan fans ellarum like adikk. Enitt Pewdiepie kk subscribe cheyy,unknown_state,1
100 crore Box office gross collection നേടിയതറിഞ്ഞു വന്നവർ ഉണ്ടോ,Positive,0
Tiyaan & Kammara Sambhavam #Lucifer Lallettan Fance like Here,unknown_state,1
Movie kandu super movie anu nalla oru story undu,Positive,0
Raja serious aane rooombaa serious ith kidukkum🤞 Mammukka,Positive,0
Megastar Mammookka Waiting 4 Mamangam Nov 21,not-malayalam,2
Hit like if you are after Madhura Raja trailer??,not-malayalam,2
E pasdam kanaan katta waiting cheyyunnavar,Positive,0
Ikkaa ikkaaa ..ente chomanna jatty kandaa,unknown_state,1
Rajuettan kaiadikanulla dialogues ellam swantham ettanu koduthu lle...,Positive,0
Mohanlalinte ee cinema pottiyaal njan ellarkkum 1crore rupees kodukkum.................. kodikkendivarilla ennnaram...... because its MOHANLAL,Positive,0
Marana Mass Trailer........ Katta Waiting FOr DEC 20.. Pullu Giri,Positive,0
Any tamil mammoty fans? like here,not-malayalam,2
Tovino Thomas katta fans Like adiii..,unknown_state,1
veendum veendum kandu addict aayi poi,Positive,0
powlichu eth vere level movie ayirikum,Positive,0
I'm Tamil... Vijay Fan... I Like Mohanlal Sir Movies...,not-malayalam,2
Padam moonjalaanelum ippp trailer kandaalum romaanjam,Mixed_feelings,4
Lalettanoppam nilkkunna mattoru kadapathram athe indhrajithinteth ayirikkum.,unknown_state,1
Ente ponne iger pilichadukku lle,unknown_state,1
Storyum cinemayum polikkum along with mammookka,Positive,0
Trailer ishtapettavarkku ivide vannu like adichittu pokam,Positive,0
Dislikes illathe ituvare onnum hit aayittilla,unknown_state,1
Trailer polichu.... Ee trailerilum valutaanu cinema urappu.... Kaanum ennu urappullavar like cheyyu....,unknown_state,1
Pwolimpadam,Negative,3
Trailer kandpo thnne film poi kaanan thonnindu,Positive,0
#Stephen Nedumbally nte aalkkar ivde ndo ... #oru like koduthe,unknown_state,1
1:01 aaa shadow prithviraj alle? 🤔🤔🤔,unknown_state,1
lalettaa...yudham nanmayum nanmayum tammilalla... Tinmayum tinmayum tammil aanu..,unknown_state,1
Mamangam katta waiting... Trailer powlichu ikka oru rakshayum illa,Positive,0
Yanthiranil Rejini Annan robot aayi abhinayichu ennal robotinte koode abhinayicha asaadyapradhibha nammude swantham dhamu Aliyan,Positive,0
Muvattupuzha KL 17 machan maru Like,unknown_state,1
Oru 25-30 Million Views engillum ee trailerinu kittanam !,unknown_state,1
Lallettaaa polichhuu uff ejjaadi look trailer polichuu,Positive,0
Best wishes mammookka&team. Van vijayam aakkatte enn prathikkunnu,Positive,0
All the best laletta ithrem naalum kaliyiakiya naavu kondu parayuva all the BEST,Positive,0
D0P POLIYANE . CASTINGUM POLIYANE . LOCATIONSUM POLIYANE.,Positive,0
Classinu class maassinu mass ijjaathi item raaju ettan & mammookka,Positive,0
Jayettanu eduthal pongayha role aan...next idi,Positive,0
Mohal lal aa filmil thovinone kaanunne polum illaa...aa filmil mohanlalinde aniyanaanh...yendh aniyan...prrrrr...kaanunne poolum illaa,unknown_state,1
Mass pakka mass lalettaaa #poli,Positive,0
Like we get most liked Malayalam trailer Need 30k like,not-malayalam,2
Abraham Qureshi yanno udheshichee PWOLLICHU PWOLLICHU PWOLLICHU,unknown_state,1
Lalettan polichu Pani ariyanunna Mon thanna rajuvettan,Positive,0
enthokeyo evdakayo oru thakarar pole... ennalum kolaam...,Mixed_feelings,4
MADHURA pazhaya kochiyallennari \r yaam..pakshe RAJA pazhaya RAJA\r tanneaa.,unknown_state,1
Njan oru katta eettan fan aayirunnu pazhassiraja kandadode oru ikkaa fan aayi Abraham polich Ikkaaa polich Ikka bakthan,Positive,0
Pokkiri raja yil siddique inte kayi vettiyirunnu.. Ithil angane onnum thonnunilelo,unknown_state,1
Illa kaaryam mugath nokki parayum... nammakaarum bakshanam kond vannu eetil ethikanonnula... praayamaaya veetil irikanam allathe pattatha valli thoogaruth..,Negative,3
Aaa urumi scene akum ettavum kooduthal kayyadi nedunnath,Positive,0
Malayala cinemakke oru pudiya yuva nadanekkoode kittaan pookunnu. Waiting,Positive,0
trailar um padavum vere annello ethe ennaaa,Positive,0
Mammukka verum vishayam engneru eth enthonn chyuvanentho prayam koodum thorum glamour koodunundallo daivame,Negative,3
17 k views 100k like wow..,not-malayalam,2
Ithaanu njangalkk vendath...ippo oru pakka mass entertainer anivaryam... Realistic oke kandu kandu maduthu....marana waiting for kalkki,Positive,0
Triler kollam... but anu sithara.... kolamakum... seriel dialogu pole parayunnund anu sithara,Mixed_feelings,4
Ini yandokkee kananam sho yanikku vayyyaaa,unknown_state,1
Fight scene marana maasss repeat adich kanuva,Positive,0
Mudinja enga thalapathi yoda ethavathu oru trailer record muriyadinga parppom Mersal Sarkar Bigil 🤗,not-malayalam,2
Thakarthutto... Onnalla orupaadu kaaranangalaa... ith thakarkkum...,Positive,0
ikkante eazhrikath varilla ikkante varunnu kunjali marakkar WAITING IKKA POLIKKUM,Negative,3
Man oh man!! Goosebumps lal sir!!,not-malayalam,2
Mammookka luv,not-malayalam,2
Lalettaaa sahikkunnillaa waiting for you.... Stephen.....,Positive,0
Pinnne Bgm adipoli ikkayude nadatham koodi aavumbo parayandallo,Positive,0
. u Rockit Man. KASARAGOD,not-malayalam,2
Oru rekshayum illaa padam polichuuuu mass marana mass parayan vakkukal illaaaaaaaaa,Positive,0
innale 7 Mani muthal Kath Kath ninnu trailer nu vendi.....thakarppan trailer .... love you mammukkaaaaaa,Positive,0
Trending 1 just 5 hours,not-malayalam,2
Njagade lalettanum manju chechiyum kolamass jodi annu.,Positive,0
enthu oola trailer aanu ithu. poor dialogue delivery,Negative,3
Oru pandi comedy pandum pole unnd,Mixed_feelings,4
Kalki Kalakki Achayane innu Mannarkadinnu kande ollu...appo ithreyum pradheeshichilla,Positive,0
Yessss the Lion returnzzzzz...kattaa waitingggg ikkkaaaaa,Positive,0
New gen govt piller powliennulavar like,unknown_state,1
Hollywood level mass ithanu makkale trailer,Positive,0
Mass entertainment... oru rekshayum illa... pwoli...,Positive,0
ikkaaaaa jeevannn,Positive,0
Lucifer polichadakki kazhinchu enne thonunnavar like adikk makkale..,unknown_state,1
Mohanlal sir getup Viswasam Ajith sir getup,not-malayalam,2
17 k views 118 k like ??,unknown_state,1
Pazhashirajayude aduttonnum itu varilla.itu bahubalida copiyadi,Mixed_feelings,4
Thelunku nadan ..bhaala krishnayeyum... Thal nadan vijaya kaandhineyum ..naanipichu...mammuunny...,Negative,3
Swondham appane kandal adikunnavanmara ithinoke dislike adikunne. Adichondu avide irikathe ullu. Ivide ettanm pillerum stronga dbl strong,Negative,3
Repeat adichu kanunnavar ivide like അടിച്ചേ..,unknown_state,1
Njn epo 100 vattam kandu ningalo?,Positive,0
Look like a Hollywood movie ......,not-malayalam,2
Njanum oru ikka fan ann Pashe sambavam polichu,Positive,0
Look kandappol surajettan serios anenna thoniyath angeru polya pand behalam vechu comedy kanikkum ippo silentay kanikkum,Positive,0
Wow.. Trending no 1 ... Poduda visila..adra melathai,not-malayalam,2
Trail luciferinte athra illelum.... Padam heavy aaayirikum.....,Mixed_feelings,4
1.7 M views 167k like 17 k comment ⏰ 5:5AM,not-malayalam,2
E polippan trailerinokke dislike adichathu ethu keedangallannavo... kuru pottal ippazhe thundangi....,Negative,3
50 il Kooduthal Kandavarkku Like adikkam,unknown_state,1
Water mark onnum ilaatha print illee??,unknown_state,1
192K Views,Positive,0
Ufff ejjathi nte ponn ikka. MAMMOOKKA UYIR,Positive,0
MEGASTAR fans oru like adi,unknown_state,1
Enter perilum oru film..athum njn Canadel,unknown_state,1
Model School 🤩🤩🤩 Romanjam Trivandrum,Positive,0
Raja varunnu Maniyayi. Rajamani,Positive,0
Oru pucca classical ikka padam...vadakka veergatha orma vannu. ...,Positive,0
Viswasichu koode nilkkunnavare jeevan koduthum samrakshikkum.. ikkayude voice & dialogue uff orujathi odukkathe feel.. romanjam at peak,Positive,0
Coppy ful Best actor polinhju kuthupala Edukkum,Negative,3
Fight scenes muzhuvan hvy aayittind,Positive,0
Mammootty apol guest role ann alle,unknown_state,1
I like both Mammuka and Lalettan evenly🤗,not-malayalam,2
Ichyaaaa polich nanum indu ee moviel kalki 🤩,Positive,0
Lucifer 100 cr collection adikkumegil adi like,unknown_state,1
First one minute felt like Tamil Nadu politics.,not-malayalam,2
Trailer mass marana mass... Ini screen il... Padam kanan njnm undkum,Positive,0
Ikka fans like butten adich pottik,unknown_state,1
Poooi mekkele ayidiya kollam ketto... Thaneermethan theernu mekkele...,unknown_state,1
Doll inte bgm ishtappettavar like adikk,unknown_state,1
Trailer ennokke paranjal ithanu... ejjatji item,Positive,0
Galidh rahman. after anuraga karikkin vellam.,not-malayalam,2
1989 il vadakkan veeragadha theateril kanda nhan veendum oru epic cinema kaanan thayyaredukkunnu.. MT yude dialogukalkk pakaram vekkan onnumilla..,Mixed_feelings,4
Dado Girija,Mixed_feelings,4
Parayan thudangiya pande 30 varshathe karyam parayandi varum,unknown_state,1
Siddiqu is imitating ummer sir in 1:11,not-malayalam,2
IKKADE Aniyanmar pani tudangi makkale.... neerali 24 Dayz 23K like #Abtsntikl 14 Hours 43K lyk,unknown_state,1
Tamil fans like here !!,not-malayalam,2
Itu pwolikum..laletta..iru rakshayum illa trailel..pakka professionalism..ente Oru prarthana..ippravisham manju chechide mass dialogue onnum ondkalle..kanji edukutee pole..,Mixed_feelings,4
Tralier 20yil kudthall kandavarr hit like,unknown_state,1
Ente kuttikkalathu ente nattil undayirunnu ..odiyannnn,unknown_state,1
Appo 21 kanum Uff poli item,Positive,0
Unda enna perittappo parihasicha priyadarshanu kod urundaa,Negative,3
God marichu ene paranjit ole part karinje oru k.g.f feel thonni,Mixed_feelings,4
Thoopil Joppan poley ulla oru Item aavand irunnal mathi aarunnu🥺🥺🥺.,Mixed_feelings,4
oru charithra cinimakku venda 3 kariyangal illa,Negative,3
Pazhassi raja poloru padam pratheekshikkunnu. From unni-ikka combo,unknown_state,1
Maoist alla Maoistnte apanae varee nammal putikum all the best mammoka & unda movie team,Positive,0
id thakarkum kure idavelak shesham mammooka vs lalettan (mammoka fan),Positive,0
April 12 Again L.....,not-malayalam,2
Vishak sir 6.pm n trailer idu,unknown_state,1
Pooram kaanathe dislike adichavarkk #naduviral pranaamam,Negative,3
Mammookka fight ohh romam ezhunetu nililkkum,Positive,0
Katta waitingRaju eattan tovino lallettan,Positive,0
trailer review ellavarum kand nokku,unknown_state,1
machaa.......aa BGM ente manasill angottu keri polipolikukayaanu,Positive,0
Aarada dislike adikkane ethil entha kuzhappam,Negative,3
ഇവാൻ spycho aaadaaa Ente epono ijathi,Positive,0
Abhinayathinde manarisam thiricharinja mahanadana vaibhsvam mohanlal enna MALAYALIYUDE oru sokharya sambhavamanu ennum eppozhum All friends congratulation,Positive,0
Venanki 6:00 manik release cheyam ketto!,unknown_state,1
Lucifer trailer enne vandi wait chayunnavr like,unknown_state,1
Ith polikkum kanditt oru atom bombin vakayundd,Negative,3
Ethe pulimuruganta music aanallo full enthayalum mamookka polichu,Mixed_feelings,4
njan mammukka fan aan yennalum parayaa lalettan mathrame ithokke kazhiyu adheham oru loka nayakanan oru simham,Positive,0
Lalettan ishttam.. Rajuettan ishttam!! Murali Gopi's script,Positive,0
Nerathe irakkiya bomb kadha tanne.. atleast nedumudi venu te dialogue enkilum mati pidikamayirunnu....,Mixed_feelings,4
Tamil nadu fans like pannungei,not-malayalam,2
16 hours 2.5M views 261K Likes #lalettan,not-malayalam,2
Character eakadesham same Aaanallo Vyshakh sir,Mixed_feelings,4
ഹാങ്ങ്‌ ആയി 462k viewsil ninn neengunilla,unknown_state,1
Addddiiiiipolliiiii.....marana masss.....oru sakshem illa....lalettande kidu look.....🤩🤩,Positive,0
Like adi kandu maduthavar like adi,unknown_state,1
Stuck in an elevator.. atreulli katha🤣🤣,unknown_state,1
4million views 300k likes Record Breaker Ettan da,unknown_state,1
Oh...Iththakathallo. sankar ramakrishnanu dhairyamayi kunjalimarakkar directcheyyam,Positive,0
Mammooka fans vedipooram .. vanne .. Adi like makkale,unknown_state,1
( ( ( KIDILOSKI ) ) ) ),Positive,0
Ethu kandappol KGF orma vannathu enikku matram ano? ??,unknown_state,1
Puchivhavarkulla marupadi athum triple strongill ikka ishtam,Positive,0
Arelenkilum oru kuprasidha payyan ful move link undo,unknown_state,1
Like kand anthaaalichh vannavar adi like,unknown_state,1
Great to see Vivek Oberoi.,not-malayalam,2
Onnil koodutal tavana kandavar adi like,unknown_state,1
Linto kurian fans jayasurya nte career le super trailer,Positive,0
Fanism baadhicha Kore malaranmaar dislike adikkunnu...,Negative,3
Raajayum pillerum triple strong ennu teaseril. Prithvirajinte oru cameo manakkunnu.,Positive,0
Ikkante voice kelkumbo thanne romanjam.. bakki pinne parayannoo.... Ikka ningal vere level annu,Positive,0
Kidukkachi Ingane venam mass kaanikkaan allathe alari vilichaal mass aavilla,Positive,0
bgm kollam greater father ila villianila poola,Positive,0
Ikka ingalu polichu vere level,Positive,0
Aa traileril Nakul Thampiye shradhichath njn maathram aano ?? Mammookka ingal muthaan.Kann edukaane pattunnillaa.... #Mammukka ishttam,Positive,0
Jaikkanayi kacha kettiya erakkamm aann.... Kachakettiyirangia jaichee sheelamolluu.....,unknown_state,1
Ithu korre pullimurugan koppi adichathanalo swalpam ullupu undo Ennalum njn Kannan pokkum Karanam ente RS 100 kedakkate padathinu,Negative,3
Kalu odinja sidheeq veendum policayi,unknown_state,1
Trailor Looks sooo promising... shots and BGM looks like Pulimurugan 2. . We are waiting....,not-malayalam,2
Poi balalsangam chyum allenki petrol ozhichu kathikum....,unknown_state,1
mmmm athum theerumanam aaayi...,unknown_state,1
Eee പടം adhar ayirikum enthoke suspense ഒളിഞ്ഞു irikunu,Positive,0
LALETTAN fan Anu ennalum IKKA NiNGAL vere LEVEL,Positive,0
Telugu - Bahubali Tamil - 2.O Kannada - KGF Malayalam - #MAMANGAM,not-malayalam,2
polich ikkkkkkaaaaaaaaaa kola maaaaaaaaaaas marana maaaaaaaaaaaaas triple maaaaaaaaaaaaaaas,Positive,0
Ee cbse mammunji pellare etra muttiyalum goven ment schollela pellaruda adute atella,Negative,3
you tube ipolum hang anelo 🤔🤔🤔🤔🤔🤔 nale sheriakum,unknown_state,1
Dislike chydha appa illaathavanmmaar bloody fools,Negative,3
Live nalathupoleee umbichuuu koray net kalanjuuui,Negative,3
Vaan Trailer .... laleetta nigga Oru jinn Aanu kettoo.....mass voice,Positive,0
0:42 Grand Central mall.. Muvattupuzha,not-malayalam,2
Ee padam vijayikummennu orruppullavar adi oru like,Positive,0
Wow ejjathi item mammookaa. Ingalu puliylla puppuliyaa,Positive,0
Laleetanu ikka fansite Best of luck,Positive,0
ethra trolliyaaaalum eee trailer oru sambavaaayindee,Positive,0
Ithu kandit romancham vannar dha ivde oru like adiche,unknown_state,1
Ikka d e mass Singapore il release undo,unknown_state,1
Mammookka fans onnh like adicch po,unknown_state,1
Prime video pe hindi subtitles k sath dekh skte ho me dekh k btata hu kaise h,not-malayalam,2
Filim kandapol onnu koodi trailer kannanam ennu thonni...ettan mass ka bap,Positive,0
Comedy cheyan Oru prethaka kazhivu vennam athu surajinu ilaaa. Full chali aytaanu thonnanee,Negative,3
Mammoty and unnimukunthan yemma freak alle,unknown_state,1
Viswasam Pola irukkunu Adi poli congratulations,Positive,0
pirates of caribian Alle etu atanta angana,unknown_state,1
Veeendum veendum kaaanunthorum veendum kaanan thonuna lahari....,Positive,0
Happiee bappiee Ba day Mammookaa... luv u young legend..,not-malayalam,2
Oh enna kondu vayya I am katta waiting,Positive,0
release nalle....kanaan povvunnavar ...plzz like...palettan katta fans,unknown_state,1
Maduraraja enna comedy padam 300Kodi varum,Positive,0
Ikka L V U,Positive,0
Ineeem ineem poy kanan thonnuvaaa,Positive,0
Njn oru 8 thavanayengilum kanditundagum Sathyam athrakkum oru ishtapett poi trailer Tnx rajuveta,Positive,0
August 8 ee padam powder powdered avum yennu vecha podi podikkkunn i am writing kalki,Positive,0
Mammookka porichu...salim kumarinte comedy kalakki,Positive,0
Uyirr Ikka Luv u lot #HBD .....,unknown_state,1
Laletaaaaa🥺 Thanks raju etta for this,not-malayalam,2
Am Tamil but I love Malayalam movies...kumbalangi nights heroine,not-malayalam,2
HBD Mammookkaaa Forever His Fan Girl I am!! Muaaaahhhh,not-malayalam,2
Love frm kannada we need kannada dub,not-malayalam,2
Odiyanu shesham adhe jodi manju &lal,unknown_state,1
Njan oru lalettan fan allengilum trailer kandappo...ee film kalakkum orappa....mega super hit aagum....urappe..,Positive,0
Lalettan double role avan sathyathayundu,unknown_state,1
Iam from Karnataka. Trailer,not-malayalam,2
Madurai kaaran daaaaaa tamil fans,not-malayalam,2
gopi anna polichu bgm BIG B ku shesham veendum kidu,Positive,0
Mamankam Trailer Kandathinu shesham Lucifer Trailer kanan vannavar undo ?,unknown_state,1
I'm from Karnataka can't understand Malayalam but trailer was amazing,not-malayalam,2
Cinemayil Nalla oru content undd ennu manasilayi E padam hit aakum,Positive,0
Poliche...ithoru poli polikkum ...laletta ingalu muthaanu...,Positive,0
Lalettan polippichengil. Adik oru big like,not-malayalam,2
Ee Trailer 2.05 sec olluyegilum orupaadu scenes und,unknown_state,1
Njan oru lalettan fan alla but ee teaser orupadishtamayi,Positive,0
From 0:33 Mega mass... Megastar next Blockbuster,not-malayalam,2
I am Waiting,not-malayalam,2
katttttttttta wtng aadhyamaaayi dileepinte flm wtng aaanu njn.,Positive,0
Kidukkii mammukaaa kidukii odukathe mass bgm,Positive,0
Ente ponno pwoli super raju etta lalettan,Positive,0
pwolich.... onnum parayanillaaa.... katta waiting....... ikkaaa.........BGM oru rekshayum illaaa,Positive,0
Katta waiting 28 FDFS SON OF DEVIL,Positive,0
Adaaar adaaar adaaaar what a trailer it was damn,Positive,0
Mamangam Trailer Goosebumps guaranteed,not-malayalam,2
Thirakk koranjittu padathinu pokam ennanu vicharichath. But trailer kandath muthal FDFS sure,Positive,0
Laalettan fan aaan.. ennaalum ee padam Oru vijayam aakanam enn agrahikkunnavar like adiche,unknown_state,1
Nte ponnnikkkka ingal njgal fansin oru oyivum tharillley,Positive,0
Kitti njangalak njagade aa pazhaya lalettane thirichu kitti,Positive,0
4 M views aayonne nokkaan vannavar undo?? 🤔,unknown_state,1
Ithokke cheyyumpo mamookkakku,Positive,0
iyalith verthe parayuvaan puthumukha samvidhayakan aanenn,Positive,0
degrading illel manyamaayi odiyekkavinna movie anennu thonnunnu!!,Mixed_feelings,4
Ravle 7.30.k eneete pade repeat adich kanunnavark othukoodanulla sthalam,Positive,0
Triple strong aane makkale rajayum rajayude pillerum,Positive,0
thrissur aano oral must aaan aaarennu parayaaamoooo.....,unknown_state,1
Sunny chechiye Kannan vannavar Eveda onnu like adukku.,Positive,0
L for Lal.... L for Lucifer!!,not-malayalam,2
AGE is A just number pakka herooooo,Positive,0
I like madhura Raja trailer.so I make a version of Lionel Messi using Madura Raja trailer,not-malayalam,2
Kidukkachi ...katta waiting 4 Pooram....vijil polichu,Positive,0
August 8akan mutti nilkkunnatuu njan matramanoo??,unknown_state,1
Ithill vineeth sreenivasan aayirikkum negative role.. Nokkiko..,unknown_state,1
Love u lalettaaa ... prithviraj,Positive,0
ENTE PONNO ORU RAKSHAYUM ILLA KIDU BGM,Positive,0
2M oh god after 10 hour a go,not-malayalam,2
Rajayude mel Stefen vijayichenn karuthunnavar Like,unknown_state,1
Mohan Lal big fan Bangalore waiting srinivasa theatre s.g palya,not-malayalam,2
Trailer kidukki.but screen ratio kuranjath kond vallatha irritation thonnunnu,Mixed_feelings,4
Padam kandavarude pradhana preshanam endhennal... Veendum veendum padam kanan thonnum addicted! L,Positive,0
Mamangam keralathinte maathram charithramayi nilanilkenda onnalla.. ee dheerathayude kadha lokham muzhuvanum a ariyanam,Positive,0
E padam polikkum allee mammookkaa fans nammakullathaaanu e padam,Positive,0
1:58 ' Vaada ( വാടാ) Ho Goosebumps.....,unknown_state,1
Trailer kandittu dquntea Instagram post kandappo ..dqi vayazyapolea thonnanu ..mammukkaaa🥰🥰🥰🥰,unknown_state,1
Yaarupa ne indian no 1 mass actor,not-malayalam,2
last le aa idi ntammooo Range saanam,Positive,0
Prithviraj sukumaran fans come here,unknown_state,1
Koi hindi me bhi bol do,not-malayalam,2
Bb sure... katta ikka fan.. fdfs locked,Positive,0
polichu kidu bgm suspense niracha kidilan trailer,Positive,0
Ikkakk Happy birthday parayan vannavarr adikk makkale like,unknown_state,1
you guys dub in kannada we are kannadigas always support good movies,not-malayalam,2
Lalettan paranjakond vannu kandu istappettu like adichu pokunnu,Positive,0
Aduta 200 Cr club movie for lalattan,Positive,0
Huge support kanaum alla lalettan fanail ninum.,Positive,0
Die hard Mohanlal Sir Sir,not-malayalam,2
Kollam. Short film polend. Vere vallo panikkm po man,Negative,3
Inghakk prayam 68ann ?? Prayam verum akangall enn thelikunna nadana vismayam,unknown_state,1
Marana mass lalettan fan aanennu parayumbol abhimaanam..,Positive,0
Romanjifikation katta waiting lalletan fan dubaiiiiiii,Positive,0
Madhuramilatha raja ettadi mari ith item vereya LUCIFER,Negative,3
10 million ayannu nokkan vannavar arokke und ivide,unknown_state,1
#mamangam 2019 It will be an epic. Mammukka uyir,Positive,0
Happy happy happy happy birthday ikkaaaaa...clean entertainer loading,not-malayalam,2
10 l kudutal tavane kandavar arokke und,Positive,0
Bro full support rock man allel,Positive,0
Keep watching trending list 1il akkanam,unknown_state,1
Aaaro paranj cheyyipikunnadh pole rajuvettanokke riyalistikayit polichadukiya police veshangal kanumbol edh,Negative,3
Mammookka fans like ivde Adi makkale,unknown_state,1
Ith hang ano.. kure neram aayit views il change ilallo,unknown_state,1
Ente ponno our reksha illa ... Nammade ettan powlichu,Positive,0
Trailer KOLLAM KOLAMASS ... PAKSHE KAANAN ORU SUKAM ILLA.... VELUTHAKANAMAAYIRUNNU,Mixed_feelings,4
Oru onnonnara item varunnundu ready ayi ko makale...luving mammookka..,Positive,0
17k views - 123k likes is this hacking 🧐,unknown_state,1
Ee padam mammootyiku kodukanam ithilum adipoli ayirikkum Pakshe ivide mandatharam sambavichu kashttamayipoyi,Negative,3
7 അടിച്ചല്ലേ Na thalayallada... Thalayedukaravandaaaaaa..... #Neduballi stephen,unknown_state,1
Ikka polichu movie Si Mani sir,Positive,0
Lucifer Lalettan polikkumm Kerala Abhimanam Lalettan,Positive,0
Nanjankotta ennu ee film nu per idaamayirunnu,unknown_state,1
petr hein ellam same stunt style anu..luciferil ayale vaykathirunond karymay,Mixed_feelings,4
Trailer varunnathin munne chila fansukaar dislike adikkunnund. Viewsum koodilla dislikum aakum.,Negative,3
Ntikkaa ingal age 67 aano atho......off myaarakam...ummmaaah,Positive,0
Evideyo KGF orma varunathu eniku matramano!! 🤔 Music aano...story oralde maranavum villan marde ennavum.. entho..,Mixed_feelings,4
iss movie ka naam hii galat rakha haii lucifer means shatin illumnatis ka pujari,not-malayalam,2
SLR pubg boys like here,not-malayalam,2
90sil kaalapani pole oru film edutha priyadharshan ithu oru valiya karaym onnum alla,Positive,0
Evidayokkayo oru aada movie touch thonniyathu enikku mathram aano,Mixed_feelings,4
Padam kanidit trailor kanan vanna arelum undo padam heavy 100 % mass entrtainer rajuetta.. Muthe,Positive,0
Kolla mass trailer By lalletan fan,Positive,0
152k views in 38 minutes 107k likes. Lalettan magic,Positive,0
Wow mamo fans tamilnadu i am waiting🤗🤗,not-malayalam,2
Once king is always king mammookka,not-malayalam,2
19k views & 134K likesum 🤔 Ente mobile mattan time ayi..,unknown_state,1
Ethu polikum njanumanta family realsinta annu thana pokum,Positive,0
Trailor kandu kazhinjavar ini e Kerala cafe channeliloot varika,unknown_state,1
I am a biggest ikka fan,not-malayalam,2
Good work done by dop ..,not-malayalam,2
Kidu.. Kidu.. Kidu.. Ith polikkum.. Lalettan... പ്രിഥിരാജ്,Positive,0
Enthinaa chettaa ingane thala vetti vekkunnath . Mammukkante thala vallavanteyum kazhuthinu mukalil vekkumbol,unknown_state,1
Darmajan fans like ad I makkale,unknown_state,1
Maraykkarum mamangavum oru pole kaathirikkunnavar like,unknown_state,1
Madhuraja 1hr 50k Lucifer 17 min 80k 🥀,not-malayalam,2
sunny chechi fans like adi,unknown_state,1
enthinaannu allukal dislike adichu koottunnathu ennu enikku manassilaavunnillaa,Negative,3
All the best From a katta ettan fan,unknown_state,1
Trailer vere level last 30 seconds no reksa,Positive,0
Prayam koodumthorum Actionum Pulimurugan pinnil avo?,unknown_state,1
Ee trailer 10il kooduthal thavana kandathu njan maathram aano?,unknown_state,1
Lucifer ....,Positive,0
Tickets edukkan chaver akendi varoonna thonnunne,unknown_state,1
Ettante nayikayaitt a peratta hani roseineyallathe vere areyum kittiyille nayanthara mathiyayirunnu nayikayai,Negative,3
Introduction scenil ulla aale manassilayavar undo,unknown_state,1
malayala cinima ellam hollywood level ayo oh my god,Positive,0
Trailor kandappil padam pottumennu urappayi,Negative,3
Oru vayassaya manushanaayittu enthu kidilaayitta abhinayichu kaanikkunnathu,Positive,0
Eppozhum abhinayikkan mohanlalum mamootyumea ullu new generation arummilla,Negative,3
Njan padicha school. Alla lalettan padicha school,unknown_state,1
Pritivraj army kannan vannnavar adi like,unknown_state,1
John Abraham pallakkal fans hit like,not-malayalam,2
Ee maha Ravanane Anganyonum othukan patilla Sideeqe,unknown_state,1
teaser vanapo nala pratheksha ayirunu trailer athu kalanju,Negative,3
Mass kaanikkan lalettante kazhinje ullo aarum annum innum,Positive,0
O D I Y A N,not-malayalam,2
Ith kanditte IDI orma vannath enikku matramano??,unknown_state,1
Ola pola cola bola *Mataka gatka satka Kya bol re baap*!!🤣🤣,not-malayalam,2
Kanditt madhura raja trailer il ninnum oru story illatha moviyaanenna feel kitty,Negative,3
Manju chechiye kaanan vanavar evide like,unknown_state,1
ennum eppozhum...... ikka ore pole..... double strong,Positive,0
E movie super hitt urappa,Positive,0
Pwoli... By a katta lallettan fan,Positive,0
Egane ulla movie kal kaanan aanu ellavarum waite cheyunath,Positive,0
oh my god this is superbbbbb,Positive,0
Madhura Raja 100cr Tribute Video Like.. subscribe,not-malayalam,2
Once a raja always a raja,unknown_state,1
Pwoliiiiii mammookka oru rekshem illa.. Best wishes,Positive,0
Appo bilal ee idakkonnum varulle Happy birthday ikka,unknown_state,1
Classum massum cherna oru onnonnara item,Positive,0
Oru yugam bharicha chakravarthiyude randam udayam,Positive,0
Mohan Lal depicts the best gangster i've ever seen in Hollywood or Indian movie.,not-malayalam,2
evannkk onnum vere pani ille poyy pani nokk ikka,Negative,3
Maarkam.... Trailer kandittu bayngara expectations aanu... Movie adu keep cheyyyanam..,Positive,0
Ith kollaaaam....kanda ooodayp trailer ne kalum ok far better...hiy avanee daiwamee...thall kuranj,unknown_state,1
Trailer kaanunna policekaare come one everybody!!,unknown_state,1
Madhura Raja Theme 8D Bgm and share A katta mammuqa fann..,unknown_state,1
Vivek Oberoik dub chaiythirikunath nammade Vinneth chettan aanalo,unknown_state,1
Ikkaa fansinu hridhayathil sookshikkan.... Hatersinte annaakkil kodukkan... 2num pattiya item thanne aanu ith...,Positive,0
ഇക്ക മാസ്സല്ല മരണമാസ്സാ ... Abrahaminte Santhathikal Kidu Status Video Max,Positive,0
Ith ini Telugu padathinte dubbing anoyennu thonniyath enik mathramano?,unknown_state,1
14k dislike adicha oolakalk naduviral namaskaram,Negative,3
Enthanavo ee 256 windows kunjappanmar ....,unknown_state,1
What a look mamooka. Love from srilanka TAMIL FAN,not-malayalam,2
Prithviraj Fans Like Adikkan ulla Comment,unknown_state,1
Auto like 16k views 79k likes,not-malayalam,2
Ith dislike adicha polayadii makkalkk kunna namaskkaram,Negative,3
Innu november 21 e divasamavan ethra kathirunnu inni december 12nu kannam,unknown_state,1
Ikka da makale set traler nxt hit for ikka 4 ina row now,Positive,0
Ente ponnooo marakam iyyyoooo goosebumps Kathirippinte kolamass trailer Poli kidu kidolokidilan,Positive,0
Ithinum dislike adikkunnavar enth kanditta enne ariyilla..,Negative,3
Earangunnathinu munb dislike adich moonjikkaan koreu ennam earangiyittund,Negative,3
Malayala sinimayile ore oru rajav ikka muthan,Positive,0
ALL THE BEST LALETTAN & TEAM.........,not-malayalam,2
Late ayappo excitment koodyavar like adi,unknown_state,1
adipoli trailer . waiting madura raja,Positive,0
ettan fans ibdee common,unknown_state,1
Trailer kidukki By a lalettan fan,Positive,0
Madhura Raja yil Madhuramaya Rani sunny chechi ne kaanaan katta waiting cheyyuntavar undo..?,unknown_state,1
Ettanta aniyanmarude vaka all the best ... ikka oru rakshayumilla,Positive,0
Idakkidakk vannu romaanjam kollunnavar like adi,Positive,0
OMG megaaaaa Massssss. ..ikkkkaaaaaa outstanding. ....Ikkaaaaa and the bgm rocking,not-malayalam,2
Ente raju etten mwthanne......rajuvattente aa voice mathi .....pinne onnnum venda ...,Positive,0
car enu eragi nadakunath kandapol Bilal ena orma vanath enik matharam anoo,unknown_state,1
Lalettan ayalum mammookka ayalum oru pole support cheyyuka snehikuka.... Verukendath sankikale mathram.....🤗,Positive,0
Katta waitinggg.... lalettaaaaaaa.... Luv u so much..,Positive,0
Ayyo 11 vare wte cheyyanamalloo,Negative,3
Madhraraja ith ikkem ikkade pillerum pwolichadakkum,Positive,0
Fanbasil maathram movei kaanunnoraavum dislike cheythu negative aakkunne avarkkente naduviral pranamam,Negative,3
Powlichu Lalettan and Rajuvetttaaa 🤝🤝🤝🤝 thudangalle Tcr vedikkettu !!,Positive,0
Tamils always like mammooty as like lalettan,not-malayalam,2
Entammmoooo... Lalettaaannn fan here.......... Hnmmmmmm...... Ithu Pani aano??,unknown_state,1
ONKV ood neeraliii kandam vazhiii Ikka marana mass,Negative,3
Enii adeyude ideyude veddi purraaam........apppo pakalla 12 theatrl.....uff,Positive,0
Teaser kandu pradeekshayokke poyatharnu,Positive,0
Prakash Raj Ullatu kondu chelappo hit aavum,Mixed_feelings,4
A like like to sorry to god (y) -_-,not-malayalam,2
Promo kand kili poya le njaan,unknown_state,1
Njan mathram aanoo comments vaayikkan viindum trailer edukkunnee,unknown_state,1
6.30 muthal kaathirikkukayaayirunnu 1st comment idaanulla bhagyam...ee Onam pwolikkum,Positive,0
Ettan fens undo undel edh pever aayi,unknown_state,1
Sunny and ekka.. fans like here...,not-malayalam,2
53 55 sec repeat aduchu kandavar Evde like,unknown_state,1
Abinayan ithihaasam nammude mammooka yude katta fans likkikooo,unknown_state,1
Ithokke dislike adikkunavare kale vari adikkanam,Negative,3
10M aayonnu idaykk nokkan varunnavarkku ivide like adikkam,Positive,0
Arokke 0:21 bigil first look kando,unknown_state,1
Prayam koodundorum soundaryam koodunna ore oraal.. Mammookka,Positive,0
Cinima kando kidu,Positive,0
Dislike adikuna olikal ellam odd kadam vazhi,Negative,3
Thaliyvaaaa Ikkaaa vara level pwolichu,Positive,0
Spr ikkkkkaaaaaa,Positive,0
Idhinde teasern verum 50k like ullu,unknown_state,1
1:07 iyalde kaalu vetiyathalle 1st partlu ....,unknown_state,1
Koode Nilkkunnavark Chunk Kodukkum 🤩🤩 PULLU GIRI 🤡🤡🤡🤡🤡,Positive,0
model schoolil padicha lalettan ille ee cinemayil,unknown_state,1
4 million views lalettan power,not-malayalam,2
BEST WISHES TEAM Abrahaminte Santhathikal,Positive,0
Sorry to say. Odukkathe kali aakathirunna mathiyayrunnu.,Mixed_feelings,4
Urumi valum adhu Pande mammukeke paranjedha,unknown_state,1
Kanji edukam samayam aayiee come on guys,unknown_state,1
Enthanavo manju warier kanumbol oru deshyam,Negative,3
Innale 9.30n kandu 154k aayrunnu views Now....,unknown_state,1
Mastar peace um idupolokke thanneyanu makkale,unknown_state,1
ലാലേട്ടൻ പ്രിത്വിരാജ് 22K dislike vannenkil urapicho arkokkeyo kuru pottiyitund... padam sure hit...,Negative,3
10 - 30 kollathe charithram ariyaan aayi.. katta waiting cheyyunavar ..... KERI... LIKE ADIKKADA MAKKALE.......,Positive,0
Onnil kooduthal trailer kandavar undengi ibide comeon....,Positive,0
Ente ponnoooooooooooo nammude sontham ichaka mamoookkaaaa ummma cinima kanan kothiyakunnu,Positive,0
Padam flop aavm Enna Kaaryathil oru doubtum illa....,Negative,3
ella ikka fan kand nokku,unknown_state,1
Mammuka Massan parayunavar like cheyyuga,unknown_state,1
No words Pwolikkum waiting By DQ Fan,Positive,0
Love from utter pradesh mohan Sir,not-malayalam,2
Lalettante adutha pottapadam...Laletta ithokke mathiyakkan aayinnu ...Please,Negative,3
Nty amoooo kunjalimarakaar 9 alla oru pulikutti ayirunu Lal sir nigal samsarikubool Chiri varunu,Negative,3
Ith baghamathy moviede kadhapolund .. Anushka unnimukundan movie,Mixed_feelings,4
Ikka fans come and like lalettans fans comment,unknown_state,1
Super ra Iruku By Tamil nadu STR fans,not-malayalam,2
Charitra cinema aano nayakan mamooka allae vere aarundundu abhinayikkan,Positive,0
31 miniute lucifer 200k views 2 hour madhura raja 80k views,not-malayalam,2
1:35 iruttath oru kallan,unknown_state,1
Ith kelkumbo kilichundan mambazam orma verunnu,Mixed_feelings,4
ithu kalakkum adi makkale like ee rajayude pillar strong kaanich kodukk....,unknown_state,1
17k dislike🤣...mamunnifans kurupotty .. Rajuvettan oru prasthanam aanu...,Negative,3
Lalettan fan Aya entea Ella ashamasakalum,unknown_state,1
Pandam kandathinju shesham vanavar ethra perund pwli padam uff,Positive,0
Comadey aguuum realse aytuu paryaaam,Mixed_feelings,4
Vere Level...... Trailer pwoli...... Bgm katta mass....,Positive,0
All the best ettan fansinte vaka ikkaykhe,Positive,0
100 kodi clubil kayariyathinu shesham arokke vannu,Positive,0
Ithu Simple AICP anu CPIM(hero) DVP anu BJP(Villain) Tovino varum DVP Kare urutti kollum Climax AICP election jayikkum.....,unknown_state,1
Oru kaaryam manasilaayee..paandi rajayum 30 crore nedillaa,Negative,3
Ikkake katta support aa mamakam hit Thane akum,Positive,0
Vere aarkund makkale ee prayathil ingane mass kaanikunne oru hero,Positive,0
ഏട്ടൻ വേറെ levelaaa,Positive,0
Mamookkakk abhinayam ariyilla enn paranjal adhyam chirikkunnavar ivide like...,unknown_state,1
Madhura rajaye adichu potta kinattil itta stefen neduballi hajar hoom,unknown_state,1
love from a diehard lalettan fan,not-malayalam,2
Mamaangam valiya hit akatte Lalettan and Thalapathy Vijay fansinte Ellavidha supportum undavum 🤗🤗🤗,Positive,0
100 crores? Madhura Raja or Lucifer comment please,not-malayalam,2
Onam lalettan eduthu ennu parayan paranju,Positive,0
romancham ennokke paranja koranji pogum ....athukkum mele,Positive,0
Dislike adikkan vendi mathram vannirikunnavanmar orupad undalloo sahikanindavula kazhuverikalk,Negative,3
Ayo last aaa stund yente ponnu ikka,Positive,0
Super movie aanu but jai ne kollandayirunny,Mixed_feelings,4
mamooka enn uyir enn anbu enn singamda enn muth mani... 300crore adikum,Positive,0
Trailer okke kollam pakshe evideyokkeyo pulimurukan keri varunnu ennu enik mathramano thonniyath??,Mixed_feelings,4
Katta ikka Fan's okke onnu like adichu pokke...,unknown_state,1
Padam vijayikkum S&S COMBINATION WITH ROBOT,Positive,0
ഈ movie suppar hit akum എന്ന് ഉള്ളവർ like here,unknown_state,1
One day 10 lakhs viewers ! 78k like 🤘,not-malayalam,2
Enik matram ahno jishnu ragahvne pole nadane thoniayth . .RIP,unknown_state,1
Newer comment kanan vannavar like chey,unknown_state,1
kochi karan aya kunjali engane ee bhasha padichu avo :),unknown_state,1
Maryathakku oru trailer polym irakaan arillaaayy,Negative,3
Heavy,Positive,0
Raja yude power kanichu kodukkande,unknown_state,1
Mass ennu paranja otta vakkeyollu ath mammookka!!,Positive,0
Chetta Done... Deal... Wait... Trailer kollam ... massss,Positive,0
Superb & promising trailer,Positive,0
Happy birthday mammookkka... Love you sooooo much,not-malayalam,2
Apppo hero aaranu?,unknown_state,1
70 vayasilum sema getha irukura mammooty Ku ho.....,not-malayalam,2
Uyante mone.......!! Ith eeeeth lookkaa mammootty ....... Vere level.....,Positive,0
lalettan rocks thanks rajuetta LUCIFER loading,Positive,0
Pottum bengaali look IDGAF mon,Negative,3
Ikka ikka....ikka ikka ikka ....ikka ikka ikka ikka....ente ponnu ikka....marikilla ningale njn marikuvolam...,Positive,0
Suraj ettan vere level... 1:01 Soubin ikka pwolikkum 0:33,Positive,0
Mamangam Vismayathinu 5 naalukal mathram Katta waiting,Positive,0
Cinema kand kazhinjitt veendum trailer kaanan vannavar undo ivide,unknown_state,1
edakku vannu kanukayum viewsum nokkunnathum arokke mammookka,Positive,0
Usmaane....vegam vaarikettiperukkeda...theeyum pokem parapichond oru koottam varunundeda....,unknown_state,1
undayum illa oru andiyum illa.nammuk nammale ullu...uffff dialouge 🤩🤩,unknown_state,1
Ayye luciferinte aduth polum etheella.Luciferine pottikanonnum ponnilla.Lucifer trailer kandappam mone oruuuu romnjam aayirunnu.Ithenthooonu ayyyye....,Negative,3
idum kuudi 37 aamathe repeat adi,Positive,0
Entammoooooooo..enikku kanan vayyaye.....ente ettaaaaaaaaaaaaaaa...........onnum parayan thonnunilla.....njan sthabhichu poyiiii.........,Positive,0
Madhura raja kku wait cheytha lucifer fans like adi...,unknown_state,1
urutam sounded a bit funny korachum koode punch avarunnu still super movie villain njerichu super,Mixed_feelings,4
Luciferine kaal madhurajaye ishtamullavar adiyada like..,unknown_state,1
Prayathinde peril ikkaye kaliyakunna ellaa naayinde makkalum nokkada 68 aam vayasil ninde oke thantha vcharichal pattoda ijjathi mass,Negative,3
1.34 seen ille prithviraj ninte face Pole thoununu,unknown_state,1
Achaayaan poliyaatto... kolamaasss Kalki 🥰,Positive,0
Adipoliii padam....ellavarum must watch.....suraj oru rakshem illaa,Positive,0
Oh endhuvaadai idhokke aarkengilum dislike adikkan thono,Negative,3
Last aa chaadiyulla adi... Athu screenil varumbolulla kaaryam,Positive,0
cinema premikalkkum tovino fansinum oru mass entertainment prathekishikkavo ichayooo karnam sadharana trailer vere padam vereah ipol,unknown_state,1
Not impressed yenne kollale please manasilolladhu paranjanne olllu Suraj.jpg,Negative,3
Happy birthday mammukka from mohanlal fans,not-malayalam,2
Onnum parayanilla mammukkakkum ee teaminte ellavarkkum All the best,Positive,0
Polichhhh malayala cinema vera level aakuvanallo... eni lalettan marakar,Positive,0
enghall oro movieyilum oro makeoverumm realistic aayiii mass kaanikunadhumm kaanumbazhaann lalettane oke eduthh kinattill edaann thonunadhhh..by a lalettan fann,Negative,3
Laleta pattunna kadhapathram cheeyy ningalk charithra cinema sheriyaakoola Aa samayam 2 adipoli cinema cheyyan nok borayitund dialog,Negative,3
Love you sir from vijay deavarakonda pavan Kalyan fans,not-malayalam,2
Oru 18,unknown_state,1
Ente ponnnoooooooooooo oru rekshsyum illaaaaaa....kidu trailer......,Positive,0
poli teaser maathiri alla ith pwoli item aanu aake miss cheyyunath rajuvetteme mathra? ningalkko?,Positive,0
ഈ കഴുവേർട മോനെ ഇനീം support cheyyan paadilla...,Negative,3
Ennem koode kootumooo nannayi abhinayikkam,unknown_state,1
Tamil nadu la irunthu yaarlaam mohan lal kaaga matum paaka vanthinga oru like potu ponga,not-malayalam,2
Parayan vakulkateetham Paranjalla kandariyenda mahaa mamanga velayatathinu loogamengum therasheela pongi Inne ellam kaalam parayum,Positive,0
Prithviraj is not there in Madurai raja,not-malayalam,2
Dislike adichu tholpikan pattila makkaleaaa.. Lalettan oru rakshem illa... Prethviraj pwlichu... Katta waiting for 28th...,Mixed_feelings,4
Ohhh ikkaaaa Enthane nigaleee mass kanichu kolluvo..... Love U And Katta waiting..... PDFs orapichuuu,Positive,0
Sunny chechine kurachu koode neram kanikarnu,Mixed_feelings,4
Trending 1 - Lucifer Trending 2- Narendra Modi Ar jayikum??,unknown_state,1
Aju vargheese negatuve role aanen thonniyavar ondo,unknown_state,1
Last 10 seconds raja solarthan seyyiuvan seyyaruth mattum than solluvaa🤩,not-malayalam,2
Padam kandavarkku like aam Mass ka baap,unknown_state,1
Pwoli.. Keralathil kittiyillel telugil um hope ind,Positive,0
Ee mohanlal padam 150 crore clubil varatee,Positive,0
Ennalum ittimanide Chinese link endonnavum 🤔🤔🤔 Arkkengilum ariyamo ??,unknown_state,1
Orupaad ishtaayi ee padam englm hit aaya mathiyenu,Mixed_feelings,4
Ennalum davan coolayittu unda vizhungiyathu athra sheriyayilla... Padathil anaganills super..,Mixed_feelings,4
E Assasincreed te trailer 2019 lu knnunavr etra perund,unknown_state,1
Supr hit avumo?...enkil adiku macha like here,unknown_state,1
Ramesh ettante first padam oru feel good movie aayirunnu ethum angane aakum enn karuthunnu,Positive,0
Dialog delevery shariyayilla.....act super aayirikkum mass lalettan,Mixed_feelings,4
Dileepettan fans vaka best of luck,Positive,0
Ithe ikka polikkum ne thonane. Laletten fansinte vaka ore all the best,Positive,0
Romanjification enta ponnikka nigal vere leval Aanu...,Positive,0
Padam pwlikm...ikka oru rekshayum ellah.....Age Is just A Number......from A10 fans..,Positive,0
Njan vicharicha pole alla ketto...sambhavam kidukkiyittundu,Positive,0
Mamangam alla avante apppan vannallum eth vijayikkum,Positive,0
Mamangan istam anne poli anne pakshe njangal marakar fans anne,unknown_state,1
Nalla trailer filimum athu pole aakum ennu pradheeshikkunnu,Positive,0
Otta vakkil paranjal vismayam mammookka ningal oru idhihasa taram tanne ennu veendum teliyikkunnu,Positive,0
LalettaN Poli 2 kg Potherachi Vangi Veetil Ponam🤩ഇട്ടിച്ചൻ,Positive,0
Mammunikal kuthiyirunn Dislike adikunund🤣🤣bloody patti theetams,Negative,3
Onnil kooduthal kandaavar ividea like adikk..nan.matram ano,unknown_state,1
Varika varika sahajare ... listen old version,not-malayalam,2
Entha chettan vilichittanu njn vannathu enna tovinoyode dialogue mass alle guys,Positive,0
Eee trailerinu dislike adikaaanum oru range okke venam 🤦‍ kashttam Luv u ikka,Negative,3
Padam parama Koothara,Negative,3
Pwoli sharathe track mari mamagam 🤩,Positive,0
Ee cinima kannan athin oru name mathii .........S......... sunny,Positive,0
Aa chekkanu Jishnuvinte Chchaya thonniyavar undo,unknown_state,1
Madhura raja Pokkiri raja Rajadi raja Raja Manikyam Rakshasa Rajav,unknown_state,1
At last superstar rajinikanth dialogue,not-malayalam,2
edile chela police ne evideyo kandapole vijayan sarkare anno,unknown_state,1
Ikka November 21 Ann oru puram thanne..pazhasiraja fdfs ormaverunnu..,Positive,0
Kerala police da Mavoist alla mavoistinte achane vare nammal adichodikumpinnalla,unknown_state,1
Thakarthu,Positive,0
ayyeeee.....ithenthu samsaram....slangue pattilla lelettanu ...... sadharana malayalam mathi aayirunnu....ithu nalla bore aayitund,Negative,3
Hang ayo,unknown_state,1
Ee varshatthe maraka mass padam kidu bgm,Positive,0
Ini katta waiting Lucifer releasing day Ettante fans like adikkeda,unknown_state,1
Kekan. Nalle. Sugam. Ingne. Jeevich. Nokk. Pani. Nalle. Kittum. Ellla bagath. Ninnum,unknown_state,1
Oru KGF manakunundo... Alla KGF ne thakarkkunna oru Mass item manakunund...,Positive,0
17K Views 112K Likes ‍ Youtube Are U Drunk🤣🤣,not-malayalam,2
Trailer record adikkunathilum ennikishtam theatreil record adikunth kaanan aanu,Positive,0
Mammoookkaaaa.... kidu mammookka irangiyappo pilleru sasi aayi..,unknown_state,1
BGM Semma from TamilNadu,not-malayalam,2
Mamookka oru rakshayum illa kidilan,Positive,0
Mattoru china town aavathirunnal mathiyayrunnu.. nalla ooola trailer,Negative,3
policekaarante nenjath chavitti nilkunnath maathram kaanan theatril poyavar aarelum undo?,unknown_state,1
Lucifer trailer ethineka kuduthal repeat adich kandavar like adi,unknown_state,1
Police pwoli anallo...lal inte thirichu varavu...,Positive,0
face kanikkathe mass kanikkanamengil ikkakke sadhikku,Positive,0
Id kanditt bestt actor movie ormma vanna arenkilum undoo,unknown_state,1
onnum parayanilla mammoka superb bgm woww,Positive,0
Lucifer njngal randum kayyum neeti sweekarichu.. Marichu.. Matham parayunna sangikal keri dislike adukkuvaaa... Oru myrum nadakkulla.....,Negative,3
Mammookka athirappalli vellachattathinte munbiloode nadannu pokumbole romancham vannavar like adi,unknown_state,1
Watch From saudi. (Riyadh ),not-malayalam,2
Arjun reddy bgm poole thonniyathu enniku mathram aano?,unknown_state,1
Odiyanekaal kooduthal kanji vendivarum lucifarine,unknown_state,1
November 21ode kore recordukalk oru theerumanamaakum,unknown_state,1
0:28 - 0.33 athu ingerkkk matrame patttu... Sheriyalle.. :),Positive,0
Njan youtubil new ana enn onnu support cheyumo pls,unknown_state,1
@ 0:26 - Kamal Hassan. 🧐🧐🧐,unknown_state,1
TRAILER KIDU,Positive,0
mangalassery,Positive,0
Madi idu madi laalletta Ninga polichuuu,Positive,0
Dialog bora ettan .saatha dilogu matre pattu .dileep .mammoka dilogu suppera,Negative,3
Dislike adikaan vendi vannathaan pakshe ikka ee trailer kanditt dislike adikaan pattunnilla So ente vaka oru,Positive,0
Pwloichu LaletTa ettaN anu njn Terrible devil mass maranamass,Positive,0
Odiyante releasinginu vandi kathu nilkukyanu laletta,Positive,0
Mammokka Age 68 .... NO WORDS,Positive,0
Settt,unknown_state,1
Dhaivathinte swntham naadu kidukkaachi,unknown_state,1
Prithviraj illenu manasilayi surajine kandillallo. Siddik thirichethiyitund.,unknown_state,1
Best Cinematography Kidilan Oru Rakshayum Illa,Positive,0
Oru kidilam bgmum songsum malayalathil kelkkanam gopi chettan sadakuzhanju ezhunelkkanam,Positive,0
1:08 back groundile photo sukumaran sir .....lalettante appachan ...,unknown_state,1
Pala padathilum kanda scenugal kooti kuzhucha padam athine kidu mass ennoke parayaan kure andam kammi fansugalum,Negative,3
Ohh mamooka kalaki...Adipoli trailer... Best Wishes from Tamil Nadu.,Positive,0
Padam kurachode dark theme aakayirunnu,Mixed_feelings,4
njan katta llaletten fana ikka ettente pilleru koodu ekkante pillerekkode aaagoshikkkan,Positive,0
1:20 Its not kannadan its kannadiga,not-malayalam,2
Kidu trailer by katta mammooka fan,Positive,0
Trailer igananekiiii padam eganarikumennn onnalochich nokiyyeeee Romanchammm varunnnuuu Maranamass ettan,Positive,0
Mammookkayude sound oru rekshayum illa pwolii,Positive,0
A10 nte mass kanan vannavar Addik oru like,unknown_state,1
192K views,not-malayalam,2
surajinte body transformation... ho... vere level nadan aakuvanello oro padam kazhiyumthorum..,Positive,0
ikka.......Trailer powli.. frm A10 fan,Positive,0
Trailer ittapozhekku dislike vannu athinu Artham avar ikkye pedikkunuuu. Love u ikkka,Positive,0
Ichaakkaa.. Pwolichu tto All the best mammookka By lalettan fan,Positive,0
thalaivaaaa....... sollarathu Mattumdha...saiva..... ethrayum nall evidarunu.... chillarkku kuru potti thudagi ....,Negative,3
Vijayude padathinde trailerinu okke kodukkunna support nammude malayalam movie kkum koduthoode,unknown_state,1
Tovino nte speech uff vere level mass,Positive,0
Padam nalladalla ennulla abiprayam kettukond poya enik Predeeshichadilum nalla super padam kanan kaziju Cash povilla 101%,Positive,0
Aa thumb nail ile look nokkiyatte. Oru adaar mass block ulla rangam aanen urappayi,Positive,0
Poi chav Madura raja illalpo oruthnm thalla pokkula,Negative,3
Gangumayi varunnavan gangster Avan sunnyneym koottiyah verunnath 'pornstar',Negative,3
Oru reksheyum illa 200 Kodi club ill kerum ennu orappolavar like adi,unknown_state,1
Pwolich ikka love from ettan fan,Positive,0
Mamangam is November 21. Waiting,not-malayalam,2
17 k views 114k likes YouTube hang aayii makkaleee,unknown_state,1
Njan padam kandu....kidukachi padam .....ellaarum ee padathe Patti negatives mathram parayunnu...I don't know why....any I lived this movie,Positive,0
Enta ponnooo..... Adaar item.... Ith pwolikkum..,Positive,0
Eniyum eniyum malayala cinema orupaad uyaragalil ethatte,Positive,0
Trailer kandale ariyam lalapande adutha padakam....,Negative,3
Thrissur pooram trailer hidden details,unknown_state,1
Pettennu 1m akkkuu guyssss ikkaaa fansinte power kanichu kodukk,unknown_state,1
Against കമ്മീസ്,unknown_state,1
Eppam samayam 1:20 am 4million views 2:30 am akumbozhelum akumo(saudi time),unknown_state,1
Katta waiting aanu makkale june 16th DERICK ABRAHAM entry,Positive,0
Vannu nammude mwuth John Abraham Palakal,Positive,0
Karikk nte videos ittall pinne youtubeinte trending system aangu maari mariyum🤩🤩🤩 #1 aangu maatikko,Mixed_feelings,4
0:43 muvattupuzha grand centre mall alle?? Muvattupuzha kaar indo ivude?,unknown_state,1
Njagaloke kandittum verukanilalo eatta Only reason LAKETTAN,unknown_state,1
Enganey thonnunnadey. I. Trailer Inu dislike adikkan,Negative,3
Ethra peru unde Lalettante punch dialog eshtapettavar,unknown_state,1
#Mamangam #Mamangamtrailer #Mammootty mammoookkkaaaaaaaa polichuuuuuu,Positive,0
Nammade laletttante LUCIFER anu athukum mele LALETTAN FANS LIKE HERE,Positive,0
30 min 400k view adichu makkale🤩🤩🤩,Positive,0
Padam first day kandittu vannavar arokke ind,unknown_state,1
Views 17k,unknown_state,1
Laalappaa ikkayod muttaan nikkandaa.RAAJAyum pillerum strongaa TRIPPLE STRONG.Laalappan koottiyaal koodoolaa.,Negative,3
All the best ikkaa nalloru padam avatte madura raja,Positive,0
Ikka..... unni ettan Ellarum polichutta,Positive,0
Ikka ningaloru sambhavamaa... trailor thanne ethra thavana kandittum mathiyavunnilla... appol movie kola maranamass,Positive,0
Pani ariyavunna oruthante kaiyil lalettane kittiyal theeravunna preshname undayirunnullu. Athethayalum ok ayi. Lalettanrajuvettan,Positive,0
0:30 Theatre ilaki mariyan povunna scene 🤗🤗,Positive,0
video kande comments nokana guyz oru like,unknown_state,1
padam vere level aanu big B ye kaalum mass aanu,Positive,0
Waiting for Mamaaankam Days,not-malayalam,2
Trailer kanditu mammooka veendum karayipikum ennu thonunu,Positive,0
ith kandappo pulimurugan ormavannavar like adi,unknown_state,1
Vinneth aanalle vivek oberoi kku sound koduthath,unknown_state,1
ente mamookkaa.... ijjathi.... romaja.kanjukam.. mammootti istham.... ithu kalakkum.. polikkum... thimirkkum,Positive,0
Gym Bossin Vidaa... Ittymaaniydde Margam Kali Ini Troll Lokam Bharikkum,unknown_state,1
Wawu..variety ayitt ind.. oru korean movie level..,Positive,0
lalettan masssda vyara lavala athukum myaley I love you laletta..,Positive,0
Vannu mona real raja ethu polikkum eni anu record maranpogunnathu madhuraraja mammokka king,Positive,0
Kidilam theme Padam theatril kandrikum #lalettan fan,Positive,0
mollywoodin thala uyarthan mammookkayude vaka puthiya oruitem koodi mammookka fan like adi,Positive,0
100 cr aanannu Antony parayaan paranju,unknown_state,1
vere level....anne Ikka hatrick adikkummm.......ee movie katta waiting.....vaishak sir,Positive,0
I'm a big fan of you Mammookkkaqq,not-malayalam,2
Polichu katta wait mamooka fans adi like,Positive,0
All D best from challenging star D boss kannadiga,not-malayalam,2
Ente ponnoo ijjathii marana masss,Positive,0
open for online job for students,not-malayalam,2
12 Mani kazhn kaanunnvar ivde like,unknown_state,1
Ore daivam... pakshe marannamila.....lalettan... Eshtam...... Stephen,Positive,0
Dislikes have no roles# 66k likes mathi,unknown_state,1
Make up kurach koodiyo enn oru doubt,Mixed_feelings,4
Polichu machane Lucifer ellarum kananam .,Positive,0
I lik both lalettan and ikka madhuraja kollam gud ishtyi trailer but lucifer vere level tanne anu,Positive,0
Nyan lalettan faanannu pakshe stylishaayitttu ijjathi padangal chyyan ikkakku kazhiyullu,Positive,0
Hit like yash bosss fannsss form kgf,not-malayalam,2
2Thavana kuduthal trailer kandavar like adi,unknown_state,1
1:34 side ill nikkunnath prithviraj alle,unknown_state,1
Mamangam & Kunjaali Marakkaar MAMMUKKA & LALETTAN FANS Like here V R 1,not-malayalam,2
Whose here just for Sunny? Hit like,not-malayalam,2
Trailer kollam pakshe annu blouse undayirunno,Mixed_feelings,4
ഇതിന്റെ background music kittan valla vazhiyum undo. Kidilan,Positive,0
Visual treat enu parnja dhe idhan. Mammooka,Positive,0
Nice trailer but manju again,Mixed_feelings,4
Njan mathramano e trailer onnil adhikam thavana kandath,Positive,0
Happy birthday megastar mamookka once king is always king,not-malayalam,2
Dislike adiche jimitttan fans n,Negative,3
ee trailaril ake oru bore ullu.....shajoninte oru shot....pulli kattil appiyidan irickunna oru feel...........,Mixed_feelings,4
Ee item vache mammal nammude pracharanam thakarkum,unknown_state,1
Polioru mass film airikumm anullavr like adiku,unknown_state,1
oronnu padam pidikan irangum..paisa poyathinte deshyam kondanu ivide trailer thappipidichu comment cheyyunnnathu..arum kanallu .. thank me later,Negative,3
Pakahe prithivraj evide poyi? Pokirirajail undayirunuallo...??,unknown_state,1
Ikka varunnu iniyum maasukal srshtikaan in the age of 68 ikkaye ishtamullavar like kodukk,Positive,0
Chennai rohini theataril aareke undagum fast day,unknown_state,1
Olaaaa oooola oooole,Negative,3
Pakka thane pore indha raja yude Aattathe Madhura veera raja,not-malayalam,2
Katta Murali gopi fanzz adikada like,unknown_state,1
Iniyum venam kurachum koodi ulla trailer,unknown_state,1
Chill roomil kudungi ice aaayi ppopya penkuttiyue katha,unknown_state,1
SUPEEERRRRRR LAL ETTAN AND PRTHIVIRAJ SUPERB,not-malayalam,2
Ikka polikumen urappullavar like and comment please,unknown_state,1
Ntammoooo enna lookka nte Etta Immathiri oru trailer pretheekshichilla.... Kikkiduuu,Positive,0
Watch #OreVidhi #Malayalam #Shortfilm -,unknown_state,1
PTA nhi Bollywood walo ko aise movie banani nhi aate Kya,not-malayalam,2
Ithu vere level Padam aayirikkum . Enthaayalum Madhura Raja pole valiya oru vijayam aakatte,Positive,0
Dis like addichavark ende vaka naduviral namaskaram,Negative,3
Likes nd konda korayne??180k indairunu ipo 131k??,unknown_state,1
Now 5.2k dislikes Trailer varunnathine munpe ingane appol padam irangiyalo Andha bayam irukkanam,Mixed_feelings,4
aa dislike mikkathum mohan lal fans aayirikkum,Negative,3
nyz .padam polikkumhikka with akka ishtamh,Positive,0
Fan fight alla malayaligalkulla abhimanam avattee,Positive,0
alelum immade jayettane pettu THRISSUR slang pedakan aledaaaaa GEDYOOLLEEEE🤘🤘🤘🤘,Positive,0
Trailer release aakunnathinu munnae 1.3k dislike ooo,Negative,3
Hype kurakan Samthikoolla alle? Ijjathi ittems oke irakiyal engane hype illathirikum.,Positive,0
Looks totally hopeless....Oru Kannan thamarakulam level padam aakumnnu thonninu...,Negative,3
DIRECTION IS REALLY HEAVY...... SEEMS LIKE MORE INTERESTING SCENES AND MUCH EAGERNESS WAITING ABOUT........... ALL IN ALL KIDU............. ROMANJAM............,Positive,0
27th Character poster.. Aaa suspense + hype inu kodukkanam oru like.,unknown_state,1
Padam kandittu Vannavaradi Oru kidukaachi Box office Karakkiyadi Like,Positive,0
Mammookka did it last sooper man punj is owsume,not-malayalam,2
All The Best Ikka & Mamangam Team,not-malayalam,2
Enna masss bgm Gopi sunder BMG's vere level,Positive,0
Enallum pandu nasirum jayanum filmsintoru feel kittunilla new charithra cinemagalku sheriyalle,Mixed_feelings,4
16788 views but 82k likes,unknown_state,1
Cheriya pulli ala avan Padiche kalana.. Laleatttannnnnnnnnnn....,unknown_state,1
Mass ka Baap Maduraraja,not-malayalam,2
Angane july month ile ende aadyathe leave njan angu edukuva July 5 nu,Positive,0
FDFS for sure samshayam venda,Positive,0
Trailer adipoli anne paranjal pora vere levala,Positive,0
Evg raja ni8 stephen big Ms rulling social media,not-malayalam,2
Any tamilnadu & telungana surya fans here?? 🤪🤗🤗,not-malayalam,2
Ippo time 2:34 am... Kannunavar,unknown_state,1
Tovino ichayante Police vesham kandapolu eniku mathramano thonniyathu Kasaba Film Mammookkaya pole ichayanu varunu,unknown_state,1
Sambavam kidu ayandu..but pratheekshikkan pediya.. sherikkum pedichitta,Positive,0
We have SLR gun Slr -marksman rifle Bullet-7.62 8x supported Pubg daaa,not-malayalam,2
17k view,unknown_state,1
Uff. Oru rakshayumilla. 6 thavana kandu. Pwoli. Ikka mass,Positive,0
massss ikkkaaaa vaishaakannaaa thanks all the best,not-malayalam,2
Nammal innu ee cinema kandu. Narthe njan lallettean fan ayirunnu ippol njan mammooty fan ayi,unknown_state,1
#Mamangam era. Awsome trailer. 1.50 - 1.55 .,not-malayalam,2
Entharanjittadoo okke unilke cheyyanee.......naanamketta paripaadi....kashtapettu cinima edutha ....athulim koreee ennam und ....vivaadhavum kond irangikolum,Negative,3
All the best from prithviraj fans🤩. Next prithviraj mammukka vech padam varatte....katta waiting,not-malayalam,2
Allelum murali gopi moviesinte trailer kidu aayirikum pakshe padam disaster aayirikum,Mixed_feelings,4
Venda kutaaa... Urutaaam..... Tovino ishtam🥰 Katta waiting,Positive,0
Katt waiting far lalattan far lusifer,Positive,0
Jayatten muthan nammade mass aanpolikk jayettasupport cheyyumnn ullavar ivide like,unknown_state,1
Become an arjun asokaN fan. .. padam kalakki,Positive,0
Ettante look oru rakshayilla..... Chumma kasarii....,Positive,0
Keep going mammukka.... katta waiting...,Positive,0
Avalde pooroke adich pottichittundavum Valla kollasangavum 🤣🤣🤣,unknown_state,1
Chaadi vettal kurach over aayo ennoru doubt,Mixed_feelings,4
Aare parayipikkaan aanaavo unlike cheyunne for the unlikes inte vaayeku adi makkale like.....,Negative,3
vivek ovaria ka carar barbad Kar diya salman khan ne i het salman,not-malayalam,2
Love From #Mamookka Fan..Ee padam pwolikkum..#Katta_waiting..Rajuvetta Enta Romam okke enittu ninnu breakdance kalikunnu..,Positive,0
Malayalathile kgf nrachi mari mandristanam ayi athe ullu,unknown_state,1
Pakka mass..... Ikkka heavy Bgm pwolich,Positive,0
Inganeyumundo pottanmaar... Pramukhanmaar... FAN made aanu hey.... Ha ha,Negative,3
Peranbinu shesham raja 2 diffrence character mamookaada ഇതാടാ നടൻ ഇതവണമട നടൻ mamooka,Positive,0
Ee Padam hitakkamo ennnariyilla Pakshe ee Onam oru theatrill full cinemakkala,unknown_state,1
Ippam ivide ullvar laik adichu poku,unknown_state,1
Jayettan porikkum urappa Jayettan super aa tcr Slangil,Positive,0
Onnum parayaanilla Kanda Eee hangover aadhyam onn maaratte,Positive,0
Enikk oru 10 like taroo plz,unknown_state,1
Marichu veezhumbol Ulla aa nanaja Kai..athile Katti Romam..lalettan thanne aano..I mean double role!!,unknown_state,1
Trailer varumboyekkum ethu naayinte makkalaa dislike adikene,unknown_state,1
Adipoli trailer lalettan faninte ella supportum undakum ikka kiduki,Positive,0
Tamil la yo Dubbing pannunka pulimurugan dubbing panna mathiri,not-malayalam,2
1:47 vfx aavashyamillayirunnu.. mammukka mammukkayayi irikunnathane nallathe,Positive,0
P K Ramdas enna vanmaram vinu pagaram aru...athanu chodiyam?,unknown_state,1
Da ikka da mass da ikka ummmaaaa,Positive,0
SHOOTING LOCATION : PAYYANUR SUBRAMANI SWAMI TEMPLE,not-malayalam,2
Ellarm polikkattee.. ikka unnimukundan Prachi tehlan achuthan...fanism marann ellarm e padam kanumenn pratheekshikkunnu,Positive,0
173k views 173 k like... Pwoli,unknown_state,1
ee vishu lucifer angu eduthu ennn paranjekkan paranju,Positive,0
Jimikki kammal cross 99 m views,not-malayalam,2
Makkalee boxoffice pottitherikkan pokunnu.. katta waiting,Positive,0
Madhuraraja trailer kandathinu shesham Ivide vannavar Like adi,unknown_state,1
Newton enna hindi cinema orma varunnu,Mixed_feelings,4
Dislike adicha ella mammuni pooranmarkum naduviral namaskaaaram poy rodich theerkada pooooooranmareee,Negative,3
Tovino machante katta fans adikk like,unknown_state,1
Raja+ Murugan= Maduraraja Sambhavam kidukki Waiting For re entry of mammookka,Positive,0
Haters noke kurachu kanjii edukatte.. Pakkaa mass,Positive,0
Eee trailer trendingil thanne nilkanam. Orupadu alukalilek ee trailer ethicheranam,unknown_state,1
Ithanu njngak ishtamm olla mammooka..padam hit avatte..from an ettan fan,Positive,0
0:46 vere level scene,Positive,0
Die hard Mohanlal Sir Fan,not-malayalam,2
Ini saakshyam vahikkaan pokunnath... Adiyude idiyude vediyude pooram,unknown_state,1
Trailor vannapol unlike adikunna kure pooranmar poi chathoode kunnakale,Negative,3
:26 voice over aaraanu ariyuo? Vivek Oberoi kku dub cheythirikkunna voice??,unknown_state,1
Raju ettan I'll . Raju ettan ilangil or ith indavilla,Mixed_feelings,4
King of Malayalam Cinema !! MEGASTAR MAMMOOKKA,not-malayalam,2
eee mammunnikk 10 million onnum ethikkaanulla traniyilla,Negative,3
Dislike adicha thayolikal etha vaaaa...ithu polorennam kandittu dislike adikkan thonniyallo,Negative,3
WAITING FOR RAJU ETTAN AND LALETTAN CONBO,not-malayalam,2
#ಕನ್ನಡಿಗ mohanlal sir fan from Karnataka,not-malayalam,2
Ingalu puthu muga director aano Rajuvetan,unknown_state,1
#L2 Finale Announcement post kand Trailer കാണാൻ വന്നവരുണ്ടോ?!!,unknown_state,1
Bilal John Kurishinkal John Abraham Palakkal,unknown_state,1
മാക്സിമം ഷെയർ cheyyu.... Trailer erangunnathinu munp maximum likes...,unknown_state,1
Memories + D16 + Great Father + Ganster :P,unknown_state,1
aaraadaa dis like adichathe hae .da da da,Negative,3
Dislike adikkunnavar trailer kaanathe dislike adikkan mathram vannavar..,Negative,3
Dislike adikan vendi mathram trailer kanunna kure vanangalu,Negative,3
Kidu item ikka ith trendigil vannirikum,Positive,0
See mamangam narrating by mammookka its fabulous this i just feel like Olu abdunte penna....nta penna,not-malayalam,2
Marakkar Like Mammangam comment:-),not-malayalam,2
laletan ennum anganeya pwolichadakkum athan laletan,Positive,0
Raja 100cr adikkumenn urappullavar like adikk,Positive,0
Eee onam lalettanum pillerum agu eduthu,Positive,0
Ettanu njngal vijay fansinde vaka vijayashamsakal,Positive,0
Adhu ennavo namma Tamizh rasigalukku MAMMOOTTY SIR mattum pidichu pogudhu,not-malayalam,2
oru rakshayillaaaaaaaaaaa . mass nte extreme,Positive,0
Heavy Waiting,Positive,0
Ee role cheyan Lalettan mathrame pattu!,Positive,0
Goosebumps kidilan trailer #FDFS #GAMECHANGEROFMOLLYWOOD,Positive,0
Kuru pottikkan aarum varanda...ith vere level aan makkale,Negative,3
alla ee ikka ithu enthu bhavichaa 2019 full aghu edukkuvano,Positive,0
Lalettaaaaaaaaaaaaaaaa oru rakshayumilla superb ettaaaaa love you lot,Positive,0
192K views....197k likes,unknown_state,1
feels more like a tamil telugu masalappadam.. pokkiriraja comedy aayirunnu highlight.. ithil athum illennu thonunnu... trailer nirashapeduthi...,Negative,3
Enth parayana ...pwolich adukki Bgm Vera level,Positive,0
Rajuettan illathu oru porayima anu jai vendarunnu paksha sambavom kollam,Mixed_feelings,4
for lucifer 3D,not-malayalam,2
Ikkaye big screenil kaaanaaan katta waiting... Ikka anbe,Positive,0
Mollywood game changer #magnum opus mamaangam,not-malayalam,2
1m views and 150k likes,not-malayalam,2
Myr guhan nnthuva ee kattunnath🤣,Negative,3
Indian cinimayil mamankathe vellan anoruttan Vere janikanam,Positive,0
Oru janathayude nayakan megastar ammmukka in&as hollywood level movie,Positive,0
Ikka fans onnu like cheythit po,unknown_state,1
Ikka haters onn ood kandam vazhy....,Negative,3
Ettan fan adichu polikyeda like button,unknown_state,1
Veree leval mommukkaaaaa marana maaaas,Positive,0
Dislike adicha mamookante fanse odu myrukale,Negative,3
Ithentha big b remakeoo Ennayaalum maassssss item annn mammuka vere level,Positive,0
Malayala cinemayude range maatti rachikkuvaan pokunna mamanga maholsavathinu thiri koluthi waiting for NOV 21 #MAMMOOKKA #MAMANGAM #FDFS,Positive,0
Lalettan kiduki ithu verum mass alla marana mass FDFS ne pwolikane...... Appo engane ettan fans,Positive,0
A fan from Bangladesh mamookka ki Jai...,not-malayalam,2
Hindi me kabhi aayega trailer and movie,not-malayalam,2
Thala Ajith and mammooty sir fans.kanyakumari,not-malayalam,2
Trailer igane aanekil,Positive,0
Yethanu trailer trendigil varaathath vaishaketta nigal kaanunille,Negative,3
Trailer kanan vanna katta Lalettan fans undel like adikku machanmare.....,unknown_state,1
Ithine okke anu trailer ennu parayunnathu,Positive,0
Kidu Lucifer A10,Positive,0
Kola masss item lalettan polichu,Positive,0
Mass uff no reksha ingale powliyaane lalettaaaaaa lb u,Positive,0
Naalu Bengalikal chernnu valichu kadalil ittal theeravunnathe ullu ninte Japan.,unknown_state,1
Hahah dislike kuranju....athu mammoottyy fans annanu parayyooooooo,unknown_state,1
1st show njaan ang edukkuvaaa,Positive,0
Ente laletta powli. Romanjam...... Umma..... Love you laletta. Raju etta ningalu powliyanu,Positive,0
Adukala oru aan kutiye palathum padipikum.....parasyam kand vannavar...,unknown_state,1
Dislike adichu de grade cheyyamennathu mohamalla setanmare..vyamoham,Negative,3
Ikka Ella malayalikaludeyum ahangaramaya vigaramanu . love uuuuuuuuuuuuuuuuuuuuuuuu ikkakkaa,Positive,0
Suraaj ettan last dialogue very funny,Positive,0
Trailer adipoli ayyi but yevedokko pulimurugan feal vannille,Mixed_feelings,4
padam ennum kandu eppazum kannan thonunna padam,Positive,0
I'm wishing long Young Life to mammokka,not-malayalam,2
Schoolile pillare kandille thaadiyum meeshayum okke undllo 🤔,Mixed_feelings,4
Karnataka superstar kichcha sudeep fans one like,not-malayalam,2
Mammookkasss good intro & good dailogue,not-malayalam,2
Sarkar teaser likes VS odiyan trailer views,not-malayalam,2
Once a king,Positive,0
Kalath chaya kudikkunnathinu munpu trailer nokiyavar arokke?,unknown_state,1
1:10 Kalippu on unda,not-malayalam,2
I am waiting for kappan Moganla and Surya,not-malayalam,2
Trailer iragunnathinu mumba dislike adikkunnavarkk Naduviral namskkaram,Negative,3
Trailer ishtapettu like ittitundu . . . . .june 14 kanam . .,Positive,0
Njan lalettan fan aaanu Enthayalum mammukkaa polikkatte വിജയാശംസകൾ,Positive,0
Ikaa!! Velya promotiononum nilkathey abhinayikunna padankal hitakunna maanthrikan !!,Positive,0
Gangster vannu thakarthu ini monsterinte oozham #L,Positive,0
Mammooka back ennu payunna comments nodu : eka evideyum poyitilla thirichuvaran.,Mixed_feelings,4
Villan aayi Suresh Gopi venam aayirunnu,Mixed_feelings,4
Trailer kandu lalettaa Cinema super hit avum all the best to you lalettaa,Positive,0
This is gonna be an epic Mammookka,not-malayalam,2
Enganeyund padam...? Genuine rply pls paisaku kurachu kshamamulla timaanu.. kaashu povo?,unknown_state,1
watch this if u r malayali,not-malayalam,2
Youtube is hang. .. madhura. Raja,not-malayalam,2
Ittymaani trailer kalakki polichu thimirthu ee onam nammal ingedukkuvaa,Positive,0
Vazhthukal Malayalam cinema,not-malayalam,2
1989 - Oru Vadakan Veerakadha. 2009 - Kerala Varma Pazhassiraja 2019 - Mamangam History repeats... Just one name is enough....MAMMOOTTY.,not-malayalam,2
ithil dislike adichavarkkellam ente naduviral namaskkaram,Negative,3
Rip bahubali,not-malayalam,2
Ufff kidukkachi nalla rich feel,Positive,0
mammookka uff ijjathy trailer..romanjam mathram !,Positive,0
Oru rakshayum illa trailer pwolichi padam maximum theatril thanne poi kanaan nokkum Mohanlal fan,Positive,0
Ithu kandappol aarkelum lalettante jilla tamil filim look manasil vanno?,unknown_state,1
Villain polichu Malayalam movieyil njan ivane polore villane kandittillla,Positive,0
Muriv etta simhathinde shwasam garjanethakal bhayangaram ayirunu. Ijjathi comeback. Kanji chodichavark biriyani koduthu prithvi and ettan. /\,Positive,0
malayalam film industry ile etavum stylishaayitulla trailer.. LUSIFER,Positive,0
Jayasurya entry ulla bgm Arjun Reddy pole arkenkilum thonniyoo,Mixed_feelings,4
mammookka swantham cinimakalkk pratheeksha nalkarilla but abrahamin nalki,Positive,0
Rajayude triple advace,unknown_state,1
Unda alla Unda Pori...unda boxofficil pattakam pole pottanja mathi,Negative,3
madhuraraja and lucifer randum 100cr club urrapayi,Positive,0
Malyala cinemaye verey level aakum mamankam,Positive,0
Theatarukalil chiripooram theerkaan laalettante ittimaani varunu oru pakka entertainment movie aanenu urapullavar like,unknown_state,1
Aaadai film orma vannavar ivide camon,unknown_state,1
Aatttttt 1.04 mohanlal sir Wating from NTR fan,not-malayalam,2
Ravananaya avane nerkkunere nilkkan Oru Maha Avatharam thanne vendi varum #mamangam #mammookka,unknown_state,1
Oru mazhathil okke thalledo commentolikale Padam irangatte vijayikkatte,Mixed_feelings,4
Ikkayude Sound Mathram mathy FDFS urappikan,Positive,0
film putumayulla theme anu. climax adupich kurach clishe aanenkilum padam kollam.,Mixed_feelings,4
Rajuettan fans undengill like adi makkalee,unknown_state,1
Karyangalkoru theerumanam aya sthithik cash kalayunnilla.. Odiyan,unknown_state,1
Raju ettan lalettan MURALI GOPY,unknown_state,1
SOUBIN FANS LIKE HERE SOORAJ FANS COMMENT HERE,not-malayalam,2
#powlichu Laletta#,Positive,0
It's a blockbuster .... prithvi keeeee jai. ....,Positive,0
Ethine dislike adicha nainte makkal eatgaaa,Negative,3
Adipoli bgm and fight scenes super,Positive,0
Padam kandu... Mammokka guest aanenkilum puthya piller pwolich ... Pina action fighting stunts okke vera level eenu,Positive,0
lalettan sound ......................:) :) koothara style tone..,Negative,3
Mammunniyepole oliporallithu Eathu yudham vannalum munpilundavum laettan ....dialogue delivery pirannu...ee parayunna neeyokke pedukkum padam irangiyal,Negative,3
അടിപൊളി.... ikka fan aaya enik polum romanjam,Positive,0
Paranju thudayil 30 alla avande achachan muthal parayendi varum🥰,unknown_state,1
naale release aakane patto veyya wait cheyyan,Positive,0
Lalettan fan anu. But enk idh fans show kananam. But nadakulla. Ufff mammooka nth looka ah,Positive,0
dileep first day kaanan pokum family aayitt.. dileepinte cinema aanenn paranjalle..ammayum wifeum cinema kanan varukayullu.. ingane aan pandu muthale..,Positive,0
That rajini dialogue #Seiradha dhan solluvan Soldradhan dhan seivanMamukka,not-malayalam,2
last Super man punch super..... Ikka,not-malayalam,2
Rajuaattan na miss cheyyunnu. angilum raja return pwolichu. Mommookka thakarkkum.,Mixed_feelings,4
Enthaayalum haters nu rosham theerkkan oru dislike button indayath nannayi..keedangal,Negative,3
open for online job for,not-malayalam,2
Pazassiraja ennu parannu chilakunnavar orkuka athu flop nnu,Negative,3
Odiyan pottum .. Nayika maju anu.. Laletta vere aram kittiyille,Negative,3
Trailer kandittt ith oru puthiya anubavam aayirikkum a new kazhcha in Malayalam movie,Positive,0
Ennalum ee tamilanmark ntha ithil karyam,unknown_state,1
Lal fans kurachu kashttapedu unlike adichuuu,Negative,3
Pakshe padam villain movie pole aanuna kelkune emotional thrilling movie aano,Positive,0
idhu kandondu irkumbo romanjam koodi koodi verunnu,Positive,0
entee moone goosebumbs overload raju ettan direction polikum,Positive,0
Heavy trailer. Rajuettaaa pwlichu.. by a ikka fan,Positive,0
Njan satyathil lalettan fana But e Trailer Oru rekshayilla Vera level pwoli,Positive,0
Uff.... ingnethe oru trailer malayalam industryil thanne vannukanilla. Oru rakshayum illa adaar item thanne aann മമ്മൂക്ക,Positive,0
Great trailer I am Srilankan tamil Eniki malayalam manasilaytu Kumbalangi nights fame Anne bae Hit like anyone SriLankans,not-malayalam,2
Pwli trailer,Positive,0
Ilka polichuu pishu padam polikuma,Positive,0
kollakolli item enne paraju kettate ullu eppol kando first day locked,Positive,0
Orupadu ishtayi..... Nalla oru cinema pratheekshikunnu.... Ellrm kidu ane...,Positive,0
FOR A NEW GENERATION DICTIONARY VERSATILITY HAS A NEW DEFINITION.,not-malayalam,2
Ikka ullath kond mathram Trailer Kaanan vannathaa,unknown_state,1
Kunjali marakkar dialogue presentation is so accurate.,not-malayalam,2
Mammoka varunathu mathram kollam bakki short film polundu,Mixed_feelings,4
Daily vann oru pathu thavana engilum repeat adich kaanunnath njn maathramaanoo..,Positive,0
Polichu ..thakarthu. More 20 time watch..kattaa waiting,Positive,0
Peter heina kond vannu mohanlal cheythathu pole cheyyan nilkkanda mammokka. fight ath muruganu paranjittullatha.,unknown_state,1
Thugs off hindusthaninte visualsum kunjalimarakarinte audio um ....kollaaam....,Mixed_feelings,4
entta ponno vara level katta waiting,Positive,0
Ippoyum vnit aarakilum trailer nokr undoo mammuka ishtam love you,unknown_state,1
Katta waitingggggg Laletta n' Raju,Positive,0
ee school gang war okke prolsahippikano ?,unknown_state,1
Theriyule raja sollthu mattum thaa seivathu mattum thaa solluva,not-malayalam,2
Malayala cinema odiyanu munnil adiyaravu cheyyunna divasathin vendiyulla kaathiripp,Positive,0
namada channel suscribe cheyyooo ikkate valya aradhakan aneee,unknown_state,1
16 nilayil pottum.. serial pole undu trailer.. valla kizhangum parilkkaan poda kovala ...,Negative,3
X mass winner thrissur pooram anennurapullavar like adikku....,unknown_state,1
Ethh avvo enn avvo padam eraguma kanna,unknown_state,1
Rajayum pillerum stronga fourble strong waiting madhuraraja,Positive,0
Mammokkaye snehikunnavar Ivide like addi,unknown_state,1
24 hours kond 4 million cross cheyyum enn urappullavar like adikk,unknown_state,1
LALETTAN UYIR BAKKI ELLAM VERUM MAYIR LALETTAN,Negative,3
Ee movie pottiyal njan pine Malayalam movie kanoolaa...,unknown_state,1
Etttaaaaaaaaaaa🤗🤗🤗🤗🤗🤗... U R the real ahangaram 4 ouR mollywooood,Positive,0
simham Thane romanjm nte ambho ndh manushyana ith,Positive,0
I love you Etta Etta fans like addi umma umma,Positive,0
raja v/s lusifer -ഇക്ക v/s ഏട്ടൻ ith pwolikkum,unknown_state,1
Ethra kandalum oru madukunilla ee trailer,Positive,0
Anna Pwoli Ufff Maranom Mass Maranom,Positive,0
lucifer trailer kanditt ivida vannavar aarokke,unknown_state,1
Tamilnadu Megastar fans like ah podungah,not-malayalam,2
Tamil jayamravi fans support.. mammmootty ilike,not-malayalam,2
Ellarum orugi irunno....... Raja returns.... Teaser vannappol youtube cheria parukkukalode rekshapettu . ... Ennal innu chavum..... Waitingg......,Positive,0
Lucifer num katta support Eni Madura raja kkum katta support Thalapathy lovers Kerala,Positive,0
Maduraja teser irangitt 11 hours aayi.1.2m viewers Lusifer teser irangitt 8 hours 1.9m viewers aayi,unknown_state,1
Trailer waiting katta waiting like adi......... Mammookka fans hit like,unknown_state,1
Malayalam cinemmyude talavara mattan povunnaaa item,Positive,0
Trailer katta waiting Ikka fans like here,not-malayalam,2
56K like and 5.1K dislike but view 16K.Youtube sucks,not-malayalam,2
Happy b day dear mamookkaa,not-malayalam,2
1.49 bgm started... Bgm nu vendi wait chythu irikkunavar like adikk,unknown_state,1
Kandappol aaa kalagattathil ethiya pole oru feel,Positive,0
Etta padam kandu oru rakshayillatta another 100cr loading,Positive,0
Pulimurugan endhooo evideyo feel cheyunna poley,Mixed_feelings,4
oru rkshem illa makkale manikyam aayitulla angathin orungikko,Positive,0
Ejjati item ##Derick ikka katta waitingz ##Bgm 100%##,Positive,0
Aah last superman punch undallo... gives a goosebumpz.. ith powlikku.,Positive,0
Ingere guhanennokke vilikkunnavarodu onne parayaanullo ingerude ee agil ningal onnukil bedil kaalaneyum kaathu allenkil photo aayi chuvaril,Negative,3
16k dislike adicha ma.. Mahaanmaarude shirasu pilarnnu andharikane.. Bagavaane,Negative,3
Mammookka enna oru etha,Positive,0
Njan lalettanu katta fan aan..Pakshe idhile mamukkane Kanan vendi ee trailer etre pravisyam kandunu enik ariyila..Kidu...,Positive,0
Pisharody vidunna lakshanam unnumillaallo... anyway good luck,Mixed_feelings,4
Pearu nooki aaneallom ippol commentum idunna ...Ella idathu matham aakiyo?,unknown_state,1
Prthwiraj and ikka fans like here,unknown_state,1
Maranamass trailer Ettan powlichu Supper kidukki Love you laletta,Positive,0
Mere naam ka kachra karo sab mil k,not-malayalam,2
Edhe adha padam edhe oru hendhi movie alla,unknown_state,1
Sunny Chechi en Kanan matharam trailer kandavar like aadikeee.,unknown_state,1
Enna parayan eneet ninnu thoyth povum,Positive,0
mamooka mas alla marana mas aan,Positive,0
Ippo ivide vannu repeat adichu kanunnavarkku like cheyanulla sthalam,unknown_state,1
views 462k hang aayo ennoru doubt,unknown_state,1
Kanditt...climax pulimurugan effect pole anenn thonunn...kuttam parnaje alla friends...daddy girija und..pinne aa shots ellam pulimurugan trailerilum und..,Mixed_feelings,4
8 mani onnu vagam ayal matiyarunnu. 🤩 #megastar,Positive,0
100 k likes in 2 hr,not-malayalam,2
Laletten fan anu pakshae trailer oru rakshayilla ikka look poli,Positive,0
Direction kidu aanennu thonnanu Mammootyude prithvidem star value kaaranam sradhikkappedukayum cheyyum,Positive,0
Happy b day ikkaaaaurangathe ethinayi waiting arnu,Positive,0
THE ONE AND ONLY EVER KING IN HISTORY #MEGASTAR #MAMMOOTTY,not-malayalam,2
All the best mammukka from Karnataka fans,not-malayalam,2
Promising trailer Chummma aangu powlich adukki kaiyil koduthu Ikkkkaaaaa ente ponno ejjathi romanjam🤩,Positive,0
Prthvinte oru level vech nokkyaa mikkavarum aaa daivathine thattiyath laletan thanne aaakum,unknown_state,1
Ikka ethu lookil vannalum polichadukkum,Positive,0
Njn oru katta lalettan fan anu pakshe ithoru oru onanora item thaneyaa 🥰🥰katta waiting,Positive,0
2019 enik venam .ningal athenikku tharanam,unknown_state,1
Ittymani kazhinjal pinne adutha padam Marakkar !! Like adiche,unknown_state,1
8 mani aaavaaan vendiiiii katta waiting,Positive,0
Trailer kanunnathinumunpe aadyam dislike adichu. Trailer kand kazhinj like adichu. Kidu.. fdfs,Positive,0
Mohanlal mamooty fan ullavar adik like,unknown_state,1
Cheguthan vannu ! Ini 🤩🤘 Rajayude oozham ! #Lalettan #Mammooka B I G • M's,Positive,0
Eth kandapoll SLR gun manasilayavar PUBG kalyikkunavar ayirikkum,unknown_state,1
Ith verum trailer ini padam muzhuvan undaa vilayaattam,unknown_state,1
Uyir aanu ikka.Lokathile yettavum sundharanaaya muthachan,Positive,0
Paket lengkap.. di tunggu sub back nya ya bro.. salam permanen,not-malayalam,2
ithu polikkum rajuvetta tnx alot,Positive,0
Padam vere level akum enn urappullavar ivde common,Positive,0
pakka realistic filim aanenn thonunnavar like adikkooooo,unknown_state,1
Ikka vera level... ithu 500 cr kerum100%sure,Positive,0
nte ponnoooo .... <3 oru rakshayum illaa ..... <3,Positive,0
Lalettan Rajuettan Telugu Fans Like Adi,unknown_state,1
Katta mamooka fans hit like,unknown_state,1
Aarelum sradhicho lalettante cheruppam kaanikkunna sceneil 1.39 aaa kutty tholum cherichulla aaa nilppu.. rajuvettan's perfection...,unknown_state,1
Aa sound keetitt romancham vannavar ethra perundd ivide..,Positive,0
1st day Pokum enn orapullevar mathram LIKE,unknown_state,1
14 minute 65 k like Ith polikkum,Positive,0
Uff VERE LEVEL MASS Trailer Otta Peru mammookka Mamangam,Positive,0
Ravananaya avane nerku neridan orru mahavadharam vendi varum,unknown_state,1
any Suriya fans Kerala ...... best wish Suriya fan Tamil Nanu,not-malayalam,2
mammukka fanzz ividea vannu like Adikkdaa,Positive,0
L' nu shesham pradhiksha koodathe erikkumo 'L' alettaaa...,Positive,0
Mammukka ye kandathinu shesham veendum onnu aadyam thottu kandu nokki.. Athil aara mammokka enu ariyan?! 🤣,unknown_state,1
Trailer kandit poliyan ann chnce... Bt nalla visuals pradheekshikunnu,Mixed_feelings,4
Pulimurugande cheriyoru copy aarkengilum feel aayo?,Mixed_feelings,4
Mammootty nalla cinemakal vittu pinnem mass floppukalilekku pokanallo! Mayiru....,Negative,3
Ithokke kandit engane dislike adikan thonnunadeeyy,Negative,3
ijjathi moonjiya makeup ikka... shokam aaki kalanju,Negative,3
Superb trailer from d boss fans karnataka,not-malayalam,2
film kandathin sheshavum trailer veendum veendum kanunnu ..hangover,Positive,0
Ikkka romajam ikkka uyir poli ennni 21 kannnam,Positive,0
Solid commercial entertainer :) gr8 cuts :),not-malayalam,2
orupad padikal. fight tvm model school.enaganum ano,unknown_state,1
Ella recordum theerkaan kazhiyatte ennaasamsikunnu...Enkil maathre e record marakaar release aavumbo thiruthaan saadhikku,Positive,0
Ikka fans ivide onnu ujala mukkiyek,unknown_state,1
Glass kondum mass kanichilea pwoli odiyan,Positive,0
feel good kand maduthavarkkaayitha ichayante mass masala padam,Positive,0
Le abhram khureshi: Ith enne aanu enne thannannu enne mathramanu,unknown_state,1
Muslim ingale mittey oru vere vigaram vecha poley undalo,unknown_state,1
I'm from Hyderabad,not-malayalam,2
I am a mammootty fan...but ithu kand ende romam eznettu ninnu...superr lalatta and rajuettan,Positive,0
Sunny chechi poli vaakki onnum enikk parayan illa teaseril kaanichilla traileril kaanichond sandoshaayi... #sunnyleone,Positive,0
Ikkaaaaa waiting for 12th April,not-malayalam,2
Mammooty fans,Negative,3
Best actor pole mattoru kidu movie akate ee best singer..,Positive,0
Lalettan nthaaa lukkkk Lalettan fans like me,unknown_state,1
Lalettan ishtam ഇത് 6 million cross cheyyum ennu urappullavarkk like adikkam,unknown_state,1
FDFS locked ... Ikka uyir ...,Positive,0
Olakel varapicha oru avataram annu namuda chank mamangam,unknown_state,1
I like mohanlal sirrr love from tamilnaduu,not-malayalam,2
Naan thala kidayaathu thala arukkuravan ejjathi dialogue,unknown_state,1
Raja pillerum irangan pogua ini idiyude adiyude pooramanu .,unknown_state,1
Vishayam trailer onnum parayaan illa.... Lub u ettaaa,Positive,0
Lucifer vere level anu makkale vegam poi kanubroos...,Positive,0
Kiduveeee....kidilosky. .onnum parayanilla...adipwoli Hollywood touch...bgm ente ponnoooo...ikka fans vann pwolikkada,Positive,0
Oooooooothaaaaaaaaaa devudiya mayangala youtupe ponanle indha devudiya paiya trailer thaaa varuthu kandaraoli mavanugala,not-malayalam,2
Veendum slow motion kanichu alukale vadiyakkan ethittundu,Negative,3
Hahaha...🤣🤣🤣Siricchu satthu....Sugar koodi Poyi mone... Pakka Flop....,Negative,3
Usmaane odikkodaaaa dhende theeyum pokayum parrappichondu oru kooottam baranu,unknown_state,1
Adipoli mass padam aarikkum. Ikkede alle padam,Positive,0
Oru ikka fan aaya enne vare eattan fan aakkiya movie,Positive,0
njanaru..malapuram karana..ivde arum ingane sasarikarilla..mapila aya ingane sasarikavoo ennu priya darshanodu ara paranjadu...🤣,unknown_state,1
super filim thanks rajuvetta lalettan thakarthu,Positive,0
Cinema kandit vanavar like! Climax,unknown_state,1
Teaser double strong ayappo trailer sarikkum triblestring ayi....,Positive,0
Character poster kandu rajuvettan undo nokkan vannavar ethra perund🧐,unknown_state,1
Ee nadante aaradhagan aan enn thala uyrthi thnne prym Ella kalathum........... proud to be a mammukaa fan,Positive,0
After Pulimurugan Biggest Blockbuster ku Waitiing For Tn Fans,not-malayalam,2
Unnni mukundante padamenn paranj arenkilum vanno makkale,unknown_state,1
trailer thudangunnathinu mumbu nnallathavanam annu aagrahichavar like adikku!!,unknown_state,1
Lucifer mass dialogues Ellam onnu comment cheyammo,unknown_state,1
Ithupole ishtappettittilla mattorale en Happy birthday pinnokka,Positive,0
192k views and 196k likes masmarikam,Positive,0
Super film adipoli njhan theatre povaan vaashi pidicha supermfilm ishtappettavarkk like,Positive,0
7 minutes 147k views 37k like......,not-malayalam,2
Pappanum shameerum eee varavil ichiri serious anu,Mixed_feelings,4
that dialogue at 1:03 ..... goosebumbsss.... laleettaaaaaa,Positive,0
madhura Raja 150 Cr urappicho.. Urappullorkk Like adiykkaaam,unknown_state,1
nirthathan samayamaii mammmokkka prayam kurey ayyi,Negative,3
Sathyam paranja alamb trailer ayind......,Negative,3
Uffff Ussar look mammookka,Positive,0
Singa thalaivaa recordukal ini rajaku swontham...,Positive,0
Soubin നെ ishtappedunnavar like അടിച്ചു pottikk...,unknown_state,1
Enne polle 12 vattathille kuduthalle kandavarre arune,Positive,0
Eeeswara njn mAthraano edakedak vann nokane,unknown_state,1
Adipoli പടം #ഒടിയൻ Istam,Positive,0
avasanathe aa idi yente ikka polichu Love you ikka,Positive,0
Madhu Raj kathiyyum abhram anu powli,Mixed_feelings,4
Maduraraja trailer erangiyapo veendum kaanan vannavar undel evide likiko,unknown_state,1
ente ponno trailer kanditt padam oru 5 manikoor ulla poole,Negative,3
Movie hit akum enn urappulavar hit like,unknown_state,1
Madura raja vere level padam annu,Positive,0
Ekka polichu monaa megastar kiii jaiiii,Positive,0
Ethu pollickum 2 days kondu 1 millon pulimuragan 3 days edathu 1 million adikkan Ekka da,Positive,0
Ini idikkano sire vnda urutta,unknown_state,1
Moving to 700K views & 50K Likes,unknown_state,1
L A L E T T A N RAJUVETTA making oru raksha illya... Can't Wait......!!,Positive,0
Ekkkaaaaa .... Kaathirunath veruthe aayillaaa ... Heavy item .. Ekka fans hit the button ..,Positive,0
mammokka kidukkum .. katta waiting,Positive,0
New 100cr malayalam move. Ikka massss,Positive,0
It is a Malayalam movie?..! Upper bahubali ..no more words mammokka,not-malayalam,2
Ikka vere level Mass bgm pwli Ikka mwth,Positive,0
E teammil ulla arke phone number kittuvo,unknown_state,1
THE FACE OF INDIAN CINEMA Megastar Mammooka,not-malayalam,2
Nte ikkaa ethu kandittum kandittum mathiyavunnilllaaaaaa Polichu ikkkaaaaaaaaaaaa,Positive,0
Love mohanlal from andhra mb fans,not-malayalam,2
Ambujakshante kadha..... Pora.... Lucifer trailer kandapol kittuna oru punch illa... ennirunalum ikkayude padavum nalla reethiyil vijayikate.. Ennu,Mixed_feelings,4
Ikka ingale nammude chunkane........Love You Ikkkaaa,Positive,0
prachitehlan uffff.......................songil kandu kaliyakkiyavarkokke yulla marupadiyayirikkunnu ee trailer,unknown_state,1
Avasanam Romante oru Superman punch,Positive,0
Evide mamookka yude fans undo undankil like adi,unknown_state,1
Lalettan polichu kidilam I am waiting all lalettan fans,Positive,0
HI FRIENDS. PLEASE SUBSCRIBE AND SUPPORT MY NEW CHANNEL PROMOTING ONLY LALETTAN VIDEOS .,not-malayalam,2
Rajuvettan mass ...lalettan kola mass Ndhaa parayaa lleaa njan onnoode kandechum varaam....,Positive,0
Veré level,Positive,0
RAJA SOLLARUTHAN SAEVA . SAIYARATHU MATTUM THAN SOLLVAAA🥰🥰🥰🥰🥰🥰🥰🥰🥰🥰🥰🥰🥰🥰🥰,not-malayalam,2
Ettan fan aaanu but nallathu kandal nallathanu ennu thanne parayum.....ikka mass aaayittund ....ithu pwolikkum,Positive,0
njan oru ikka fanannengilum lalettan onnam polikatte,Positive,0
Madhuraraj teaser kidu Lucifer kandittu venam feedback tharannnnn vegam kothupikkathe iduvvo,Positive,0
lalettan faana big fan ennalum ikkanem ishtaa we r waitting,Positive,0
Eth nammuk ikka fansinu oru pwoli pwolikkanam....,Positive,0
#1 ON TRENDING 2M + Views 177k likes One name Megastar Mammootty,not-malayalam,2
Guest role anenkillum mammooka poliyannu,Positive,0
Like adichoo makkkallle trailer ore *pwoli*,unknown_state,1
Happy birthday mammokka Trailer kidu padam thakarkkum,Positive,0
Angane malayalikal vishuvinu padakkam pottikkan pokuva,unknown_state,1
Facebook trailer kandu youtube trailer kandavar like here,unknown_state,1
Urutaam enna dialogue parayenda tone sheriyalla. Athava Namak avane urutaam oru funny dialogue.,Mixed_feelings,4
5 pravishyathil kooduthal thavana video kandavar like adi,unknown_state,1
Bilal John kurishingal nte Eratta sahodhran,unknown_state,1
Lalettan itra look il ee aduthengum kanditilla,Positive,0
0:49 il varunna acress ine ethoo cinema yil kanda orma.. ethayirunnu?🤔,unknown_state,1
Nammade trailer iniyum reach aakaan undu. Maximum time kanuka. Maximum iniyum Share cheyyuka,unknown_state,1
Crossed neeralee viewers within 1 day,unknown_state,1
Cmnt idan vannathaaa 385 aayi appazhekkum,unknown_state,1
1:00 kuttiye freezer pootiyittirikunnu ennu thonunu,unknown_state,1
Mammmukkkkaa pwoly ! Bike stunt isto undegil vaa makkkle nammle chanlot !,Positive,0
Ettan mass anneee.....Nala orginal paka mass,Positive,0
Ayyyooo ika ithil gust roll aanooo,unknown_state,1
ADDICTED .SMASHING REPLY BUTTON NOW :),not-malayalam,2
Vineeth ettan produce cheyyunna film vere enth nokana,Positive,0
Evide Lucifer nte trailer rocord nte aduthu polum kandilla,unknown_state,1
Oru Pulimurugan chaya kachal idaku ille ennu doubt illathe illa🤔,Mixed_feelings,4
Sudappikal kuttathode vannu thalli thalli thurimezhugunundallloooo,Negative,3
I am Srilanka. Love lalu ....,not-malayalam,2
Marana maaas ....I am waiting for odiyan,Positive,0
Rajuvettan pwolichu .. ini abhinayikkan time illathavuo,Mixed_feelings,4
Maranamass lalettan kasari ini March 28 vare waitchayyanamallo,Positive,0
Onte oru ikkayum kunjikayum muttamurianss of the country,Negative,3
Padam flop aakumenn thoonunnavarkk like adikkanulla sthalam..,unknown_state,1
I like u sir u my Ysr,not-malayalam,2
Super movie.. undayum illa oru andiyum illa,unknown_state,1
Ejjathi .. Item.... Lalettanum fansum pwolikmmmmm,Positive,0
Degrade cheyyunna narikale ningalku asuya Undo ulladukondavum dislike Pedichoo kurippeleee,Negative,3
TamilNadu Megastar Fans Like Pannu,not-malayalam,2
Tgf,unknown_state,1
Raja odiyante first day record thagarkum ennullavar like,unknown_state,1
Hindukalaka ivan mahi ravanan islamil ivana ibilis yena parayum christanikalka idayil ivana oru pera oluu LUCIFER,unknown_state,1
Super movie ella arum kananam Suraj robo combinations kalakki Vathyasthamaya oru anubhavam,Positive,0
103k likes within 36 minutes Ufff pwoli lalettaaa... Waiting #Mamookka_fan,Positive,0
VAADA scene 1:51 veendum kaanaan vendi maathram vannavar oru like adiche,unknown_state,1
Padam kantavera onu like addiiiee aaa,unknown_state,1
Puli murukan . Ithokke enth,Mixed_feelings,4
Hindukalk Ivan mahiravanan Islaminu Ivan ibilis ennu parayum Christianikalkidayil ivanu oru pere ullu LUCIFER... Goosebumps....,unknown_state,1
kk anu stunt #ptr ishtam ikka stry,unknown_state,1
Maranamass waiting April 12 Madhura raja day,not-malayalam,2
#Lucifer Cinema Kandittu Vannavar Arokkeyundu...Nice Movie Claimax Vere Level,Positive,0
Lucifer rajaudea appan ayyi varum ennu thoonunavar like adeee,unknown_state,1
Dislike adikkan vanna aattan paansinu naduviral നമസ്കാരം,Negative,3
Buildup mathrum avaruthu ... Padam super aya mathiyayirunnu..bros,Mixed_feelings,4
Oru reksheyum illa kandittu oru tamil padam feelings,Positive,0
Njaan mammoka faan aayi... laletta aaa pazhashirajayum chathiyan chanduvum oke onnu poyi kaanu...,Negative,3
Dislike count kootan budhimuttuna chila aalukal,Negative,3
Trailer kandavar thanne veendum kure kande treding il nilanirthan sremikunnu..ennal views keyarunnum ella..etheppo madhuraraja kke kittiya views polum ella,unknown_state,1
Last oru palli kaanikkunnille athu eetha place,unknown_state,1
Waiting 8,not-malayalam,2
Rahumanaaa ne polikkadaaa... My dear class mate🥰,Positive,0
Any Malayalam people like hit,not-malayalam,2
Superb movie,not-malayalam,2
Kalakki ithu box ofice aaghosham aayirikkum,Positive,0
0:15 sec..... Ho... Romanchification... Ikka pattu padi thimirkkum...,Positive,0
Just 30 minutes 150 k viewers raja ezayalattupollumilla,unknown_state,1
ee video onnu kandu support chaiuka,Positive,0
Ente ponno ah sound🥰🥰 poli poli🤘,Positive,0
Ambo ethele mamootede lookene vadakan veeraghadha poleyille,unknown_state,1
Thirunathe vullym ninda jappan sema payangarama yosikiringa,not-malayalam,2
Chilapo Tovino nu Superstar Pathavi Nedi kodukaan pokunna chithram,Positive,0
Padam motham twistukal aayirikkumennathil samshayamilla,Positive,0
Lalettaaa pwolich..... Ntammow Katta waiting..... Lalettaaaaaaaaa,Positive,0
Padam kidu mooneee kaanan marakkalle ethupole padam kandillegill you is bad man,Positive,0
Directed by Prithviraj Sukumaran idhu pwolikkum,Positive,0
release date maatiyowaiting ikka ishtam,unknown_state,1
Lucifer um madhura rajayum block buster film avatte........,Positive,0
What a trailer. Amazing ഇത് കലക്കും.,Positive,0
inni kure peru varum njn lalettan fan annu.....athanu ethanu sho🤣🤣🤣🤣,unknown_state,1
Mahaa avathaaram piravi edukkan ini 19 naal,unknown_state,1
Ee teaserinu Amal Paul linte filmum aayi saamiyam thonnunavar like adikku,unknown_state,1
Njan ഇക്ക fan aanu,Positive,0
Oru thavanayil kooduthal like adikkan pattuo,Positive,0
Ithu award padam aano full slow aanallo,Negative,3
Bgm oru rakshaym ilaa. Eppolm mammokaye kateelalo,Mixed_feelings,4
Ethena makkalee item ane paranal raja,unknown_state,1
Ente ammoo.... Aaa super man punch undallo ...Ijjathi item.....,Positive,0
My lalatta aaaaaaàa IAM waiting,not-malayalam,2
Lucifer trailer 2020 kanunnavar undo like here,unknown_state,1
Sheenam trailer.ee keleavan ed nirthaana aayille,Negative,3
Pwolikum muthee Unda EID MUBARAK تقبل الله منا ومنكم صالح الاعمال عيد مبــــــــــــــــــــارك IKKA FANS LIKE ADICH POTTIKK,Positive,0
DISLIKE ADICHAVARK IRIKKATTEE ORU KUTHIRA PAVAN......*ejjathi ooolatharam,Negative,3
Kazhinha 8 kollam mai ee peru kelkunnu.. but 5 kollamai kathirippum....athu vere levelil,Positive,0
Thrissur baasha athra pora ennu trailer Kanda ppl enikku thonni ningalko?,Negative,3
Mass kolla mass etra vattam kandu enne areyella .,Positive,0
Kollaam pakshe lucifernte athrak ethilla urappaanu,Mixed_feelings,4
Mammukka yude unda kaaanan wait cheyunnavar like adikku,unknown_state,1
Moonu divasam no 1 trending on youtube,Positive,0
Unni mukundante courier maatan povunna movie aarikum mamankam,Positive,0
Is movie se illuminati cast ko badaba dena h,not-malayalam,2
Padam kanditte ite kanan vannavar like poduu.,unknown_state,1
Anu sithara & kaniha menon നായികമാർ........ Lovable...... and mammookka is always KING,Positive,0
Ithu trailer pole illa oru teaser.. Enthayalum sambhavam kidukki... Waiting...,Positive,0
Surajettante character kurachu prayam Ulla aal ayathu kondu dubbing il on nude sredhikamayirunnu.. Other ways kiduu....,Mixed_feelings,4
Mohanlal n ee veruppikal nirtikuude... Enth kaaanichalum stuthi paadan kure koonathile pans.....,Negative,3
entammachiii... njaan Mammoottykkaane kaanaan vendi maathramaanu ee trailer kandathu...,unknown_state,1
Ithinte munpil raja veezum. Release date maattikko raja,Negative,3
likes innale 175+k undayirunnilla in engane kuranjhu,unknown_state,1
Tovino yil oru villain mannakunathu enk mathramano?,unknown_state,1
Ellarum sradhicho ennariyilla pakshe enikk ee trailer adichappol 10 same trailers vannu ithokke aarude paniyaa,unknown_state,1
Mamooka grls fans evde hit like,unknown_state,1
Mammoka polichu. .. Onnum parayaanilla.. The king of Indian cinema Mammoka,Positive,0
Romagam mammooka nigale ennum young anna..,Positive,0
Sunny chechiyee kannan vannavar like adi...,unknown_state,1
Lucifer trailor 8.5 m pakuthi enkilum aavuo,unknown_state,1
Tovino mass alle eeee filmum adpoli aaakum Oru rakshayum illa tovino mass aaam,Positive,0
ಕನ್ನಡದಲ್ಲಿ ದಯವಿಟ್ಟು Dub ಮಾಡಿ.. ಮೋಹನ್ ಲಾಲ್ ಅಭಿಮಾನಿ from Karnataka... Mohan lal fan.. Best wishes to Lucifer team..,not-malayalam,2
Mass pora..lag anu alo... trailer um padavum...be careful,Negative,3
Thakarthu Jayettaa.. katta waiting for Pullu Giri n Team,Positive,0
Mamangam Release date mattiyo ?? Wikipedia il December 12 ??,unknown_state,1
Guest role aanu ..athinu eni valiya thallu venda....,Negative,3
Onnum parayan illa polich adakki mammookka,Positive,0
youva thara nirayil eni yeattavum muzhangi keelkkunnath tovinoyude Peru aayirikkum...,Positive,0
Film kandu.....Nalla movie aan dharyam ayi book cheythoolu🤗,Positive,0
Gopisunder pulimurukan eduthappozulla music padangal onnum marnnittia...engu rajayil eathinilkumbazum..elllam oruikalkudui avatharippikunnondu,Negative,3
Trailer pwoli ............... .25,Positive,0
Trailer...kozhapila.....cinemayum nallatai vernam....pritvirajine viswasam Anu....but murali gopy story ayond Oru pedi,Mixed_feelings,4
Video kanunnathu munne comments aanunokye ath kndple video sPrb aavummnnuthonni powli kAtta waiting fOr LUCIFER,Positive,0
This movie deserve double Oscar,not-malayalam,2
Surajettane kndappol ravanaprabhuvile varyar ammavane ormma vannavarundo,unknown_state,1
Katta waiting lalettaaaaa2' nd on trending kuwait,Positive,0
Who else after mamankam trailer 🥰,not-malayalam,2
Oru rekshayum illa......katta waiting......mathukutty mike kondu maathram alla camera kondum njettichu kalanjirikkunnu,Positive,0
Black t-shartil iruttinte maravil oro scenilum kanunath rajuyettanu,unknown_state,1
Thallu vidunna moopanu pakaram appan Daddy girija Peter hein fight ( parannadi) Pulikk pakaram patti Pinne mainayum same costume (Anushree) .,Negative,3
Kgf movie kanda pola oru feel..... Endhayalum laleta kalakki,Positive,0
Cinemakal koodumthorum age kuranju varuvanalloo.. Kidu look.. HBD IKKA,Positive,0
Mamangam marana mass akum allathe pinne,Positive,0
Ithu njangal polichadukkum. Love you latetta.....,Positive,0
Raja trailer nu oru pulimurugan touch.. #goosebumps,Positive,0
Raju ettan kurve nallonm thonnunde,Negative,3
Oru njettalum illa romanjavum illa ayye,Negative,3
Gunddaa rashtriyum.... Swandammmm raksthasakshikkaleaa enddakorkkk kaananddaa padam,unknown_state,1
Ittychante Vakka Oru Simple Vedikatte Ufff Adi Makkale Like,unknown_state,1
Padam kand trailer kanuvan vannvar undo..poli film,Positive,0
Nairmare vendannu paranja Kallamark kanich koduk ...Nairmarude karuth...lalettan and prithivi...tholpikkanam ee electinu....,Negative,3
Lalaten fan onnu ange like poratta,unknown_state,1
Voiceatokke ikka kasargod muthal tirupanantapuram vare,unknown_state,1
Dei hard ikka Fan's like here,not-malayalam,2
Saathana vellan kelpulla rajavu ennu thonnunnavar like adi.,unknown_state,1
Mammookka love you ikkayanu loka ithihasa nayakan kolakomban...,Positive,0
Dislike adikkunnna 12 k kundanmare poyi ooombikkolu adhey nadkkuuu nanamkettttav hijadagal,Negative,3
lalettan screen presence 100 percent in trailer. Lalettan politics and actionil thakarkkum ennullavar like adi........,Positive,0
Last oottam kanddo makkale onnum parayaan illa aaa face lle mattam anergy uff powlikkum ikkaaa,Positive,0
Pala bgm um ketta pole thonnunundelum kidu feel,Mixed_feelings,4
Polichu Pakka Oru Telugu Thriller Movie Pole Und.. Enthayalum Lucifer Theater Polichadukkam...,Positive,0
Vysakh etta padam kandu oru raksheyum illaa powliii Ningal marnamassalla athukkum mele aan Waiting for #Minister Raja,Positive,0
Annnnnnooii oru rakshem ella pwoliiiiiino words,Positive,0
Kidu energetic trailer dislike adikkanum venam oru manakkatti,Positive,0
Lucifer kanduu..... Thatikootuu padam....no story aake ulath kore vedivepum bombidilum..... Kashtmm thane.....,Negative,3
aaa dislike adicha poorimakkalude ammakku mohanlal anu adichu kodukkunnadu tonnunnu,Negative,3
Njan kandu Mammooka ithan.. Da dhamu ni tirnnada,unknown_state,1
Tovinokk Rahul Gandhide oru chaaya kaachal 🤔🤔🤔🤔,unknown_state,1
Padam kndit vndum trailer kanumpo veror feel,Positive,0
Iam from andra I like malayalam movies,not-malayalam,2
laletta na pole orale ullu malayalikalude ahagaramaya mohnlal,Positive,0
Mamooka Dulquerinde Bappa anno adho chettano🥰,unknown_state,1
Marana mass waiting for #Madhura raja,not-malayalam,2
Ithu pradheekshikuna ....pole avilla ...padam avarage ...,Mixed_feelings,4
Youtube enagne hang akathirikkum .korach koodiya item alle vannikkn,Positive,0
Pulimurugan copy adi pole ind stund seen ellam,Mixed_feelings,4
Ee vishuvinu Madhura Rajayude oru Madhura കണി.... By a Lalettan Fan,Positive,0
38000000 viewrs oh my goddddddddddddddddd megastar the gr8,Positive,0
Sir hindi movie nhi he kya 🤔🤔🤔,not-malayalam,2
Trailer pora..Oru pathu kollam mumbulla tamil cinemade trailer polund,Negative,3
Oru 10 thavana kandu,Positive,0
Mammukka oru rakshayumilla. Mammukka mass ....,Positive,0
trailet ingana.appo cinema enganayundanne parayano... katta waiting..KL 40 fans,Positive,0
Orumathiri tamil mass padam pole thonnunu...daivam noke parangu politiciansne oke ingane thalapathuvekkunne aavishamillatha hype alle ??.,Mixed_feelings,4
Entee ponn ettaaa..... 1:50 ullayaa ah dialogue oru rekshayum illaaa..... VAAA DA.....,Positive,0
Ipo allarkkum manasilayille lalunni charitra padam cheytal ingane undakum enn this is odiyan 2,Negative,3
Oru 10 pravishyM kandu ttaa rashidheee Chayim kadim marakkanda,unknown_state,1
Hope all unlike hits from ikka fans,not-malayalam,2
Rajuattan fans & mammokka fans like,unknown_state,1
Trailer kandu ethil oral ella? Aru,unknown_state,1
Padam kandu .....sidheeq ikka ....karayipikum alle ..ithoru sheelavakanda,Positive,0
Ikkaaaaa masss enn vechaal ithaam masss,Positive,0
who delet madura raja trailer in youtube. yesterday kittiyirinu ippo link ullavark mathraman kanan saadikunath. wat happend,unknown_state,1
mohanlal anna ningal veru mass alla kola massaa,Positive,0
[ L ] ABRAHAM QURESHI,unknown_state,1
6 mani aayillenkil polum ippozhe wait cheyyunna katta ettan fans like adichittu poo,unknown_state,1
Mohanlal. THE GREATEST OF ALL GREATES.,Positive,0
Pooran mamooty,Negative,3
Superb Movie. Love u Mohan Lap,not-malayalam,2
Ee flim ne support cheyyunnavar kk urapundo nigalk ithi 3 IL athikam time kandit super anenn parayan pattumo?,unknown_state,1
entho missing aanu,Mixed_feelings,4
Make a way for 200k likes,not-malayalam,2
Ellarum ikka ikkaa...Njan mathram anooo unni chettane mention cheyunnadh...Unni chettante pwoli,Positive,0
Lucifernne EzHuayallathu varakilla nnu urapaa pakshe padam pulimuragan level hittaa athu suraa,Mixed_feelings,4
madhuraraja 3 hour 111k views lalettan in minutes HAHAHA,not-malayalam,2
Raju etta ningal Malayala cinema ye Vere Level Aaakum Alle,Positive,0
Variety cinemayude rajav mammooseeee ikkaaaaaaa,Positive,0
Eee vishu ettan aganu konduvaa ennu parayan paranju!!,Positive,0
Great film from mega star Mammookka,not-malayalam,2
Entta ponnu laletta.... Parayan vakkukal illa Mass ka bapp,Positive,0
Ithippo enthinulla purappadanavo randalum koodi Suraj Soubi,Positive,0
Waiting from Qatar LalettaI'd tagarkum katta support heavy 48pravasyam trailer kandu wow,Positive,0
Ee item vech nammal nammade pracharanam thakarkkum..,Positive,0
Ith nammal vijaricha unda alla makkaley ith vedi undayanu,unknown_state,1
enthe ponno enna lookkada mmmde eattan,Positive,0
Ithu kidukkum Vere Levelu Aannu Makkaleee,Positive,0
Heavy mass പൊളി,Positive,0
15 minutes.... 151 k viewrs...,unknown_state,1
Adutha flop,Negative,3
Vere level ... Onnum parayan ella....,Positive,0
Mamooka ishtam. Ennitum Njan Lucifer kandu laletante acting Kidu anennu mammokka fan aya enik parayAthirikan pattilla..,Positive,0
Oru nalla cinema kkaayi kathirikkkunnu. Dhayavayi ithine 100 cr pattikayil kettaruth,Mixed_feelings,4
Mass and class . Mammookka #faceofindiancinema . Nalla cinema aavatte,Positive,0
Daily 3 vattam kaanunavr undo evide?,unknown_state,1
Rajuettan director ayath kond ith jaikkuvairikkum,Positive,0
Njan oru mohanlal fan aanu ennalum trailer istapettu pwoli,Positive,0
Ikka scene vere level,Positive,0
Ithupole mooonchiya Oru padam jeevithathil kanditillaaa.....,Negative,3
Ithill Tovii polikumnn ullavar ivde like adii,unknown_state,1
Trailer kannunathinu munne dislike adicha mahanmark adaranjalikal....ivrk matram engana pattunoo ijathi kuru pottikal....kashtam...,Negative,3
NIMISHANGAL KONDU 34 K...BUT IPPO KURACHU NERAMAAI ANANGUNNILLA,unknown_state,1
Uff kidilam oru ethum pediyum kittanilla story nthayirikkumenn 5vare Kath irikkanamallo katta waiting,Positive,0
Etinum valiya surprise enni njngallu kittan ella,Positive,0
LUCIFER KI JAY LALLETTAN POLICHU MASS VERUM MASSALA MARANA MASS LOVE YOU LALLETTAAAAA,Positive,0
Joy thakkolkaaranil ninnum oru massZz change,Positive,0
Njangada nattila shooting cheythe Prithviraj vere level,Positive,0
Happy B Day MY Dear Mammookka,not-malayalam,2
blast fdfs Palakkad ntea own odiyan,unknown_state,1
5 million! Like adi makkale!,unknown_state,1
Padam 100 cr kayariyathinu shesham kanunnavarundo,Positive,0
Die Hard Mammookka Fans Like Here,not-malayalam,2
Myru Padam. Kaanendaayirunnu. Ookkaanam vannittu vayya.,Negative,3
Lalettan & Ikka Ki Jaiii....... Frdzzz... Fishing Videos or Tech. Thalparyam ullavar nammude chanel sandharshikuka...,unknown_state,1
Ikka kku nalla age feel cheyuunuu,Mixed_feelings,4
anusithaaraye kaanan veendi trailer kandavar ivide like cheythooli,Positive,0
Kiduuu Trailer Lalettan polichuu Apol ee onavum ettan kondupoi,Positive,0
Njan A10 Fan ann but ikka pwolikkum katta waiting,Positive,0
Mammookkaaaa love uuuuu ingal poliyanuuuuuu 68 alla ingakk 34 aanuuuuuu,Positive,0
copy annan,Negative,3
Like adich cmnt vaayikkunnavar like adi,unknown_state,1
Pandi rajaye malarthi adichu athanu lal magic,Negative,3
Poli poli poli .... am waiting..,Positive,0
Subscribe to my channel to get you all new,not-malayalam,2
Lalelattanum raju ettanaumulla oru film kure kalamayi aagrahichirunnu athu nadannathilulla santhosham pinne parrayanundo🤩🤩🤩🤩🤩,Positive,0
Poliiiii oru rekshem illa katta waiting,Positive,0
Dislike adicha oombanmaarude shraddhakku.... Kittiya collectionum kondu oodikko Chekuthan ninte ettane eduthittu oookkunnund Adyam avante kunna vayileduthu ethane rakshikk,Negative,3
369 dislike myrol ikka uyir haters myr,Negative,3
4m views 300k likes trending 1 Mollywood king ലാലേട്ടൻ,unknown_state,1
Ittimani mannikunnel ittimani uyir mannichayan loading just 8 minutes,unknown_state,1
Telugu film pole masss trailer,Positive,0
Hindu kalku mahiravan islaminu ebileesu christianikalkku LUCIFER,Positive,0
Mohanlal fansinte full spprt ikka pwlichadukk .,Positive,0
Padam kandit ittymaniyude trialer kannan vanavar uddoooo lalettan fans like theme adipoli,unknown_state,1
Maranamass item ente ponno ijjathi,Positive,0
Lalletan fans like adikku . Fans power kaaniku,unknown_state,1
Happy birthday ikka movie polkikum....,Positive,0
entay ponnoo kola kolli item vannu makkaleay,Positive,0
mass aaan ikka ninga vere level aan,Positive,0
laletta movie kku super response aanalloo,Positive,0
Mass itom. Mass dialogue. Lalettan polikum,Positive,0
Arokke endokke paranjalum ingal Mmale changan Dileepetta,Positive,0
Ee item vech nammal nammade pracharanam thakarkkum...aa item sunny alle,unknown_state,1
South India next level Malayalam- Lucifer Telugu - bahubali Kannada - Kgf Tamil - 2.o,not-malayalam,2
Ee dislike adichavarde sredhayk enna kanditta enth mosam kanditta dislike adichathenn koode parayamo?,Negative,3
Pakaram vaikkan..ellatha prathibha....lal.... njan paranjathu sheriyalle...plse like,Positive,0
Best of luck from rocking star yash fans karnataka,not-malayalam,2
Athoru kadaya mone paranj thudangiyaal 10-30 varshathe kada parayendi varum,unknown_state,1
mohanlal ingnanu kure chavar pole irakkilla .vanalo...odukkathe varavaakum..luv u laletta,Positive,0
ithu kandu pazhaya school kaalam oorma vannavar ivide like adi only for govt scholl piller,unknown_state,1
avan Varum ente Makan Madhura Raja....,unknown_state,1
Deslike adicha ella punnara makkalkum nanni,Negative,3
Friendship day k oru cake vangi koduk...🤣🤣,unknown_state,1
Poli padam njn ella mammooty movies kanarundu itrekku disapointed akkiya oru movie aduthundayittilla,Negative,3
Freezerinakathulla scene kandappo arkenkilum hollow man film orma varunnundo,Mixed_feelings,4
Aah nalla best marakkar...sound kettal thanne ariyam...ithu adutha neeraliyo odiyano aavanulla laksham aanu...daivame ee pulli ithu enthinulla purapadu aanu...🤣,Negative,3
Muppathil kooduthal thavana kanda njanalle sherikkum mess,Positive,0
avasanam kanjipole aavathirunal mathi all the best,Mixed_feelings,4
Oru tamil movie touch pole. Expect to be a good movie,Positive,0
Pulimurugan pole akkan ulla udesham bt release kazhinj parayam kollavo elliyo enn,Mixed_feelings,4
Polichu,Positive,0
Padam kanditt veendum trailer kaanan vannavar aarengilum undo enne pole,Positive,0
Ith kalki allaa ith kathi aahnu itiri,Mixed_feelings,4
Swantham panavum padavum aauapol experimentation undavumo;),Mixed_feelings,4
Padam ettunila pottum ennu urappullavar like..,Negative,3
Ayyeeee....dialouge presentation ottum illa....evan enge nayakan ayi? Lalunni....evanano swayam complete actor ennu vilikanee.....myran,Negative,3
mammookkaye ee traileril kandu njettattavar aarum undavilla !,Positive,0
Oru thrilling und... Padathilum ith muzhuneelam undakumennu karuthunnavar... Like here,Positive,0
Telugu people from telangana like here,not-malayalam,2
4 m views.... 300 k likes...,unknown_state,1
Ee cinemayke katta wait cheyyunnavarke like adikkam,unknown_state,1
Aayea.... ithu oru unda aavolo.... boar ....,Negative,3
enth moonjiya padam oombiya kadha parachil avante konathile padam,Negative,3
mammutty guest role aanenn thonunnu piller pwolichu 🤘🤘,unknown_state,1
300 cr adikkum annullavar like adi,unknown_state,1
Haneef adeni Ninakevdunna mone ijjathi kolakolly items kitenne Vere level,Positive,0
Ithra pettenn 12 k likes,unknown_state,1
Padam pottumn orapulavar ivide like adik,unknown_state,1
No words to say katta pwoli van mass,Positive,0
Petrol vila karanam raja cycilil. polichu!!,Positive,0
Mamankathinte naatukar tirur tirunnavayakkar adi like,unknown_state,1
Ikkenem akkenem kanan vannavar like adi...,unknown_state,1
Pala chettakalum chelakkatte ith onnonnara padaman,Positive,0
Licifer vannna ennenthe pooram vanu.....madhuraraja 6 manik thanne poyi......but l is loading...coming....minutes left,Positive,0
theateril elaarkum moonjiya expression aannallo kandu kazhinju,Negative,3
Ada paavigala idho edho youtube advertisement nu illada naan swipe pannitu poiten,not-malayalam,2
E oru trailarinu vendiyanu njan kathirunnathu powliyanu... Kiduvanu... katta massanu....,Positive,0
Theatre il ninnu nenjum virich irangan aavo entho - oru odiyan orma,unknown_state,1
Malayala cinema yude thalavara maattum e padam,Positive,0
0:40 indian Flag Ulta q hai?,not-malayalam,2
eth 14k alavalathikal aanu dislike adichath,Negative,3
Kidu trailer oru rakshem illa katta waiting,Positive,0
KGF kanda oru effect trailer kandapol kitty,Positive,0
Subtitle undenkil views kooduthal kittumaayirunnu. Like if u agree,unknown_state,1
Katta waiting aliyoo njanga malayalikalkkum nddaa mass padangal,Positive,0
Surajettan ippol kadhapathramayi jeevikkukayanu.. mikka cinemakalilum,Positive,0
Polichittund Lal ettan fans like adi,Positive,0
pwolikkum #Unni #mammukka oru valya vijayam aakatte,Positive,0
Padam kand kazhinjathin shesham vannavar like adikk,unknown_state,1
Pothirachi oru 4 kilo aanu 2 alla,unknown_state,1
1Lakh 50k+ views and 95k+ Likes What matters....? Lalettan Matters,not-malayalam,2
Kolakolli Item Ikka war mode on,Positive,0
ട്രൈലെർ കിടു Wishes to Janapriya Nayakan Dileepettan from Lalettan Fans,Positive,0
onnil kooduthal thavana trailer kandavar pls like here,Positive,0
uff trailer mamuka mohanlal legends aanu oru tharkavum venda,Positive,0
1:23 PREDATOR movie BGM copycat !! deepak dev anna,unknown_state,1
HAPPY BIRTHDAY IKKKAAAAAAA LOVE YOU IKKKAAAAAAAAA,Positive,0
65 k ലൈക്‌ 16 k view hangayi,unknown_state,1
Ithilum bhayankara suspense aayi Mammukka police aayirikuo,unknown_state,1
massakkan 3.14 m venda 1.46 mathi love you raja,Positive,0
Jai marikkunnath kandappol othiri sangadamaayi,Negative,3
Njan Ettan fana ennaalum paraya e padam polikkum,Positive,0
All kerala lalettan fans Like adikkkee Nammude power kanilkkee,unknown_state,1
Lalettanu Thulayam malayalam film industry yil Latten mathram...,Positive,0
share and support please ..njammude jayyetan vendih...chadiyan chanuduni vendi...ah adh poote Shaji pappou....vendih please,unknown_state,1
Kunjikkaaa fansss adi mone likeeee !! Ikkaaa fanss pottiiiikkk likeeee !!,unknown_state,1
Aa posteril kanda hand GOTil ullatalle,unknown_state,1
cinema kandu....addipoli.. adyamaayitta oru cinema adhe divasam 2 thavana theatril kaanunne,Positive,0
Adipoli Trailer....... parayaan Vaaakkilaa Lalettan fans like here,Positive,0
Candle shot pollikkum ennullavar like adiche,unknown_state,1
kure naalu koodiya oru mammookka trailer kaandu santhosham thonunnathu.,Positive,0
Kutam parayunavaru Maryadaku zha parayan ariyatha team anu,Negative,3
Jayettan + Thrissur Oru Ugran PooraM Kodiyeri makkale... katta waitin,Positive,0
Ho aaa BGM. Mammookka ithu oru pwoli pwolikkum,Positive,0
Ithu oru onnonnara item anu makane ee........Mass alla athukkum meleee.....,Positive,0
Sirea ethu keari koluthunna lekshanam undallo... bumbar hitavattea,Positive,0
Kurbana kudi randu kilo pothum vangi ponalo....athanallo achayan,unknown_state,1
Fan show tikket kayyil kittiyavar like it,unknown_state,1
Venda kutta uruttam last dialogue polii....,Positive,0
Oru kannu adachu pidichittu aduth vechonnu kandunokkike,unknown_state,1
Malayalam comedy thug life.ithu kaanu chirichu marikkum...,unknown_state,1
Pavam sanjeev pillaiku enthengilum credit kodukeda nayinte makkale,Negative,3
1M view munne ee trailer kandvar aarokke,unknown_state,1
Ente mammookka Ithokke abhinayikkanel minimum range venameda Vere level,Positive,0
Idhilum Manju warrierude husbandine konna aale kandupidich kollunnathaano kadha,unknown_state,1
TRAILER VERE LEVEL ... ITH PWLIKKM,Positive,0
17k views 67k likes pakka autolike,unknown_state,1
After Neram,Mixed_feelings,4
Katta waiting Maamangam & mammooka performance also,not-malayalam,2
Nice ... Varampo kaanam engana nu ....,Positive,0
Trailer kandapo oru karyam urapichu #LAD,unknown_state,1
Happy birth day. Dear megastar mamookkaa,not-malayalam,2
Super trailer love from Karnataka I,not-malayalam,2
Dey nthonadey refresh adikumbolathekum likes okke rand erati avunnu,unknown_state,1
Pazhanjan formula aanaloo ..... Oru gramam,Mixed_feelings,4
stock roomil stuck aaayi freezing room,unknown_state,1
cia bgm tch undalllo copy etttaa,Negative,3
Ethreyum nalla oru creativity ku dislike cheyunnavarodu oru load pucham,Negative,3
waiting ganagandharvan mamankom sherlock bilal enik vayya.... mass ka baapp,Positive,0
android kunjapan review on movie slot media,not-malayalam,2
4 bangalikal mannu valichu kadalilekk ittal theeravunnathe ullu ninte Japan,unknown_state,1
Valla 200 cr anaganam nirthiya mathiyarnnu,unknown_state,1
Mammootty enna name thanne mathi charithra cinimakal poyi kaanan,Positive,0
Great luv frm a Lil girl...allah blss u...🤲,not-malayalam,2
30 minute 34 k views padam poorikum,Positive,0
Anu fans like Ikka fans comment,unknown_state,1
mohanlal fananu but e filim ethraku pokanonnum ella. raju ethilentha amanushikano?,Mixed_feelings,4
Haa 3nna oru traileraa ↪,unknown_state,1
Katta waiting.. Tovino fans like adi..,unknown_state,1
Ith pole films aanu tamil telungu mass movies aakunnath,Positive,0
Malayam vaikkan ariyatavar hit like here,unknown_state,1
Camera style kandappo chapa kurush ormavannu,Mixed_feelings,4
Last dialogue semma la,not-malayalam,2
Enna friendship day ku oru cake vangich kodk,unknown_state,1
Heavy..Mass & Clas...cudos team Lucifer... Laalettaa ingalu Muthaanu...Double Role Aanu Makkale......,Positive,0
Ottavakkil paranjal oru Pavam Padam.... But powerful,Positive,0
Perr kand trailer nnokkan vanna thrissur karr like adik🥰🥰,unknown_state,1
I can't understand Malayalam,not-malayalam,2
BELARI RAJA PAZHASHI RAJA RAJADHI RAJA POKKIRI RAJA MADHURA RAJA Ee RAJA ena peru ushirulla aanpellerkru paragitullatha,unknown_state,1
Ethra vattam kandu ennu areela,Positive,0
Dileep ettan fans like here,unknown_state,1
Padam kandathinu shesham ivide vannavar like,unknown_state,1
Verum mass alla kola mass raja daa,Positive,0
Kandit romanjam vernnu ikka eth ningale konde sadikku,Positive,0
Prithwi raj 00:57 01:01 2:19,unknown_state,1
Angine paranju paranju trailer nalla YouTube chanalil thank irakki 🤩🤩 athinu irikkatte or kuthirappavan,Positive,0
Mamangathinte yudham kambani kanan kadakunnathe ollu,unknown_state,1
Lalettan fans kar okke evadeeee.... Best wishes mammookka,Positive,0
I HOPE THIS WILL BE THE BEST THRILLER FILM SUPERB TRAILER ORU rakshayumilla.... Kidukaachi kidiloski item.... #Katta waiting for #Lucifer,Positive,0
12 hrs 1 million views Ikka fans hit like hear,unknown_state,1
Pokkiraja pole full masa entertainment allann thonunnu..nallaru storyum ullath pole 🥰,Positive,0
Hollywood style...mammukka Box office kidukkum..mass stylish thriller aayirikkum...,Positive,0
Prthvi raj unni mukundan aarya evide....malty star chothramu...,unknown_state,1
Mammooty last 15mnt ulu e filmil,unknown_state,1
Villain tovino anengkil maari 2 kazhiyinj 2 movie as villain,unknown_state,1
#1 ON TRENDING 2M realtime views 145k likes in 6 Hours megastar Mammootty da,not-malayalam,2
Good luck jaya chetta from kanyakumari,not-malayalam,2
Hukoo for rajinikanth sir hukku hu hu for mohanlal sir,not-malayalam,2
Thamizhar kalaikalai veli kondu vanthamaikku nandri ..,not-malayalam,2
malayathil ethu vare kandathil vech ettavumm bramandaa trailer ikkaa hats off ...,Positive,0
7 million! Adi makkale like,unknown_state,1
Trailer avg aakki... preshakare pratheeksha veypikathe pritvii..padam pwoli aayrkm appoo...,Mixed_feelings,4
Trailer kidukkiiii....Lalettante Lucifer pole mammookkayude Madhurarajayum kathikkayaraan e lalettan faninte vaka prarthana undavum,Positive,0
Madhura raja trailer or lucifer trailer.... 🤗🤗,not-malayalam,2
Vishu stephen kondupoyinn parayan paranju ejjathi pwoli,Positive,0
Mammukka fansnu like adikkan ulla nool,unknown_state,1
Lucifer fans hit like ഏട്ടൻ ഇഷ്ടം,unknown_state,1
Last atte aa adi polichu ...,Positive,0
E mass trailer ne vecchanalo madura raja ye compare cheyyunadh...kashtam,Negative,3
charithram onnum parayanda mammunniyalle Ella malayalikalkkumariyam kuninjoru paniyum cheyyathillennu,Negative,3
Bgm athu kalakkii muthe sambavam lesam haram kooditha to,Positive,0
hoo kolamass item thannee...bgm oru rakshayumillaa,Positive,0
Kidu trailer mammukka ithil 100 kodi urappu anu #justus143,Positive,0
Vineeth srinivasan karanam aa kuduthal sredichennu thonune....,unknown_state,1
Nammude Dileep chettane kodukilla like,unknown_state,1
ufff ikka ethe polikkum. Katta waiting,Positive,0
Raja ellam adich toofan aakum,Positive,0
Bigil..Kerala Thalapaty fans hit like.,not-malayalam,2
AVASAANAM RAAJUVETTANUM VALLA VILLANO MATTO AAYI VARUMO ENDHO#######,unknown_state,1
Enta ponney ijjathi item uff romanjam,Positive,0
Oru paandi gundeye Adichodukan Avn vannee,Mixed_feelings,4
Ikka evide evide ennu nokkuvayirunu.. Vanapozhoo. Onnum parayan illa,Positive,0
Appo nammalellavarum views & Like ethrayayenn nokkan vannatha,unknown_state,1
After 20 hr 3M viwe,unknown_state,1
Adipoli super bgm no raksha,Positive,0
Enta ponnu jayettooiiiii ingalu mmde thrissurle polichadakkindalloo,Positive,0
I:46am ithu 12 pravasyam annu kannune..stephen nedumbuli,Positive,0
Annan fans plz support us,unknown_state,1
10 ൽ കൂടുതൽ ഈ trailer kandavar ivide varoonjhaan 16 aayi,Positive,0
Ithu aanu trailer alathe koore cut seens kanikkal ala,Positive,0
Best acter movie arkakilum orma vanno idh kandppol,unknown_state,1
Wishes From #Suriya Fans! Looking Forward for #Kaappaan !!,not-malayalam,2
Ettanay kanan vendiii veendum veendum varunnay njn mathrano,unknown_state,1
Cinema Kandavar orikkalum cinema hit ennu parayathilla,Negative,3
Trailer il thanne full story undallo! Padam kidilan aakatte🤓,Positive,0
Nthu dislikes an... Ninnekondekke dislike cheyyane pattu...,Negative,3
Trailer kaanan premiere ON aaki vech kaathirunnavar like adi,unknown_state,1
Ente molude name anu e film eragum munne ettathanu.oru 1yr munne 1st kalki may daughter,unknown_state,1
Dislike adichavanmare aarada....filmine kurichu valla bodham undo ninakokke....aadhyam poye pashunte chanakam kazhikki oru bodham varum,unknown_state,1
trailer kanditu ithenkilum pwoliyillannu thonnunu.. nb:- njan oru katta #mohalal fan aanu,Positive,0
Hambo ..Vere level ..Oru rakshayum illa,Positive,0
(Ningal ee stagil keritt Chund anakkunnath ariyathavar aara) enthoo arkoo thangiya Pole thoniyath enikk mathramanoo,Mixed_feelings,4
Hvy Rajuvettan rocks 🤩🤩🤩 Lalettan,Positive,0
Vineeth srinivasan.....ahaa otta peru mathe.....vere onnum vendaa...,Positive,0
Mohanlal maathram undakiyadhu kondalla Prithviyude migacha direction kondum koode aanu padam super hit aayadh ennu thonniyavar like adikku,unknown_state,1
Filim kaannadhe trailer kandu diss like adikkan kureyannam vannolum kashtam thanne diss like adikkan mathram jeevikkunna guys hii,Negative,3
Mammukka marana mass Ikka fans like Katta wi8 for mammangam,Positive,0
Raja is back.. Kettittille... Madhura raja,unknown_state,1
ethukandalariyam e padam padakkam pole pottum,Negative,3
Verum gust roll nu ejjathi waiting,Positive,0
160k like avanam ennullavar like adi,unknown_state,1
Ikkayude adya 100cr padamakum ithennu urappullavar like adi,Positive,0
Pk ramdas enna vannmaram veenu pakram aaru?STEPHEN NEDUMPALLI,unknown_state,1
Ellaavarum ente channel onnu nokamo ishtamayenkil subscribe cheyyamo suraj ettan soubin kidu,Positive,0
Ente ponno ijjathi Raya kandam vazhi oodi eetahhh,Negative,3
Tgf teaser kola mass aanenkil.... Abrahaminte santhathikal trailer kodoora maassum alla... Athukkum mele aanu !!,Positive,0
Jaathee mathangalkk adheedhamaayi manushyaneyaanu snehikkendath enna threadil cinema thudangi athe threadil cinema avasaanippicha samvidaayakanu irikkatte oru kuthirappavan,Positive,0
Youthanmarude youthan njanmmala ikka#FDFS# katta w8ing,Positive,0
Pwolli item Mammukka Bgm Uff No words Katta waiting,Positive,0
Pulimuragan same climax and same location,Mixed_feelings,4
pullikkan stara pole undu trailer..powlikkane pisharadi eatta...thank you,Mixed_feelings,4
Valip padam enn thonnunavar like adi,unknown_state,1
Ee thavanathe onam pooramakkan itty maani varunu,Positive,0
ufff All All Die hard ikka fans like here....,not-malayalam,2
ikka like,unknown_state,1
Mammoka karanjal sahikkathavar indo..valsalyam,Positive,0
Nge...like kuranjo??..autolikes 3g.. anyway trailer heavy,Positive,0
Oru raksha illa makkal poli padam like,Positive,0
Amboooo pwoli veree levellll Ettn ishtm,Positive,0
Aju chettan polikkum nna thonnane,Positive,0
00:57 Prathviraj As SAYEED QURESHI. E...................,not-malayalam,2
Raja Returns powlichu Lucifer നെ ക്കാൾ അടിപൊളി trailer,Positive,0
Happy to see Manoj k jayan back,not-malayalam,2
Onnum parayanilla onnu matram mammookkayaan ente lahari..............,Positive,0
Etu ettichante vaka sample ane appom sherikkum ullathu enthayirikkum,unknown_state,1
aa penchochinte oru dialogue polum ellallo aashane??,unknown_state,1
50 parku vila ellaa,unknown_state,1
Soubin ikka suraj ettan lead roll ith oru sambavam aakum katta witing kidukachi filkm,Positive,0
Ithu polikum pappan marana massanengil pullu giri kola massanu jayettante first gangster underworld movie,Positive,0
eee prayathilum ennaaa look ekka keee,Positive,0
Idakkidakk like nokkan vannavar adi like,unknown_state,1
Ichayan pakkaa massdaaa I love tovino,Positive,0
Eee oru odiyan ikkade bilalnte athre muttan illa,Mixed_feelings,4
Indettante a dialogue kiduvanalle.. (Mahiravanan,Positive,0
All best mammuka From ettan fans,not-malayalam,2
Ambili kandavroke onnu like adiche Kanaathavar onnu kanade povalle nashtaman,Positive,0
Ayyeee Lucifer Oru political movie athine copy adichu madura raja Ee cinema director COPY SUNDAR aano🤭,Negative,3
Bahubali : mamankam = NASA : ISRO,not-malayalam,2
Direction Rajuettan aanel Standard inte glucose level high aa Speechless,Positive,0
Trailer kidukki full movie kidukidukkum.. we still waiting..,Positive,0
Shwaasam adakki pidich trailer kandavar adik like,Positive,0
Happy bday Mega Star Mam mookkaaaaa,not-malayalam,2
Ikka& unni fans onu urjathode pravarthichal 24 hour's kond 5 m adikka,unknown_state,1
Oru singam mmayam.. pwoli trailer,Positive,0
Padam kandu vannavare adi like,unknown_state,1
OMG lalettaaaa ummmaaaaa rajuvettaaa ningal marana mass anu.,Positive,0
Lalettan aka Ittymaani - super duper fantastic bombastic superlastic...,not-malayalam,2
Teaser kandappo itrakkum pratheekshichilla traler supsupsupsupsupsuper cinema pwplikkum,Positive,0
Ippom itharalum kannan vanno vannavar like button adichooo,unknown_state,1
kalaparinju sheenicha karshakanu ini visramikkam,unknown_state,1
pulimurugan style aakan vazhi und.. palayidathum athe colour tone kanam.... enkilum vaishakilum ikkayilum oru pretheeksha,Mixed_feelings,4
Ithu oru thivasam konde 1m adikum,unknown_state,1
King Raja Fans want some Mutton Biriyani hahahaha,not-malayalam,2
adhyam 9 polinju 8 nilayil ini next ithum poliyum 9 nilayil,Negative,3
Ithu oru padamayirikum action orupadu vyethasetha ulla oru film ayirikum.....,Positive,0
Last climaxil oru dialogue und ... baseere...nee ente chonna shaddi kanda.....,unknown_state,1
117 k likes 17 k views YouTube gottt hanGed #Rajaeffect #Rajareturns #Madhuraraja ...,not-malayalam,2
E chitram vijaykkum ennu urappullavar Maathram like cheyyu,unknown_state,1
ethentha lalettan thanneyano dout akunnu,Mixed_feelings,4
Njan oru lalettan fan anu.. pakshe ithu polichu... ikka super,Positive,0
Vishnu avatharam Narasimham vannu .. Ini veranullathu avanaaa Kalkiii,unknown_state,1
Mammooty Avasaanathe aa run hentammo.. GOOSEBUMPS...,Positive,0
story writer sajeve pilla yude name ethilonnum evideyum kaanunillallo..,unknown_state,1
Katta ikka fan aahnu anaalum A10nte padavum A10neyum ishttam Katta waiting for ittimaani first day first show,Positive,0
Vada - superb Love from Tamil Nadu,not-malayalam,2
Oru mohanlal fan aaya njan katta wait cheithu irikuna mamooty de filim...,Positive,0
minister raja (raja part 3 ) enn moviek katta waiting aakunnavar like adiku,unknown_state,1
Dislike adicha thanthayilla thayolikal aaranaavo ..murugane theerkkum ennu paranju nadannavar aavum,Negative,3
Trailer kiduve........ ikka fans adi makkale like,unknown_state,1
Nalu bengaligal nalu sidum manuvari ital therunathe ollu ninta japan,unknown_state,1
Last ikkede varavum ഡയലോഗും mass,Positive,0
വിജയാശംസ കൾ nerunnu.. 333 film magic. Film channel,Positive,0
Kilichundan mambazhathile... Laletan dilog parayana pole,Mixed_feelings,4
Nalla oru film anuuu ellavarum poyi kanu....,Positive,0
Mohanlalinte ee film engilum hit aayal matiyaarinnu...maduthu odiyente kuttam keettu keetee... Kaata lalaetta fan adi like,Positive,0
Lalettan fans like. Super movie ikka muttwanu,Positive,0
Malayala cinemayude idhihasam mammookka happy birthday Mammookka,Positive,0
Ikkkaaa katta mass trailer pwolichu .....eniyaaanu masss katta waitin,Positive,0
Face of shahid kapoor . Arjun reddy malayalam kaanunnu,unknown_state,1
Dislike adikaan vanna para naarikal pinne enthina ith verthee kaanunnath,Negative,3
Prithviyude voice modulation.....oru rakshayum ilya ponne.... Kidkaachi trailer Stylish paranja itha aanu makkalle,Positive,0
Ith ndh manushiyana ith mass anno kollamass anno atho vere ndhelum anno romanjam pongunnu ambho,Positive,0
Mohan lal sir superking nagarjuna fans,not-malayalam,2
33k kurugal kanunnylllle dislike🤣🤣🤣🤣🤣 duranthngal pyaavam lavanmarude pramughanu youtube views illathente sangadam aavum,Negative,3
Mammookka.. you are young,not-malayalam,2
Katta waiting adi macha like,unknown_state,1
Cast\r Mammootty \r Unni Mukundan \r Prachi Tehlan \r Siddique \r Achuthan\r Anusitara\r Iniya\r Kaniha\r Tarun Arora\r Suresh krishna \r Manikuttan\r Sudev nair\r Manikandan,unknown_state,1
avasaanathe superman punch ath kalakkki ente ponnu ikka love uuuu...........,Positive,0
Vineeth sreenivasan ennnu kanda pinne onnum nokkanda padam vere level ayirikkum,Positive,0
Release date,not-malayalam,2
Pratheekshakalkum appuram kaatti thannu pratheeksha orupaad uyarthu prithivaraj enna nammude malayalikalude swakarya ahangari...!!,Positive,0
7 days to go for mamangam.,not-malayalam,2
Ikka trailer inganeyanegil padam engana polikkum ikka,unknown_state,1
Enna koora padama . Mamooty ullond kandirikam . Nalle boradiikkuna padam sthiram kadha,Negative,3
Avan varum samharathinte avatharamaye avan varum,unknown_state,1
Mammooka fans ivide come & like adii,unknown_state,1
ithpole oru kidu trailerinu dislike adikkana myrroli mammoonni fansin naduviral namaskaaram(ella mamooty fansinem udheshichalla....chila choriyanmaare udheshich paranjatha),Negative,3
trailer kandappol kanan kuduthal excitment undayi enullavr like adi,unknown_state,1
Marana mass waiting for mamankham,Positive,0
Uff... again....AGE IS JUST A NUMBER #Mammukka,not-malayalam,2
Ettan da 6million views L.... M..wood mohanlal,Positive,0
Laletta negal namde muthanu ine vere arkum vitukodikila malayalikalude sothanu lalettan.,Positive,0
Naanundu I am a katta laalettan fan,unknown_state,1
Ithu oru tamil/Telugu style padamaayi poyaallo dialogue and bgm oru gummillaa,Negative,3
Comments vayichppo oru karyam manasilayi.... Ethu njagade LALETTAN ANN,Positive,0
Dileepine polullavare thangi nadakkunnavarude padam kanathirikkuka.. Preshakarkku pullinte vila polum evar nalkunnilla..,Negative,3
Trending ayy..ini viwesum likesum Anu vendath,Positive,0
Malaya cinema abhimanikkunnu ingane oru nadane kittyathil.....Wish u a very swt & hpy bthday mammooka 🥡🥡,Positive,0
Mammoookkaaaa polichadukkiii katta waiting nv 21,Positive,0
Spoiler alert# odiyan is not mohanlal. Manikyan is Mohanlal. Villaign is odiyan.,not-malayalam,2
Onnum parayanilla enna parayana lalettane enik vayya,Positive,0
Ivde like adichavar avde poy dislike ADI.. avde like adichavar ivde vannum dislike adikku.. sangathy onnu kozhukkatte..,unknown_state,1
VERSION 2.0 ALLAYIRUNO??IPPO ANGANE 5.25 AYIII.??,unknown_state,1
Still in Trending #1.... Mamangam... Ikkaa.. We r waiting ....,not-malayalam,2
Heavy trailer uff 0:14 bgm and ikkante performence,Positive,0
Like from Madurai (Tamil nadu) ....,not-malayalam,2
first adam jon trialer pole ndaynu .but bgm kidu,Mixed_feelings,4
Ithiri late aayalum prithviraj koodi venamayirunnu,Mixed_feelings,4
Gimitt fans like adi guhan... Fans karayu... Gee gee,unknown_state,1
Nalla padam..... Ini trailer eppozha vara?? 🤔🤔Kathayum manassilayi Mammukayude entriyum kandu,unknown_state,1
Trailer 2 il kooduthal tavan kandavar like adichea,unknown_state,1
Tollywood - Bahubali Kollywood - 2.O Sandalwood - KGF Mollywood - Mamangam,not-malayalam,2
Dislike butten are stoped....still running for like butten....ettan effect...,not-malayalam,2
Bgm + ettan + dialogues + fight = romanijification,Positive,0
Model school terror school ever... In tivandrum...,not-malayalam,2
Youtube hang ayo views update akunilallo,unknown_state,1
Pullu,unknown_state,1
Thala Ajith Kumar viswasam Intro,unknown_state,1
E padam polikkum annu thonunnavar like adikku,unknown_state,1
Vamban hope chaidu vannadellam potti polijatte olle,Negative,3
Aaa motta thalayanta aduth nikkunnath Rajuettan alla🤔,unknown_state,1
Lalettan fan but aa lastle chadeet oru pedayille polichuuu,Positive,0
Trailer undakiyarithi valare mosham ann. Ith kanumbol enik oru feelum vannilla.,Negative,3
Onnil kuduthal tavane kandvar arokke und,unknown_state,1
Ee thadiyanano nammale kunjali marakkar aayi abinayikkunnath ?? Prithviraj or Mammootty cheyyanda role aanu,Negative,3
Ettante records pottikkan ettan mathrame ollu inn malayala chinimayil,Positive,0
Ikka is bled,not-malayalam,2
Dislike adichitt karyamilla makkale ith alu vereya,Positive,0
Freezerinullil 5 minutolam ninnal polum maravippanu. Oru Mc donald's crew.,unknown_state,1
ethu type roleum ettante kayil safe aanu... sambhavam kidukum... fans show bookedettan uyir..,Positive,0
Wow ikkaa mass bgm pwoliii katta Waitinggg #Abraham,Positive,0
Swargatthil ninnu purathaakkappetta daivatthinte swantham maalakha polichuuuuuuu LUCIFER waitingggggg...........,Positive,0
Nte ponnu rakshyillaa,Positive,0
Like ethrayayee enu nokan vanavark special like adikanula stalam...,unknown_state,1
Ayye preteekshicha atonuletta trailer.. Valya tarakedila,Mixed_feelings,4
Aye kuura trailer oola padam chali mohanlal*************,Negative,3
Mammookkaa polichuuu hvy trailer katta waiting,Positive,0
Malayalam cinema innevare vannathil vachu ettavum mighacha trailer,Positive,0
Superb trailer from lalettan fan ....ikka polichu,Positive,0
Raja de randam varavini kodi kayaran ini kurach manikoorukal mathram.....idikatta waiting,Positive,0
All india level movie,not-malayalam,2
Enne pole ee trailer slow modil ittu kanda vere aarelum undo,unknown_state,1
Ethu santhathikal vannalum. Pulimurugante thattu thanu thanne irikkum,Mixed_feelings,4
Enntta surajetta Super oru rakshaum ella,Positive,0
Oru mass heeroye kitti mone kitti,Positive,0
puli murugante set. eppozhum lalettan chunke deeee,unknown_state,1
Neerali lifetime views... 800K V 29K likes 1.9 K cmnts,unknown_state,1
Trailer pole naalla story undayal mathiyarinu,Positive,0
Rajaa Pokkiri Raja... Adar meesha Raja Makkalukku raja...Sen Tamilum pesuvaru... Angalayum pesuvaru malayala thaymozhi than bellari Raja,unknown_state,1
Adutha 100 cr ennurapullavar adik mone like,unknown_state,1
Ethonnum mohanlalnu cherilla,Negative,3
Ennum vannu 5 pravsyam kanuvar ivde vaaa,unknown_state,1
#MEGASTORM IS COMING #MAMANGAM #MEGASTAR #NOVEMBER 21ONWARDS!! WAITING!!,not-malayalam,2
Mammukka ishttam padam pwlikkane .....!! Bzlee nammude mammukka pwlichu daa,Positive,0
Dislike adicha Lalettan hatersnulla adi avate ningalude likes... Trailer vere level... Murali Gopi Mass.. Like Prithviraj too..,Negative,3
Ente ponno lalettan oru rekshaum illa ഇടിക്കട്ട waiting,Positive,0
Star cast ile N F Varghese sir inne undayirunangile lalettanta kudey poliche adukiyene lucifer movieyile,Positive,0
I love Lalettan and prithviraj...prithviraj always admired him.. Ithu polikkum.. Alla pinna...,Positive,0
Views ethraaayi enn nokkan veendum veendum kaanunnavar like adikkeda,unknown_state,1
3ble bullseye kodukk ... 10k piller und,unknown_state,1
Lallettaaaa pwlichu maranna massss triller .you are the only king in mollywood Triller ishttapettavar like aaddikkaddaaa,Positive,0
Lalettan oru vigaram mathram alla nammude ahangaram aanu....,Positive,0
Ithinekkal valiya romanjifickation trilor aaaayirunnu villan ...ennitto padam 8L pottii idum anginethanneyaavum ....laletta ingalu maaarikkoluuu pillleru kalikkette,Negative,3
ettante filim pole ikkayude filimum super hit akanam enne agrahikkunnavar like adi,unknown_state,1
24 k naarikkal eee cinema dislike ittu avanmaarku thallu kodukkuvan agraham ullavar like addi,Negative,3
Sathyathil abhinandanagal ariyikkendathu Prithvirajinanu. Thakarthu kalanjallo muthu,Positive,0
Itthu Pokkiri Rajaude athava Pulimurguan ennte 2 aam baagamo.,Mixed_feelings,4
Supperb ikka pwolichuu..ikkaa swoth baaki ellaam myr,Positive,0
Like ipozhe idaruthu trailer vanna shesham idam ee perunnalu mani sir kondpokim,unknown_state,1
Eeee paheyente sthaneth..Mohanlal annn 70am vayesill Eee padem cheythirinnenkill....edukam..pallikatilekh. Lal ettane..allenkil dehippikam..,Negative,3
Ullath parayallooo sidhiq ozhich bhaakki elllaaam chali actorors.... Enthaaavumooo enthoooo.... Comment nookiii... fayankaram ennu parayaan eee trailoril onnum illlaa...,Negative,3
I am from Uganda & die hard fan of mammukka....,not-malayalam,2
Traileril PrithwiRaj ne kandavar aarokke?,unknown_state,1
Surajettanum subin ikkayum polichu sesham screenil,Positive,0
100k likes and 700k views within 1hr,not-malayalam,2
Nostalgia valiyoru marketing product aanu,unknown_state,1
Telugu trailor kandit ithu kandavar aarelumundo.. ?,unknown_state,1
Ariyaalo she is vare lavl katta waiting ikkka,unknown_state,1
Idikkatta waiting... Othiri thanks prithvirajinu...njangalde ettane,Positive,0
Dislike adicha pannikale Theater il kanada,Negative,3
1000 CR movie god f u c . m ...,not-malayalam,2
Enik pulimurgante scnd part ayita thoniye,Mixed_feelings,4
GOOSEBUMPS Guaranteed IKKA Fans like Here,not-malayalam,2
Sub +like >< sub + like,not-malayalam,2
Muriyandikal pannikuutatam pole thurimezhukuvansllooscenes are rememmbering pulimurugan,Negative,3
Ho my god... Soooooooooooooooooooooooooooooooper... Dislike adicha pottimaanikal chankupottychaakum,Positive,0
6.7k dislikes adichaa ooolanmarellam angott maaarininnnu mongikko,Negative,3
Mammokayude unda varunnu an kaliyakiyavar kedo.....unda verum undayala thokkil vediunda yamanasilaya mammookaye kaliyakunnavare,Negative,3
Ee Saturday Padam Kodi. 10 days = 100 crore,unknown_state,1
Poli oru rakshayum illa pakka hvy Ithu blockbuster adikum ikka marana mass aane,Positive,0
Adipoli.... Morning 180k likes ondarnath ipol 120k ollalo.... Entha ikkafanse ithu??!!,unknown_state,1
Ammo Porichu.... Ithu kidilan,Positive,0
A10 nte oru marana mass guest role aarokke kandu,unknown_state,1
Lallikkka polich eee...kanditum kandittum kodhitheerunnnillla...ante vismayameeee,Positive,0
Tovino kku Rahul Gandhi ayitt similarity thonniyo...,unknown_state,1
Ouru Lúcifer erangi athe polle thanne enni kore padomm erakuum myrreeee,Negative,3
cattepoya ninde chettan cheguttan lasaralla lusifarmatan vannalum raja cup konde poku,unknown_state,1
ayyoo mohanlal sangiallleeeee... poyi chawada kalla cummi a,Negative,3
Unniyettan first ..jayettan fans like podu!,unknown_state,1
Virus trailer kande evide vannavare undo,unknown_state,1
Arekilum sradicho trailer Erangia divasam 184 Likes undairunnu.pakshe Eppo Engane kuranju🤔.,unknown_state,1
18/11/2019⃣ is anybody here,not-malayalam,2
Wow from tamil nadu sarey kola massu,not-malayalam,2
Hammme poli lastathe aa scene kidu... Frames,Positive,0
Ettan fans Ethra per ee padam kanan pokum Ettan ishttam,Positive,0
Naaanavum maanavum undoda ooolakale trailer verunathinte munb Thane degrade cheyaaan.,Negative,3
Apo athum potti .. aaaa pratheekshayum poyi,Negative,3
Uff ijjadi item romanjam ikka fans like adich polikk,Positive,0
Average padam....2nd half thalli neekkan petta paadu,unknown_state,1
Seems to be an interesting movie ikka,not-malayalam,2
Mamookade kore naalathe flopkalk shesham oru predeeksha ulla chithram Ith pwolikkum #haneesadeni,Positive,0
Once A king always a king,not-malayalam,2
BEGINNING OF THE OIL ERA IN DUBAI (HISTORY),not-malayalam,2
Ethu njan etho English cinemayil kanditundu.... Peru ormayilla.,unknown_state,1
Ertti madhuram on ikku's bday..god bless ma ikkuhappywala bday ikku,Positive,0
Dislike koranjallo...athum njgal mammooka fansinte auto disliker aanennu para..,unknown_state,1
Njan oru lalattan fan anagilum...... raja maaass akum..... urappppuuu.....,Positive,0
Christianikal kidayil oru peru L U C I F E R,unknown_state,1
Katha manasilay Tv il varambam kanam,Negative,3
What did happen to Cheramana Perumal Tajuddin?,not-malayalam,2
ithaanu A10...hatersinte vaayil adichu kayatiya adaar item...Lusifer,Positive,0
Chechi kaanaan Vendi maatram keriyavar... Lyk adichit pokaan marakkalle.... Chechi ishtam,Positive,0
Romanjam ikka predhikshichadh pazham kanjiya but kittiyadh biriyani powli...,Positive,0
E padam pottan chance undu....TIYAAN movie orma varunnu...murali gopi alle script....kandariyam,Mixed_feelings,4
Anna Ben Performance Vera Level,Positive,0
Katta waiting Perunnal pole aaai ee divsam Ikka minnichekkene,Positive,0
Enn a polle ethraper prarthikunnu ettante jodi manju avalle enn,Mixed_feelings,4
Sound modulation Indian cinimayil mammookka athu kayinje vere aarum varathullu..,Positive,0
Ufffff..ejaadhiii..lalettann rdjile edjelum oruu svene e jenmam vheyaan patilaa..trailer kandd karayunundaabumm ettan and ettan fanss,Negative,3
Ee onam njan ingu edukkuva.... #Lalettan,Positive,0
Kavya film company perinu Oru gummilla...,Negative,3
6.8M kazhinjal record views aanttaaa,unknown_state,1
Padam kand kilipoyitt ivede vannavar undo... What a movie....,Positive,0
Ithu dislike adicha pookavadi makkalodu onne parayan ullu,Negative,3
Like 104k Views 17k ??,not-malayalam,2
Adipoli set move ayirikum .....a10 thagarkum,Positive,0
Njan oru ikka fan alla Pakshe ente romam vare ezhunnett ninnu apaaram,Positive,0
Dislike adich kali makkale..... Athre ninneyekkekond pattu....,Negative,3
Mammookka look and diolouge uff... Oru rakshayum illa,Positive,0
ente ponnu....endb item aaan...he he ....ikkka...romanjjjjjjj,Positive,0
AKSHAY P R bhavi #nadan nammada #chunck 0:21,unknown_state,1
1:39 .... bhaaki ullarakh ath punch...njangal wwe fansin ath superman punch!!,Positive,0
Theatre baaki undayal mathiyarunu...ente laletaaaaa....ingal vere level aanu man,Positive,0
Mammokkade pillerk vendiyulla like button,unknown_state,1
Ikkaye kanan vendi mathram trailer kandu..,unknown_state,1
Ente mammooka ninghale mass alla Marana massum alla Pakshe ninghal kolamass aanu ikka,Positive,0
Ennikill Oru 10 like ikkaye istamulvar please,unknown_state,1
Vyshakinte pagill ettal egane ya views thonne kittuka valiya chanalil alle edendathu luciferne pole,Negative,3
#LUCIFER IS #MAMMOOKKA FAN,not-malayalam,2
Govt school pillar ku like adikkan ulla place,unknown_state,1
Dileepettaaa...last dialogue Karayippichallo... .5 second Lalettan kazhinja dileepettan aanh full senti,Positive,0
KATTA WAITING... LIKE CHEYYYYY,Positive,0
Njan matramanoo trailer il prithviraj ne kandanthu. . . . Kandavar like adiche..,unknown_state,1
Camera work kolam Bgm set onum athra pora,Mixed_feelings,4
Ithrem dislike adichavar malayalikal aagan vazhiyilla,Negative,3
Ith nice aakum.. sure aanu,Positive,0
Ethu polikkum makalle. Our king is back,Positive,0
Evde Asif Ali Evde... Kandavar indo?,unknown_state,1
5 minit koodumbo views koodunnundonn nokunnath Nan maathramano,unknown_state,1
Padam moonjiyathinu shesham ethra peru vannu?,unknown_state,1
Mammookka fans TVM undengil Like adi.,unknown_state,1
Laletta Ie thanne njangake vendiyirunnathe nigale egane kannane njangake ishtam,Positive,0
Eppola video song erangunnathu katta waitingaanu,unknown_state,1
Mohan lal fan from tamilnadu,not-malayalam,2
Angane 70 vayassulla vridhan schoolil ethiyo?,Negative,3
Ithil mammukka guest roll aanenn ethre perkk ariyaam,unknown_state,1
Enta mone ikka vere level Lalettan fansinte abhivadyangal,Positive,0
Awesome . lalettan mind blowing Raju kidu snap,Positive,0
L 2 LOADING KATTA WAITING LALETTA,Positive,0
Sunny chechiye kanan Vannavarkke like adikanulla cmnt,Positive,0
Theaterukal origiko June 16 house full perumazayayirikum,Positive,0
🤣🤣🤣🤣🤣🤣 tovinok nadakkoola eee pani police pani cherunnilla soundum dressing onnum,Negative,3
Ikka hvy vere lvl trailer,Positive,0
mmale naattil degradarsinu oru kaalathhum kammi undaakilla...athaan nammala naadinte main shaapam,Negative,3
Kuthiyirunn dislike adikkand,Negative,3
WATCH THIS SURE EVERY KARIKU FANS WILL CRY,not-malayalam,2
Mammunny avide 5million kond erikkuva,unknown_state,1
Lalettan ithu thakarkum.... Prithviraj great job.....,Positive,0
Mammukkayude kude raju vettan venamennu aagrahikkunnathu njan mathramano..,Positive,0
Nalla story aanel vijayikkum trailer average,Mixed_feelings,4
ikkadae pullarkk like adikkanullaa nooll ninga adicholi padam kidloviskii,Positive,0
Padam oru horror movie akkamarnnuuu kaanunnavar koodi pedikanarnu,Mixed_feelings,4
entha ....pariya ikka polochu,Positive,0
:13- aa car’nu vare oru charivu kando... ethu pakka lalettan padamane...,Positive,0
Nammude mutth veedum vannu polikkum muthe,Positive,0
Friendship dayikk oru cake medichu kodukk #fresh fresh...,Mixed_feelings,4
tovino mass avum ennu urappullavar ivade come on,Positive,0
Lalettan fan anu Ikka poliyanne. Full support,Positive,0
Padaaam oruuu variety annuuu annnuuu tonnuunnavr like adichaa,unknown_state,1
173 k likes 173 k views,not-malayalam,2
Trailer kollam Amita prateeksha venda,Mixed_feelings,4
Oru nanmma niranja film..kurachu lag und ..,Mixed_feelings,4
Ikka allande aarndeda ingane okke,unknown_state,1
Kandu padik shree Kumar menone anugal film direct cheyunath,Negative,3
0:53 il prithirajije kandavar adi like,unknown_state,1
Ith polathe oombiya trailer njan kandittilla patti okki surajinte appante soubinte pooru,Negative,3
Ikkaane ishttapettavar enta channel subscribe cheyyuka,unknown_state,1
Ith malayalam movie thane ano ijathi making,Positive,0
Best Actor,Positive,0
Lalettan fb live vannapol paranja vaakkukal ellam sathyamaakunathu pole,Positive,0
Raja come back katta waiting,Positive,0
Ente ponno kidukki Rajueattan 🤩 fans nte vaka ellaa vidha aaashamsakalum nerunnu.,Positive,0
Ethra viewers aayi ennu nokkaaan vannar adi like.,unknown_state,1
Ente rajuvetaa..Enthina njangale ingane romanjam kollikkunne,Positive,0
Dileepettan jailil pokatha oru padavum ippol irangunnillaaa... Irangunnathokke super hitum,Positive,0
Idivett sugunan.. 0:14 kandavar adi like.. #ikka daaa,Positive,0
Long live ikka Long live ettan Long live Malayalam movie,Positive,0
Adipoli adipoli adipoli super,Positive,0
Padam onnu eragikotteda pahayanmare appalekum chelakkan kuthirikunu ororthanmaru.. Onnu poyinada..,Negative,3
Akkanae Kanan Wait Cheyunnavar Like Adichit Poo,unknown_state,1
Pakka mass film...lalettan,Positive,0
First Veiwum Likum adikkan Ready Aayi nikkunathu Njan mathram aano🤘,Positive,0
ethanoo trailer kandapalla enta ammoo bhodam poyi padam moonjiyaa,Negative,3
Ente ethra kali ne kandittundu... Eee odukkathe kali koodii NE onnu kaaanu... Laletttaaaaa,Positive,0
Madhuraraaja kandu super adipoli ellarum kaananam,Positive,0
Spadikam thott ullata ee amma makan combo,Positive,0
Raja tittle ulla mamootty cinemakalellam super aanu 100%,Positive,0
adipoli s,Positive,0
Camera man,Positive,0
is the #MaduraRaja Official Teaser #Raja🤩#Mammookka #April12Release,not-malayalam,2
Polichu laletta lalettan fans like adikko,Positive,0
Enta ponna.... laletta. Nigal masalla marana masss,Positive,0
Pwoli trailer BGM vere level Ithokke kandal mathi ithil ninne manassilakkam box office poorakkadal akum,Positive,0
Awesome,Positive,0
This looks like... Thrishur pooram.,Positive,0
Ee videokk sheesham tovino fan aya arokke und🤚🤚,unknown_state,1
Chunk alla chunk edippanu lalettan like addicho makale,Positive,0
Waiting for the big budget movie Marakkar Arabikadalinte Simgham,not-malayalam,2
Annum Innum Ikkayude Bthday nnu vachal nammal malayalikal ellarum oru atbudama... Vayasulpade tettate malayalikal parayan Matethu nadanundu inganoru pretyekata #Ikka,Positive,0
Ikka fans mathramalla ettan fansum undu...Box officeeee Chaavaan thayyaraayikko ...Mamangam,Positive,0
Ee Movie 1st Show Kananam Ennu Aagrahikkunna Ethra Per Ind ' Eattan Fans Adi Likes,unknown_state,1
1st day thanne movie kaanan aagrahikunnavar like button adich pwolikku,unknown_state,1
Ikka fight lu ottum pinnilottu ninnittillaa...ikka maarakam,Positive,0
Lalettane vellan Indian cinimayil arum ellllaaa...,Positive,0
Ee sinimayile mandatharam kand pidichavar mass,unknown_state,1
Ithu 100 core klubil kerumennu urappullavar like adilk,Positive,0
tamilla daping seithu vidunga da nalla padama irukke,not-malayalam,2
MadhuraRaja blockbuster aagan Madhurey hero Vijay Fans ente Aashamsakal....,Positive,0
Canadakk pokan irikunavar ivde like adik,unknown_state,1
10 nil kooduthal trailer kandhavar like adi,unknown_state,1
Ikka yude fitness at this age...vere level,Positive,0
Mamukayude bramanda thandavam njan kande.... adipoli,Positive,0
Trailer erangan 1 manikoorinu munpae 3k dislike... Nth tholvikal aano ntho.. kanditu vilayiruthu suhurthukalae.,Negative,3
Nalla parungada trending no.2 la thaan iruku,not-malayalam,2
Aghu madhurayil ninnum keralathilekk raja varunnath chumma povan alla,unknown_state,1
Vijay annan : ivane eni valaran anuvadich kooda.. Ivanum naad rakshikkan thudangi..,unknown_state,1
renddunda oru venda.,Mixed_feelings,4
ഒടിയൻ polee avilllaa urapppa lalettaaa pwolich onnum parayanillaa,Positive,0
Trailer aaya engane venamEthrem kandapole film kandolan vayya,Positive,0
GLOBAL ICON THALAPATHY FANS WISHES MAMOOTHY,not-malayalam,2
IDI movie orma vannhavar adi oru like,unknown_state,1
Athoru valiya kadhaya mone...paranju thudanghiya ori paththu nuppathu kollaththe charithram parayendi varum.....uff ejjathi.ikkakatta waiting,Positive,0
Enda ponno mass padam i like it mostly,Positive,0
LastE one minute romanjification.... ente laletaaaaa....,Positive,0
Zayed masood und enn arinj trailer kanan vannavar like cheyyuvo,unknown_state,1
Rajuvettandhe direction vere level aayirikkumennu trailer kandappo manasilayi...#romanjification,Positive,0
ande ponno kili poi trailer kanditt,Positive,0
Oru rekshellaaaaa thakarppan Pwoliii item,Positive,0
vandiyil vanu iragana scene oru reshayam illaa bgm,Positive,0
POWER OF MEGA STAR,not-malayalam,2
Ittimani kanaan arokke plan ittu.katta waiting,Positive,0
Enth potta trailer aanu... Chumma mass ennu paranjittu karyamilla.... Trailer verum waste. Cinema enkilum nannaya mathiyarunnu,Negative,3
Realistic thanne porallo namukk Edakk mass varatte Tovi,unknown_state,1
Teaser undakkiya manekkedu theerth Poli Vijay level ilott povatirunna matiyarunn,Mixed_feelings,4
Pulimurugante kurachu scene copy adichu nice aayittu,unknown_state,1
Ithaan ikkane megaaastar aakith Ikka uyirrrr,Positive,0
Malayala cinemayude charithram mattan deric abraham june 16 ethum,Positive,0
Padam polikkum.pakshe bahubali pooloru padavumai compare chayyatheda mandanmaare,Mixed_feelings,4
Engane ulla filims venamm..kooduthal mass onnum venda... Simple but powerfull..,Positive,0
Triple strong kkaaar okke evideyanavo?entho?oru vivarom illa?,unknown_state,1
SC .khan ....add me :),not-malayalam,2
KGF nte oru feel kittya poole,Mixed_feelings,4
Appo booking eppalannu start aavane 🤩🤩🤩🤩,Positive,0
Climax koodi kaanichirunenkil padathintey review parayarunnuu,unknown_state,1
Dislike adichavanmar kku vere pani onnun ille avvo,unknown_state,1
Lal ettan fans evide adik likeadutha hit loading aann makkale,Positive,0
summa athruthilla mammokka... tamil fan.... ungale romba pudikkum,not-malayalam,2
bhai mza aajayega dekh kat great movie,not-malayalam,2
Marana mass ikkkaaa,Positive,0
Christ nagar il padicha piller ivide like adi...,unknown_state,1
All the bst mamukkaby katta lalettan faan,Positive,0
#1 karikku kondoyi ketto. Sed,unknown_state,1
Mass Ennu paranjaal patoolla kola mass aanu Lalettan and Prithi,Positive,0
Ikkayodu muttan inniyum valaraanund palarum 🥰🥰🥰,Positive,0
Waiting... waiting... waiting... waiting.... waiting.... waiting... waiting... waiting...,not-malayalam,2
Still trending no. 1 after 4days,not-malayalam,2
Ettan anthannu kandallo ettan fans hit like,unknown_state,1
Ee onam ettante pillerk ullatha ettante kude ee aniyan marrum kanumenn parajekk,Positive,0
50 k likes in 40 minutes,not-malayalam,2
Dislike cheytha ellaa poorimakkalkum naduviral namaskaram,Negative,3
like mammmukkka fans frm mangalore,unknown_state,1
Sunny chechi ullath kond cinema jayikum,Positive,0
Onnil kooduthal like adikunna option undoooo,Positive,0
Lalettante margamkali traileril kanan wait cheyyunnavar undo?,unknown_state,1
Unni mukudan fans hit like,unknown_state,1
Trailer Varumbol Loke Adikan Nilkunavar Evide like eduuu,unknown_state,1
Nalla movie aanennu thonunu.....vineeth sreenivasan undallo....,Positive,0
trailer ippozhe manassil orupaad thavana kand kazhinjavar like adiche...,unknown_state,1
Mammookyde oru padavum fdfs kndttla.. ith FDFS locked,Positive,0
Above 250 cr collection kittum ennullavar ivide come on,Positive,0
Brand new Bmw il vannerangum ennu pratheekshichu,unknown_state,1
Ei padamonnu erangikkottay athenu mumbay ningalu thallallay,Negative,3
Pulimuruganae polae kidu bgm venamayirunnu.. katta waiting..,Positive,0
Urakkam nashtappettu Ith pinneyum kaanan thonnanu,Positive,0
Ingalk keralathil ivane allathe areyum kitteele abinayipikan kitteele,Negative,3
Promo viedeo engana kanua arelum paaratu pls,unknown_state,1
Ente ee comentinu like illaathathu aarum tharaathathu kondalla Comment hang aayi nikkunnatha,unknown_state,1
പൊളി ട്രെയ്‌ലർ ലാലേട്ടൻ & പൃഥ്വിരാജ് This deal is with the devil.... Pwoli.... Can't wait....,Positive,0
Oru rakshayumilllaaaaa katta waiting for the movie,Positive,0
marana mass Lalettan From Tamilnadu,Positive,0
Aamaye vellathil mukkikkollunna inam. Hareesh kanaran rocks,Positive,0
Good Luck Prithviraj And Lalettaaa Pwlichekkane...,Positive,0
ente channel onnu subscribe chayyammo,unknown_state,1
Mamookante scene oo romancham a scene matram njan vindum vindum kanunu,Positive,0
Kidukkaaachi trailer machoooo ... Katta waitingggg,Positive,0
Mammukka chumma vann ang kond ppyi,Positive,0
Njan kandthan padm but onum koodi kanan thonun.. Ellrkm koodi onum koodi fans show vach poyalocalicut illor evde,Positive,0
Sayico aya villian avale pranayicha villlain..,unknown_state,1
Unlike cheyyunnavark ennte ഹാർദ്ദവമായ നടുവിരൽ namaskaaaaaaram,Negative,3
Adi kapyare koottamani.....box office chattu....mammooka konnu....,Positive,0
Dis like adichaa ellavaarode ettanode vedaaa murugaaa nee theernadaa,Negative,3
Last superman punch pwolich. Ejjathi item mamookka kidukki,Positive,0
Makkale ellavarum share cheyyu like Adi namuk thakarkande come fast,unknown_state,1
Kandittum kandittum mathiyavanilladoooo.... Endutta mothal ithu.... Devil rules Stephen nedumballi rules Ettan rulesssss 🤩,Positive,0
Sawaaaaaari giri...giri... Big fan of Malaiayam Cinema. From Srilanka. Chettan maar Cinema eppothum adi pozi thannaiaya.,Positive,0
81 k views 141 k like🤔🤔🤔,unknown_state,1
Padam kandit vannavar etra Peru und.,unknown_state,1
Eee trailer kanditt dislike adichavan mareyokke sammathikkanam..,Negative,3
Alla chettanmare Mammootty mathramano abhinayichathu Unni patti aarum parayunnille,unknown_state,1
Pokiri raja reloaded Katta waiting Madurai raja,Positive,0
10 timesil kooduthal kanndavar ivde like adii🤩 RAJA Return,Positive,0
DETAILED REVIEW - ENDING EXPLAINED,not-malayalam,2
Bahubali level Movie In Malayalam Industry... Congratulations from Tamilnadu,not-malayalam,2
HappY Birthday One an Only Mammookkkaaa 🥰,not-malayalam,2
ഇത് #Mega star ന്റെ #mega mamangam#,Positive,0
MANY MANY MORE HAPPY RETURNS OF THE DAY DEAREST MAMMOOKKAA,not-malayalam,2
Adutha kettu manakunu. Anu Sitara kavya madavante clone alle. Ee koode abinekunevark onm oru tulli ulup tonille avo!,Mixed_feelings,4
Aju vargheesinte police role ishtamayavar like adi,unknown_state,1
Ente athippaara ammachi ikka ithu engottaaaaaaa,unknown_state,1
Theatoril climax maathram kaanichal mathiyallo eny... any ways good trailor,Positive,0
Enta ponnoo... oru rakashem illa romanjification kond irikanum vaya nikkanum vaya,Positive,0
Kanan pona pooram ini paranju ariyikano,Positive,0
Madhurarajakkum oru trailer undu,Negative,3
Raja Sollarthan Seivan,not-malayalam,2
lucifer kanditt trailer onnoodi kaanan vannavar like adi hvy hvy padam,Positive,0
WAITING FOR THE NEXT BLOCKBUSTER .........,not-malayalam,2
Katta waiting..anna ye kaanan kothiyakunnu kumbalangy nights pwoli love you...,Positive,0
Tamil mohanlal fans hit like here.,not-malayalam,2
Verum olla padam 10 paiseke kollulla,Negative,3
Guest appearenceil enkilm rajuettan ondaya matiyarnu,unknown_state,1
Youtube hang aayi 17 k viewsm 108k likesmraja effect,unknown_state,1
Oru raksha illa adipoli trailer,Positive,0
Poli tovi Chetta oru rakshayum illa marana mass,Positive,0
Lastile superman punch oru rakshayumilla...love u ikka..,Positive,0
Rajuvettan full family aayittaanallo onathinu Lad l mallika sukumaran naayakante amma,unknown_state,1
Kalki fans show kannunavar like adichotovino,unknown_state,1
Lalettan fans undo?? Undengil oru like please,unknown_state,1
Realistic padam kandu maduthu eni korachu mass aakam,Mixed_feelings,4
Ithoke ikkane kondallathe aare komdu pettum,Positive,0
Padchone ithippo rajayude koode ano irngunnad Pani palum pole thonnunnu,Mixed_feelings,4
Average trailer...tiyaan pole akandu iruna mathiyarno....too many dialogues..,Negative,3
oru shortfilm aanu pattumenkil onn kaanuka,unknown_state,1
dislike adicha premukhan markku nanni . asooya,Negative,3
I am waiting katta mass padam Muttila arum,not-malayalam,2
suspense vende enallale Oru gumm ullu enna aa dilaog um aayi Oru sadrishyam,unknown_state,1
Like Like Like Like Like Like Like Like Like,not-malayalam,2
Katta waitinggg marana masss idhaaan makkale heroism🤩🤩🤩,Positive,0
Eattante pooram kazhinjaal...ikkayude kodiyett... Lalettanum mammookkaykkum pakaram vekkaaan aaarumillaaaa....,Positive,0
lalettan maranamass ... rajuvettan claass dirctn... THEATER POORAPARAMBU AKAN INI ENTH VENAM,Positive,0
Mammuka fans hit like Mammukayude meyvazhakam haters kaanan pokunnathe ulu,Positive,0
Karthik subbaraj gave us the old rajani Prithviraj is gonna give us the vintage lalettan. Romanjam enoke parana. Fuckkkk!!,unknown_state,1
Super hit aaavatte .... Frm a lalettan fan,Positive,0
Ithoru nalla trailer aanenn aarum parayum ennitum dislike sammathikkanam... Mass +class,Positive,0
Paat pole alla mone..... Ith polikkum,Positive,0
superman punch is superb,Positive,0
Vellimoonga pole oru padam aanen thonunn.... polikkum,Positive,0
Repeat mode on..... Romanjification ...ettan pakka mass,Positive,0
Iyal malathile super staralla indiakarude muzhuvan stara,Positive,0
Full PIRATES OF CARIBIEN Visuals aanallo,Mixed_feelings,4
Last one punch superman punch madura raja special,Positive,0
Ellavarum marakkuna oraal... Murali Gopy. .. ... Kadhayum thirakadhayumillathe enth padam..,Mixed_feelings,4
Derik abraham vannu pwolii...bgm adaar item!!,Positive,0
Model schoolil padichavark like adikanhulla comment 🤙,unknown_state,1
Ivide nammal kandath oru 68kaarante poondu vilayaattam .....uffff....vere level,Positive,0
Trailer Valare ishtai,Positive,0
Ikka and unni mukundan - nalla combo,Positive,0
Brothers Daykkum Ittimanikkum Ore Pole Wait Cheyyuvnnavar Like,unknown_state,1
Ee dislike addikunnvarode .....onnum paryaanilla.....naldukandal aghikarikaan padikk,Negative,3
Ittichante vaka oru sample hitum koodi,Positive,0
Ayyo innale undayirunna like kuranjallo .auto fake like youtub remove cheythennu thonunnu,unknown_state,1
Massuman manssuman enn prnjatt ethil mass evdre,Mixed_feelings,4
Tovino Die Hard Telugu Fans,not-malayalam,2
Ndhaa ipo indaaye? Ndhokeyaa kande?? Malayalam padam thanne aano idh.ejjadhi trailler,Positive,0
Trailer kanditt pokathe like button adichitt pokane,unknown_state,1
Pulimurukan orma vannu ithu bb aakum sure,Positive,0
Nta ponnu ikkaaee manushyanu age onnum oru preshnavum alaa,Positive,0
Jayasuryakum mass movie chakochan ennavo inji,Positive,0
History of Mammukka kattawaiting and support love u Mammukka,Positive,0
Njn ikka fana pakshe njagalude Ella support um ondakum,Positive,0
valiya Kuzhapam ila baki screen il,Mixed_feelings,4
ikkkayuda padayalikalk like adikkan ulla noolu,Positive,0
Onnill kooduthall thavana kandavar like adi..,unknown_state,1
Njan mammootty fana but lalettan e onam thootuvarum polikkum,Positive,0
Amala paul nte Aadai cinemayum aayi saamyam thoniyavar undo?,Mixed_feelings,4
Bhai movices ka links share karo yaar places guys,not-malayalam,2
Ith orumathiri padam akum allenki kando,Mixed_feelings,4
Prithviraj Sukumaran,Positive,0
Nettoran as Congress guy. 🤐.. kadha manasilayi .. linen taking place of gadhi ....,unknown_state,1
uff malaru tension adichu chakum entha entho..padam irangi hit yennu kelkathe oru samadhanam illa :(,Positive,0
2/5/2019_ samayam : 7:24pm aarokke kaanunnu trailer..,unknown_state,1
Kolakolli enoke paranjaa ithaanu.. Repeat mode ini on thanne aayirikkum...,Positive,0
Mass Marana Mass Stephen Nedumballi yude rashtreeya thervazhchakku ini orazcha maathram katta waiting,Positive,0
Ullaaseetta parupaadi okke gambeeram aakattae keettooo...🤗,Positive,0
Trailer kandu raja polichu oru rakshayum illa,Positive,0
Ellavareyum Vedi vekkunnathum rakshikkunnathum mammootty sir aayirilkkumallo..,unknown_state,1
Ikkada adutha 100kodi ikka marana Mass,Positive,0
Pwolichu lalettaaaaaaa engalu mass anu,Positive,0
Pala padangalude trailer orumich kndapole oru thonnal,Mixed_feelings,4
Njan lalettan fan aah annal madhurajakk vendi waiting aah,Positive,0
Release nu shesham trailer kandavar like adikk. Enthokke aarnu....,unknown_state,1
Double roll undo... ennoru thonnal,unknown_state,1
Dileep fans hit like for mammookka,unknown_state,1
Rajappanod pokan para....njangalkku njangade stephen chettan undallo,unknown_state,1
Fight illatha lalettande aadya padam .,unknown_state,1
Behenchood kutey saleey illuminati kay 2 takey kay kutey....Lanat iblees par Lanat Lucifer per,not-malayalam,2
Iyyalkke rest cheyyanulla time aayilla.. kanda oola padagalilellam abinayiche vila poi paavam..,Negative,3
Sir Telugu lo daping chesi riliez cheyyandi,not-malayalam,2
Enna kidu bgm ahnu ikka,Positive,0
Dislike adicha guhanolikalkk...നടു വിരൽ നമസ്കാരം,Negative,3
Scripwriter Harikrishnan: Mass Director VAShrikumarMenon: Pakkamass Lalettan: Maranamass🤩,Positive,0
Adipoli mass superb kidu mammootty polich ____mass aayitund trailer pakka poli,Positive,0
Trailer nalla iruku but onnum purila.. kerla green,not-malayalam,2
Happy birthday EKKA MEGA FACE OF INDIAN CINEMA ONE AND ONLY MAMMOOTTY,not-malayalam,2
Asooya paadilla. Abrahaminte Santhathikale ivde kandillallo? Thallu aanenkilum ithupolonnu ethikk. Ennit ivde vaa :,Negative,3
Trading no 1 . Ikka,not-malayalam,2
Ettavum kooduthal like kittiya comment akkanam ithu,unknown_state,1
Ayee....orumathiri oru Tamil kathii padam pole indu.....,Positive,0
Ningal kaynhe ullu vere oru nadan,unknown_state,1
Kali benda mwone ikka mess aane,unknown_state,1
Poli annu kidu annu mass annu pine,Positive,0
Evante illuminati theernilleyy deivangaleeyy sukumaran saruu kanandaa...thinnu kalayum nine..,Negative,3
Kanditte ishttayillel cash ennode chothicho. Laletta still love uuuuuuuuuuuuuuuu. Prithvi thakz .......,Positive,0
Pwliii...mass ith pwlikkum raja ennum raja thaaan..,Positive,0
Fastest 100k trailer laletta ingal poli,Positive,0
Theatril cinema kanditu vannu kanunavar like adichitu pokuka,unknown_state,1
Njan oru ikka fan aanu # but eatta powlichu vere level# katta waiting Oru palakkadkaran,Positive,0
Promo kand ivide vannavar okke like adikk,unknown_state,1
Poraaaa.. Luciferne tholpikkan ulla mass onnum illaaa..,Negative,3
Sohan sinu lal undallooo Appo eee padavum......,unknown_state,1
Feels like ‘UnniMukundan is the Hero’,not-malayalam,2
Nalla oru movie aakatte ith Enthina veruthe highp koottunne,Mixed_feelings,4
Etinte camera man super Annu big salute,Positive,0
mohanlalinte mikka movies kanunnathine kattiyum nallathu athinte trailer kanunnathanu anu,Mixed_feelings,4
Onnil kooduthal thavana ee trailer kanda mahanmar undengil adi monne like....njan ulpede,unknown_state,1
Njn oru ettan fan ahnu.trailer pwolichuttoo ikka superr abhrahm pwolikm,Positive,0
Lattente dilog eshattam ullavar like here,unknown_state,1
mammootty anna telugu ārādhakar iviṭe iṣṭappeṭunnu,Positive,0
Thudakkam kandittu Jo Jeeta Wohi zikandar Orma vannavarundo? Amir nte Modal School,unknown_state,1
Padam kanditt vannu trailer kaanane ethra perundu..?,unknown_state,1
Oru mass padam....... congrats Murali Gopi and prithviraj.... you guys didn’t disappoint us.,Positive,0
Yedaaa Mamooty mayirae....'Lucifer' Mass'u ninaku orukilum kittaadhu thendi..,Negative,3
Lucifer yenna filim kandu. Athinte aniyara prevarttakar paranju perippichathupole oru bhayangara sambhavam onnum alla 2 manickoor boradickathe kanam,Mixed_feelings,4
PRITHVI & TOVINO 🤩Ishtam LALETTAN allah... parayanundo Peruthishtam......,Positive,0
movie kandid veedum trailer kanunnavar undo,unknown_state,1
happy birthday to my idol mamookka! luv u ikka,not-malayalam,2
Kalakkan movie..... Fight & background music... Okke Vera level......,Positive,0
Njaan ithuvare malayala സിനിമയിൽ ഇങ്ങനെ oru trailer kandittilla,Positive,0
Kandu njan kandu sunny chechiye njan kandu,Positive,0
Kuttan pillayude sivarathri ormavannar LIKE Adi,unknown_state,1
Ejjathi. Trailer..!! MAMMUKKAAAAA 🥰🥰 🥰 ...Padmakumar nigal vere level aanuu.,Positive,0
LOTS OF SUPPORT FROM VIJAY FANS,not-malayalam,2
YouTube vare hang aaki ikkede piller,Positive,0
entammo english trailer kaanunna feel.. ith polikkum,Positive,0
Oru rekshamilla makkalee...... Varunnath oru onnonnara varava.. This deal is with a Devil,Positive,0
1min 33sec scene il Prithviraj Alle athu 🤔,unknown_state,1
Sudeep all the best. Trailer kalakki machanea apo padam powlikkum.,Positive,0
Dislike tarunavanmarku enthe naduviral namaskaram,Negative,3
ikkaaa vere leval anuu .... i m waitingg for madhura raja,Positive,0
Just waiting lalettattan mass. Kolakolli item,Positive,0
Prithvirajinte character poster kanditt ... Trailer onnode kaanan vannavar undoo??,unknown_state,1
Gambeeeeeeeeeeram.,Positive,0
E negative commentsitta ella oolakalkum kadutha asooya matram...athinithuvare marunnu kandupidichittilla,Negative,3
Ith polikkum,Positive,0
Njan itrayum oru cinemayude trilarin vendi kaathirunnittilla,Positive,0
Ettan fan aanu Mamankathinayi katta waiting,Positive,0
MAnju variyar ullathu kondu oru pedi pottumop,Mixed_feelings,4
100cr clubil kerunathinte report kathirikunavar addi like,unknown_state,1
Lucifer na pola marana masss avatte ennu aashamsikkunnu by an ettan fan,Positive,0
Eppol time 5:50am 2000 view koodi kittiyalll 2million aakum....enthoru pookku...ithu Ella recordum pottikkum,Positive,0
headset vechu kandunokk oru onnantharam kidilolski,Positive,0
Pirates of the careebian kandavarkku othu koodaanolla nool,unknown_state,1
Innanu film kanan pattiyathu... Mutheee lalettaaa.... Superb....,Positive,0
Ittymani fansin pokunnavar ivde like chey,unknown_state,1
Madhura raja vijayikum ennullavar like adi,unknown_state,1
Trailer Releasinu munne 6k dislike itta ella punnara malarukalkum nadu viral namaskaram.... Chettakale,Negative,3
1:01 raju ettan as zyed masood,unknown_state,1
unlike adicha ella oolakalum ivide thanne kaananam tta,Negative,3
oru nimishathekk bigbossine oormavannathu enikku maathramaano?,unknown_state,1
Dislike adicha oolakal odikooo.... Heavy trailer!!,Mixed_feelings,4
Lalettante Aniyan aayit Prithviraj thanne aano ennoru doubt 🤔,unknown_state,1
Nte ammo oru rakshayum illa pwoli,Positive,0
Oru rakshem illa Marana Mass,Positive,0
Njangalude muthanu ingalu laletta..... Lub u Etta......,Positive,0
Eppozhum views koodunno ennariyan vendi varunnavar undo,unknown_state,1
1 il kuduthal kandavar like hear,unknown_state,1
Age in reverse gear.. Ennu parayunnath verthe alla ikkaa..,Positive,0
Kochi polee tirssur gundakaludee place aakuoo cinemakarrr.....trailer kollam...,Positive,0
5 million ayo Ne nokkan vannavar Ethra Paru Nde,unknown_state,1
Madhura raja vs lucifer WAR in kerala,not-malayalam,2
I'm proud to be I'm a prithviraj fan. I'm from tamilnadu ne va thala,not-malayalam,2
Ith 100 kodi adikum enn urapuulavar like,unknown_state,1
lalettante lucifer tailor ishtayavar ivide like adiìiiiiiiiiiiii,unknown_state,1
nenchinakathu nammude lalettan aneee,Positive,0
Unbelievable.. its Awsm .. laletta .. direction Rajuvetta,Positive,0
Ippazhum ith kanunavar ivde like adi,unknown_state,1
Super star aakan pattiya aaal. Tovi the mass,Positive,0
Movie katta waiting lalettan fans ee video koodi onn like chey tamil nadu koodi ariyatte Link:,unknown_state,1
Trendingil 27 Evide ikka fans Come on fans,unknown_state,1
Ithu kandattuu peruchazhy ormavarunnu... Athupolle avathirunna mathiiiyeee,Mixed_feelings,4
Sathykatha anthannu vacha kandittu angottu mathivarunnilla,Positive,0
റിയൽ viewrs till 1.8 ano ഇപ്പൊ??,unknown_state,1
2017 = puli murugan 2018 = kochunni 2019 = mamangam,unknown_state,1
Kure paavangal pedichu virachukond dislike adichondirikuva ullil bhayam und nallonam.. ettante varavine bhayakunnavarde ennam koodunu..,Negative,3
hooo koritharipp romaanjam ulpullakam entammo adaar trailer,Positive,0
Let's vote LUCIFER - like MADHURA RAJA - Comment,unknown_state,1
Sathyam parayanallo trailer vijarichathra angudu kalangiyilla....nnalum all the best,Positive,0
avasaanam ODIYANDE oru honest review kandu. Cheytha chettanmaarkku naani :),unknown_state,1
All d best from d BOSS darshan fans from karnataka,not-malayalam,2
Tovino macha ningalude time anu... adi thimarkku... bai... cutta support,Positive,0
Mamangam trailer kandittu ivde vannavarku like adikanulla comment,unknown_state,1
Oru like enikkum tharuo.....ikka uyir.love u ikka,Positive,0
Nadaka dialogue pole undallo avasanam filmum nadakamakumo.,Negative,3
Trissur pooram mathramalla nalla terror gundayisom ulla naadanu trissur ennu arkelum ariyo?,unknown_state,1
Dislikes adikan vendi mathram koree naarikal... Adiyeda adi... Ninneyokke thookki adikkaa tta,Negative,3
10 million aayyonn nokkan vannavar indo,Positive,0
Odiyan Release inte Ann harthal vechekunavan marude muhath nokki onnu kodukan thonniyavar Like Adi,unknown_state,1
Allah ath nammade bilal ikka alle,unknown_state,1
Ikka muthaanuuu...luv uuubut rajuetta ningale miss cheyyunnu,Positive,0
Prithviraj undonnu nokkaan veendum vanna njn..,unknown_state,1
Sunny leon undo enna poyi kananam,Positive,0
Vegam 6 mani ayal mathiyayirunnu .katta waiting lalettaaaaa,Positive,0
Dislike adikkan vendi Kure Peru keranindalla,Negative,3
Marana waiting masssss,not-malayalam,2
Laletta ingane wait cheypichu kollalle...vegam vaa ingadu,Positive,0
Support from ettan fan.... Ikka mwth aanu ....,Positive,0
Edakida etra million ayi enna nokan varunavar onnu like,unknown_state,1
Ith pwolikumenn urapulla ikka fans like adi,unknown_state,1
History of Mamangam in Malayalam,not-malayalam,2
Ente ponnu ettaaa ningalu njngale romancham varuthichu kollum,Positive,0
Unlike cheyyunavarde annakkil adich kodukana item,Mixed_feelings,4
LAST DRUM SET KOND KIDU AKKI,Positive,0
kand kili poyavar adi like what a editing,Positive,0
Enta ikka........ningal njangale ingana vismayippikkalle ...,Positive,0
Namude swantham mammookkayk lalettan fansinte vaka asamsakal..mamangam nalloru thirich varav sammanikatte.. trailer kidukiyitund,Positive,0
Ikkayude mass perfoamnce kaanan Kothichu Etra naalayi..Waiting april 12..Raja,Positive,0
Assassins creed game um undo cinema ill,unknown_state,1
It’s amazing vere onnum parayan illa,Positive,0
Helen aa freezerill kudungan karanam avlode onn allenn chodikkan paranjittutakum alle,unknown_state,1
Dislike adicha sundari sundaranmarude nallathinayi namuk prarthikam,Negative,3
Madhuraraja yude teaser ithinte ezhu ayalathu ethiyilla ennathanu satyam,Mixed_feelings,4
njaan ippo oru 83 thavana kandu,Positive,0
Pakka poli Nigal entha manasilakiknath keraliyar k buthiyillalae thani thedrit pakka fillm Thani poli film,Positive,0
Sohan seenulal ne kandathode mood poyi,Negative,3
Oru kgf kanda feel......🤩🤩🤩🤩🤩🤩🤩🤩🤩tovi machaan verey level aah........,Positive,0
Ikka is back with a bang.... anybody?,not-malayalam,2
Raju ettan nde films il kaanan pettuna athe cinematography eee trailer il kaanan sathikunnu....,Positive,0
Ith kandit engana dislike cheyyan thonnane? Sambhavam kidu aait undallo,Negative,3
5 million views aavum ennu urappullavar like,unknown_state,1
Super trailor katta ikka fanaya എനിക്ക് വരെ romanjification,Positive,0
Jeyettan massa kola mass ennelum onnu kananm nnud,Positive,0
Enthokke paranjalum mamookaye vellan aarum illa. Eni aarum varukayumilla...if u agree like.. allenkil karanam comment cheyy...,unknown_state,1
24k dis like adichavar ithrayum mandanmaro,Negative,3
Jeevithavumaayi bandapett kidakkunna movie aayathu kond trailer kaanumbol vallatha oru santhosham battalion police kaarude real life aanu parayunnath,Positive,0
ikka oru rakshayum illa ajathi item,Positive,0
Woah!!kidu TrailerMammukkaaThis Eid z awesome,Positive,0
Ufff aaa.. Avasaanatha ekkauda aaaa kuthhill thanne unde ellaa.... Power figuresum,Positive,0
16 k view 48 k like appo youTube veendum hang aaayalle...,unknown_state,1
Enteeee moooone kidu kidu last aah adi kandappoo killi poi angna poyavarkk lik adikaaanulla sthalam,Positive,0
Ithupolathe kidilan trailer vannitt katta support kodukkathirikkan pattumo it is very awesome,Positive,0
Laletta va da namku oru kai nokam,unknown_state,1
Maduraraja 4hrs 96likes & 9k comments....Lucifer 2hrs 189likes & 12k comments...ettanodum pillerodum muttan varrale...mohanlalwood,Negative,3
Dq fans unde like adichtt poney,unknown_state,1
Thugs of hindhustan film aahn marakar enn paranj kanikkunnath,Negative,3
Sambhasham ..entho oru kuzhappam polae ...padam poliyum ennu enikku thonunnu,Negative,3
njan nookumbol 17k views and 113k likes Ikkade pillerude power like adikk. . . . (edited because of the increasing of likes),unknown_state,1
Dislikes kandappo kurachu vishanam thonni... Ennal comments vayichappol athu mari... Kure nalukalkkku shesham kanda ettum mikacha trailer......,Positive,0
Ee trailer Anu ippo most comments olla Malayalam trailer,Positive,0
Murali Gopi script oru bhayam...🤔munp cheyta padanglellam....,Mixed_feelings,4
0:40 scene cinimayil Indo kanda orma illya,unknown_state,1
Ikka guest rolla njn kandu film,unknown_state,1
Kidu trailar....lalettan king of Indian cinima..,Positive,0
Rajave. idhu nammal polikum ...inga avide ninno,Positive,0
Kolamass alla Marana mass alla adhukkumeleya nummedae ikka Ikka ki jayyi,Positive,0
Koothara trailer telugu padam pole und,Negative,3
Mamookka was big salute for Lakshdweep,not-malayalam,2
MAjajajJAjJajajJA scene... neee superstarrrr anu! - Timothy,unknown_state,1
Kidu bgm Mamookka yude mukam kanathadil sangadam und,Mixed_feelings,4
Ithine ale teaser en vilikunne? enthayalum kidukki,Positive,0
Views 17k.. likes 100k .. itenda ingne?,unknown_state,1
Theriyumlaa raja solruthu dhaa seyva seyyaradu mattum dha Silva,not-malayalam,2
Ellaaa divasavum kaaannunnavarund avar like ady,unknown_state,1
Super mass I like,not-malayalam,2
Njan ee cinema 28th kaanum.Kanunnavar like adi,unknown_state,1
Mohanlal da .... Vera evan da Love you thalaiva mohanlal sir Frm tamilnadu,not-malayalam,2
David nainan viramikan ulla samayayi makkale...varunnath avante appan aait varu,unknown_state,1
idak idak like van nokunavar undenkil ivde like,unknown_state,1
Epo madhura Raja trailer kande ollu ethu kandappo tharichu poyi. Ettan effect,Positive,0
Nigal polike ikka katta ikka fan,Positive,0
Padam industry hit aakatte ennu oru Lalettan Fan,Positive,0
18ampadi enta schoolil aanu shoot chytha christ nagar pinna njan arun alla gokul cinemayil valla chance undo sir,unknown_state,1
Kola kolli item.. Madhura Raja MEGASTAR MAMMOOTTY KING OF KINGS,Positive,0
Mammukka Yee ishatam ullavar undeggil oru like adichu,unknown_state,1
Ohh avasathe aa idi.....how bhallaatha jaadhi...,unknown_state,1
DASETTENTE ORU PAATU UNDAVANE ENNAGRAHIKUNAVAR ADI LIKE,unknown_state,1
Mohanlalinte best 100 crore film aayirikkum urappu,Positive,0
Lucifer trailor kandit.. odiyante viewsum likeum nokkan vannavar arokke anu...,unknown_state,1
Ee chanelil aano ithra valiya oru cinimayude trailer idunnath Nalla subscribers ulla chanellil ittal porarnno,Negative,3
Ithu oronnonnara allaaaa athukum mele mammookka uff ejjadhii,Positive,0
Entamooo veendum veendum kanan thonanuuuu,Positive,0
the most versalite actor king ikkaa,not-malayalam,2
Happy birthday ikka Happy birthday ikka Happy birthday ikka,Positive,0
Sandarpham muthal enne vareyullaa ella ciinemakalum albhudappeduthiyittulla oreyoru nadana vismayam mammokka,Positive,0
Super heavy amazing Ethil aparam onum parayan elaa,Positive,0
Best wishes Kalki ...... Kalki Kalakkatee ........,Positive,0
All Kerala lalettan fansite ellavida ashamsakkalum.,Positive,0
Ith raja aaa kallykkan vanna eduth uduth kalayum,Negative,3
Aaran manjuvintey bharthavum makalum aayittu veshamitta thaarangal? aarkkenkilum ariyamenkil parayumo pleas?,unknown_state,1
Mammuka & Lalettan they are living legends,not-malayalam,2
Laletan and Mamookaa fan katta waiting for madhuraraja,not-malayalam,2
Status Videos Mathramulla channel aanu,unknown_state,1
Iam tamil but i love malayalam,not-malayalam,2
Engane aada uvve 32K dislikes okke vanne? nammude naatil athrem mandanmaar undo,Negative,3
full support to ikka from #lalettan fans,not-malayalam,2
Yente ponnu ikka ningal oru jinnanu,Positive,0
sadha pichaththi mudhal rocket launcher vere und.. rajuvettan enna summava,Positive,0
Mammukka ithil polikm enu oru katta ettan fan,Positive,0
Janapriya Nayakante Pakka Family Entertainer Superb Trailer,Positive,0
Kanditt oru naad rakshikal cliché aanenn thonunnu..,Mixed_feelings,4
50. KHURESHI. Abraham khureshi ano udheshiche ettan uyir,unknown_state,1
Reapettt mode..on...!!. Enne ividenn arenkhillum onn kondopoko...??,Positive,0
Sudapikalkku kurupotti aa dislikes kanda . A Hollywood level work,Negative,3
anyone after watching LUCIFER mass ka baap,not-malayalam,2
Mammukka ishttam.. Ith oru kola kolli item aayrkkum theercha,Positive,0
Yaa mone Holywood getup kaathirunnath verthe aayillah bgm marana maass,Positive,0
10sec nice ayittu lalettanittoru nice panikoduthu,unknown_state,1
7.7k dislikes. Athinu vendi enkilum vann trailer kandu views kootiyathil santhosham...,Negative,3
malayala cinema heightsukal keezhadakunnu... innevare ulla cinemakalil ninn vyathasthaamaayi chithreekarikunnu... Proud to us...,Positive,0
Chaanakahinalkathu ulla potimaaankal.. Dislke yethra adichitu kaaryamilla yeriyunna Marathil bhalamundu,Negative,3
Mammokka fans onnum alla. But karyam parayalo trailer kalakki marich,Mixed_feelings,4
Ini parayam muruga nee thirnnada ennu,unknown_state,1
Enthonedai id padakkamo,Negative,3
Njan oru selfi edukkum...ekkkade...kooda ninnu....,unknown_state,1
Oru kidukaachi entertainer aakumennu vishwasam....lalettan polichu...,Positive,0
Myru padam Cash poyii.... Eee kunnakk inganathe padam cheyyathe irunna pore....,Negative,3
Lusifar and madura Raja 100Codi clubil kayaranam apo indiyil atvum valiya indastrey Malayalam film indastrey avum,Positive,0
Malappuram jillakkarude padam. Malappuram jillakkar adi like,unknown_state,1
Trending for 4 days,not-malayalam,2
Ravile thane views likes ethra ayyi enn nokan Vanavar adi like evide,unknown_state,1
Aaah kollam ithanalle school kuttikal... Kandalum thonnum,Mixed_feelings,4
Pwoli pwoli....vallathoru anxietyy....cinema kalakkum enn thonnunn🤗,Positive,0
mammokka madiyokke maatti kasaraan eranginnu thonnunnund. kore naalaayi ingerde maryadhakkolla oru padam kandittu.,unknown_state,1
Ithilum valiya verupikal padam swapnagalil mathram,Negative,3
Katta support .. Surya fans nte vaka undavum ...S37 coming soon,Positive,0
Njn matramano ee trailer oru noor thavanaaayit kand kond irikunne,unknown_state,1
Malayaala sinimayil Mammuttikkaan etharathilulla kadhalaathram nannaayi cherunnath,Negative,3
Padam hitakanulla elements ellam undallo.. Oru Maayavi touch thoniyarunu,Positive,0
Memories inu shesham nalloru triller pratheeshikkunnu,Positive,0
Kore thendikal unlike edand stop cheyyuka,Negative,3
Rajuettan itherayum Kalam abhinayikkuka aarnno atho direction padikkuvarnno,unknown_state,1
Madhura raja wait cheyth irikunavr adi like Ippo thanne oru 5 pravishym engilum ivide vannu nokiyavr aarokke und,Positive,0
Ek no movie h bhai log dil khush ho gya esa lag raha tha movie khatm hi na ho,not-malayalam,2
I'm Kannadiga I also like Malayalam movies,not-malayalam,2
Ee padam athrakku super hit aakoola..aalukal nalla thakarpan story aagrahikkunnu athu ippozhathe moovi kalil illa,Mixed_feelings,4
prebhakaraa....... thilakan.jpg rename file as ikka.jpg,not-malayalam,2
Nxt trending is karikku 20 th eppisode soon,not-malayalam,2
0.15 etha ah chulllan...nte mammmookkka on onn nivrnn ninnl chuttum illeth onnum kanan pattlettooo,unknown_state,1
Oru horror okke aarnnu pradikshiche ... Or a villian dominating psyco movi ... But... Ennalum padam polikkum...,Mixed_feelings,4
Mamangam. =. Like Syeraa narasimha Reddy. = Comment,not-malayalam,2
Dialogue presentation pora bakki ellam kollam,Mixed_feelings,4
Ee onam njangal ing edukkuvaa..... ee ittichan...,Positive,0
Mammookka Fans Repeat adichu Video kaanu,unknown_state,1
#JUNE 16 #KATTA #WAITING #DERICK ABRAHAM,Positive,0
Failure anu nalla mammokka movie kandu varashangal ayi....,Negative,3
Ingerk ethra vayas aa nna paranje??,unknown_state,1
Dislike adicha myrenmark vendi like adi,Negative,3
Padam kanditt trailer Kanan vannavar like adii narkotic is a dirty business,unknown_state,1
0:44 - 0:46 Siddiquie behind laletan,unknown_state,1
MATHUKUTTY XAVIER 🥰 POLIYEEE....ANCHAL SET AAYEEEE,unknown_state,1
Ikkaante pilleer onnu othu pidiche namukkid 15 million wiews aakanam,Positive,0
Lucifer KGF super duper edit,not-malayalam,2
Moonnam divasavum trending no:1 Ettan,Positive,0
Orru onnonara range padam aahntaa ee padam,Positive,0
Hindukkalkku mahiravanan Islamil avane ibilis ennu vilikkum.Christianinkalkkidayil avanu oru nereyulla.LUCIFER!!,unknown_state,1
Romanjification Mammookkaaaa ingal vere level annn mammookakk koduthe makkale oru like,Positive,0
Eth 300 cr. Ethanam ennullavar like adikk,unknown_state,1
‍ Venda kutta uruttam Aaah pwoli Background music,Positive,0
Padam kandavar ivide kayari comment adike,unknown_state,1
ORU CINEMA KAYINNE ERAGEYTHE POLE!! MASS !! KATTA WATING!!,Positive,0
Margamkali Malayalam Movie Review | Vibes Vision,not-malayalam,2
192k views.. 190k likes.. 19k dislikes..🤔🤔,not-malayalam,2
Athulya fans ivde like adi !!,unknown_state,1
Nale promo video song eranguvanne..kavya filims chanalil,unknown_state,1
Madurarajayil pritwiraj undairnengil onnu koodi super avumairunnu,Mixed_feelings,4
Mamanga maha makamstarting this Nov 21st,not-malayalam,2
Innevare kandattillatha vere level item .,Positive,0
Ith 5 million aaavunn ullappullavar adi ivide like,unknown_state,1
Teaser valere adhikam pradhisha nalkkunnu,Positive,0
Ayyo kadha manasilavunnud aval freezer l kudughuvalle,unknown_state,1
I'm From Manju Warrier Native Kanyakumari,not-malayalam,2
Laletta,not-malayalam,2
0:40 indian flag ulta hai,not-malayalam,2
Jimittukal karanju chaakum athum tripple strongil,Negative,3
Ithano aa cheriya movie pattikallae,Positive,0
Enthu kanichalum njangade lalettante pakuthi varumo niyokke,Negative,3
Nalla padam aanu enthinu aanu thallu padam ennu paranyunne nn mathram ariyilla.nalla degrading ind,Positive,0
Give me good reason aah dialogue Parayumbol sidil nilkkunnath prithvirajalla,unknown_state,1
Happy b dy ikka malappuram ikka fans like adikk,Positive,0
Our #Mammootty #BOLLYWOOD Fans Like kardho yaar,not-malayalam,2
Where is Raju ettan ... Angeru illandu enth padam ..,Mixed_feelings,4
Kozhikode model school innum marikkaatha vikaaramaanu geevithathil...,Positive,0
ethinu okkae dislikes adicha chila prajanda kunju ghalodu enikku etrae parayan ullu odada pullae kandam vazhi. Uluppundo ninakku okkae.,Negative,3
Nalla comedy movie aanenn thonnunnu....katta waiting🤗,Positive,0
Can yaman ne orma vannath enik maathraamaano??,unknown_state,1
Wo OF LUCK LAUNCH IN KANNADA ALSO KICCHA SUDEEP FANS,not-malayalam,2
Prithvi massaa.. Ettan maranamass.... Lucifer thakarkumm parishauda annee poyi njan cinema kannom,Positive,0
Trending 1 #mamangam #mammookka,Positive,0
Myru ennu relese ayit show polum nadathit ila aalilanjit ikkane arkum vende,Negative,3
Eid Mubarak mammookka gangster movie song status video,unknown_state,1
Padam pottiyalum first day collection record urappaaaaaa........! Lalettan ki Jai..... Rajettan kii Jai......,Mixed_feelings,4
ICHAYAN DIE HARD FANZZ LIKE ADIKK KALKI KATTA WAITING.....,unknown_state,1
Kore nalk sesha lalu alexine kandalloo,unknown_state,1
Trailer thanne lag annallo,Negative,3
ennum ravile trailer kaanan vendi ezhunelkkunnavr ivde,unknown_state,1
THE COMPLETE ACTOR PATHMABHOOSHAN MOHANLAL #Lucifer,not-malayalam,2
Madhuraraja 1 hour 40 k likes Lucifer 1 min 40 k likes,Positive,0
Suraj vere level soubin ithu thakarkkum,Positive,0
Waiting for mammookka's madura raja from a katta lalettan fan,not-malayalam,2
Machan pandey pwoli aanenn boni parayan paranju🥰,Positive,0
Lucifer-3 hrs 200k likes Mamangam-21 hrs 180k likes,not-malayalam,2
Like ethra aayanne idakke idakke vannu nokkunathe njan mathramano,unknown_state,1
Trailer kollam but Tovinos dilog delivery,Mixed_feelings,4
Trailer last seconds kandu romancham vanavar like adike,unknown_state,1
Njan oru bangali aanu Malayalam theriyale aanalum trailer romba super aayirukk,not-malayalam,2
4k dislikes from Kallayi Khureshi Ab'raam fans 0:50,not-malayalam,2
Uff.....aa last scenile look oru rakshim illatta....pwoli,Positive,0
Kalippe.... by katta lalettan fan,Positive,0
Ee cinema kand kazhinj..... ithinte second part aagrahikunavar like and comment,unknown_state,1
Ikka polichu tto Ikka fans like here,unknown_state,1
mammootty fanse nde vijayasamsakal ...............jayeettan masss kolammaaassssssssssssss,Positive,0
Yentha.. samayam ngatt ponillalloo... .. laalettaa..,unknown_state,1
Tamilnadu Mamuka fans hit like heare,not-malayalam,2
ikka oru raksha illa super waiting,Positive,0
2:18 to 2:20 mala kittan avane kondu nalla koozha chakka theetichal mathi. IDI movie,unknown_state,1
Oru rakshayum illa... adhi gambeeram ennu parajal idhanu namichu,Positive,0
Njn oru katta Ettan fan aanu Ikka pwolichu...All the best from an ettan fan,Positive,0
Dislike kunnamare olupundel poi kettithugi chavda pannikale,Negative,3
Vivek obreoi sound nalla paraichaya arudey sounda aryo arkengilum,unknown_state,1
Malayala cinemaye Indian film industry il uyarthiya mass thriller 'Lucifer',Positive,0
Eee padam hit aavum ennullavar lyk adi,unknown_state,1
Ee movie aduppichu pinnem kandavar like,unknown_state,1
Madhura raja theater poyi kandavar like adiche,unknown_state,1
Ivanittoru poosha angu pooshiyalo.... Ittichan poli kidu,Positive,0
28k dislike okke pullaadaa pull...,Negative,3
പഠിച്ച കള്ളനാ... Like അടി മക്കളെ... Frst time views kandarvar alem like or dislike. Like and viws same same..,unknown_state,1
Mega Maha Mamangam of Indian Cinema...... Proud of you Mammookka.,not-malayalam,2
Moopar ottakka vannad... ottak thanne kond povum.... Raja,Positive,0
Trillernu vandi wait cheydhadh njan maathramaanno,unknown_state,1
Mammooka pwoli Mamanga ulsavam aayirikkum Nov 21nu Katta waiting,Positive,0
Padam kandathinte shesham trailer kannunna ethra perude onne like adiche,unknown_state,1
Ettan ee onam angu eduthu makkale‼‼,Positive,0
soubin fans like adi makkale,unknown_state,1
Ufff poli chekkan kidukki Hbd ikka,Positive,0
Varav kandit padam 8 nilayil pottunna thonnane,Negative,3
Madhuraraja trailer Kand ivide vannanvar likkeee,unknown_state,1
Njn pru lalettan fan ahn.. eee trailer mass ahn.. padam polikkum,Positive,0
Valiya pratheesha illa nalla entertainment aayirikkum,Mixed_feelings,4
Dislike adikkunna kazhuthakalude mukhath adikkunnavar like,Negative,3
Adipoli..... Pakshe oru sankadam ithinte thirakatha undakkan vendi 12 varshakalam parishramicha vyakthik title credit kodukathathil mathrama.....,Mixed_feelings,4
