{"0": 0.4796828543111992, "1": 0.7223880597014926, "2": 1.498452012383901, "3": 1.7664233576642336, "4": 3.361111111111111}